
{
  "data": [
    { 
      "_comment": "Please do not change id here",
      "id": "9",
      "alias": "Envío dinero efectivo",
      "shortAlias": "EnvioDinero",
      "operationType": {
        "id": "MOBILE_TRANSFER",
        "description": "Efectivo Móvil"
      }
    },
    {
      "_comment": "Please do not change id here",
      "id": "4",
      "alias": "RECAR_CLARO_DALLAS",
      "shortAlias": "CLARODALLA",
      "operationType": {
          "id": "MOBILE_TOP_UP",
          "description": "RECARGA DE CELULARES"
      },
      "notification": {
          "notificationDay": 19
      }
    },
    {
      "_comment": "Please do not change id here, its added in detail FO response",
      "id": "18",
      "alias": "DATA JELSY USD",
      "shortAlias": "glomo",
      "operationType": {
          "id": "MOBILE_TRANSFER",
          "description": "RECARGA DE TARJETA REGALO"
      },
      "notification": {
          "notificationDay": 19
      }
    },
    {
      "_comment": "Please do not change id here",
      "id": "115",
      "alias": "Transfer Padre",
      "shortAlias": "TransPapa",
      "operationType": {
        "id": "GIFT_CARD_TOP_UP",
        "description": "Transferencias a terceros"
      },
      "notification": {
        "notificationDay": 15
      }
    },
    {
      "_comment": "Please do not change id here",
      "id": "138",
      "alias": "EFECTIVO MOVI PRUEB1",
      "shortAlias": "EFEMOVIL",
      "operationType": {
          "id": "MOBILE_WALLET_RELOAD",
          "description": "RECARGA BIM"
      },
      "notification": {
          "notificationDay": 0
      }
    },
    {
      "_comment": "Please do not change id here",
      "id": "131",
      "alias": "Pago tarjeta BBVA primo",
      "shortAlias": "pagTarj",
      "operationType": {
        "id": "INTERNAL_CREDIT_CARD_PAYMENT",
        "description": "Pago de tarjeta de terceros"
      },
      "notification": {
        "notificationDay": 5
      }
    },
    {
      "_comment": "Please do not change id here",
      "id": "135",
      "alias": "PAGOS TARJETAS OTROS BANCOS",
      "shortAlias": "OTROS BANC",
      "operationType": {
          "id": "EXTERNAL_CREDIT_CARD_PAYMENT",
          "description": "PAGO DE TARJETAS DE OTROS BANCOS"
      },
      "notification": {
          "notificationDay": 10
      }
    },
    {
      "_comment": "Please do not change id here",
      "id": "117",
      "alias": "TEST007RG67IU",
      "operationType": {
          "id": "INTERNAL_TRANSFER",
          "description": "TRANSFERENCIAS A TERCEROS"
      },
      "notification": {
          "notificationDay": 0
      }
    },
    {
      "_comment": "Please do not change id here",
      "id": "142",
      "alias": "TRANSFERENCI TERCEROS",
      "shortAlias": "TRANSFERE",
      "operationType": {
          "id": "INTERBANK_TRANSFER",
          "description": "TRANSFERENCIAS INTERBANCARIAS"
      },
      "notification": {
          "notificationDay": 3
      }
    },
    {
      "_comment": "Please do not change id here",
      "id": "252",
      "alias": "Pago DirecTV",
      "shortAlias": "Directv",
      "operationType": {
        "id": "SERVICE_PAYMENT",
        "description": "Pago de servicios"
      },
      "notification": {
        "notificationDay": 18
      }
    }
  ]
}