
{
  "data": [
    { 
      "_comment": "Please do not change id here",
      "id": "39",
      "alias": "Pagination3 Envío dinero efectivo",
      "shortAlias": "EnvioDinero",
      "operationType": {
        "id": "MOBILE_TRANSFER",
        "description": "Efectivo Móvil"
      }
    },
    {
      "_comment": "Please do not change id here",
      "id": "34",
      "alias": "Pagination3 RECAR_CLARO_DALLAS",
      "shortAlias": "CLARODALLA",
      "operationType": {
          "id": "MOBILE_TOP_UP",
          "description": "RECARGA DE CELULARES"
      },
      "notification": {
          "notificationDay": 19
      }
    },
    {
      "_comment": "Please do not change id here, its added in detail FO response",
      "id": "318",
      "alias": "Pagination3 DATA JELSY USD",
      "shortAlias": "glomo",
      "operationType": {
          "id": "MOBILE_TRANSFER",
          "description": "RECARGA DE TARJETA REGALO"
      },
      "notification": {
          "notificationDay": 19
      }
    },
    {
      "_comment": "Please do not change id here",
      "id": "3115",
      "alias": "Pagination3 Transfer Padre",
      "shortAlias": "TransPapa",
      "operationType": {
        "id": "GIFT_CARD_TOP_UP",
        "description": "Transferencias a terceros"
      },
      "notification": {
        "notificationDay": 15
      }
    },
    {
      "_comment": "Please do not change id here",
      "id": "3138",
      "alias": "Pagination3 EFECTIVO MOVI PRUEB1",
      "shortAlias": "EFEMOVIL",
      "operationType": {
          "id": "MOBILE_WALLET_RELOAD",
          "description": "RECARGA BIM"
      },
      "notification": {
          "notificationDay": 0
      }
    },
    {
      "_comment": "Please do not change id here",
      "id": "3131",
      "alias": "Pagination3 Pago tarjeta BBVA primo",
      "shortAlias": "pagTarj",
      "operationType": {
        "id": "INTERNAL_CREDIT_CARD_PAYMENT",
        "description": "Pago de tarjeta de terceros"
      },
      "notification": {
        "notificationDay": 5
      }
    },
    {
      "_comment": "Please do not change id here",
      "id": "3135",
      "alias": "Pagination3 PAGOS TARJETAS OTROS BANCOS",
      "shortAlias": "OTROS BANC",
      "operationType": {
          "id": "EXTERNAL_CREDIT_CARD_PAYMENT",
          "description": "PAGO DE TARJETAS DE OTROS BANCOS"
      },
      "notification": {
          "notificationDay": 10
      }
    },
    {
      "_comment": "Please do not change id here",
      "id": "3117",
      "alias": "Pagination3 TEST007RG67IU",
      "operationType": {
          "id": "INTERNAL_TRANSFER",
          "description": "TRANSFERENCIAS A TERCEROS"
      },
      "notification": {
          "notificationDay": 0
      }
    },
    {
      "_comment": "Please do not change id here",
      "id": "3142",
      "alias": "Pagination3 TRANSFERENCI TERCEROS",
      "shortAlias": "TRANSFERE",
      "operationType": {
          "id": "INTERBANK_TRANSFER",
          "description": "TRANSFERENCIAS INTERBANCARIAS"
      },
      "notification": {
          "notificationDay": 3
      }
    },
    {
      "_comment": "Please do not change id here",
      "id": "3g3369m-pnfin4-4ewq0e-a1a3f9-45kmp",
      "alias": "Pagination3 Pago DirecTV",
      "shortAlias": "Directv",
      "operationType": {
        "id": "SERVICE_PAYMENT",
        "description": "Pago de servicios"
      },
      "notification": {
        "notificationDay": 18
      }
    }
  ],
  "pagination": {
    "links": {
        "first": "/frequent-operations/v0/frequent-operations",
        "last": "/frequent-operations/v0/frequent-operations?paginationKey=LAST"
    }
  }
}