{
    "data": {
      "mocks": true,
      "product": {
        "id": "8725781587215",
        "plan": {
          "id": "0034",
          "planType": {
            "id": "044",
            "name": "INDIVIDUAL"
          },
          "coverages": [
            {
                "id": "0046",
                "description": "FALLECIMIENTO",
                "unit": {
                    "unitType": "AMOUNT",
                    "amount": 350000,
                    "currency": "MXN"
                }
            },
            {
                "id": "0069",
                "description": "MUERTE ACCIDENTAL",
                "unit": {
                    "unitType": "AMOUNT",
                    "amount": 350000,
                    "currency": "MXN"
                }
            },
            {
                "id": "0107",
                "description": "MUERTE ACCIDENTAL COLECTIVA",
                "unit": {
                    "unitType": "AMOUNT",
                    "amount": 0,
                    "currency": "MXN"
                }
            },
            {
                "id": "0132",
                "description": "GASTOS FUNERARIOS",
                "unit": {
                    "unitType": "AMOUNT",
                    "amount": 17500,
                    "currency": "MXN"
                }
            }
        ],
          "returnContribution": {
            "id": "RETURN_CONTRIBUTION",
            "name": "Devolución del aporte",
            "quantity": {
              "returnContributionType": "PERCENTAGE",
              "value": 70
            }
          },
          "exclusions": [
            {
              "id": "001",
              "description": "In case of exceeding the amount maximum permitted",
              "unit": {
                "unitType": "AMOUNT",
                "amount": 400000,
                "currency": "MXN"
              }
            },
            {
              "id": "002",
              "description": "For burial, in case of exceeding the maximum limit of the amount of coverage for death",
              "unit": {
                "unitType": "PERCENTAGE",
                "percentage": 10
              }
            },
            {
              "id": "003",
              "description": "Blood alcohol levels",
              "unit": {
                "unitType": "DECIMAL",
                "decimal": 0.5
              }
            },
            {
              "id": "004",
              "description": "Death by suicide",
              "unit": {
                "unitType": "TEXT",
                "text": "It does not apply in case of suicide in the first 2 years of hiring."
              }
            }
          ]
        }
      },
      "managementCompany": [
        {
          "id": "7890",
          "name": "Rimac Seguros"
        }
      ],
      "deliveryMethod": [
        {
          "id": "001",
          "deliveryType": "VIRTUAL",
          "documentType": "CONTRACT",
          "contactDetails": [
            {
              "id": "534534534"
            }
          ],
          "name": "Correo electronico"
        }
      ],
      "id": "0064",
      "quotationId": "12343",
      "offerType": {
        "id": "LIFE_INSURANCE_CONTRACTING",
        "name": "Contratación de seguro de vida"
      },
      "origin": {
        "id": "INSURANCE_BACKEND",
        "description": "Producto proveniente del Backend de seguros"
      },
      "isEditable": true,
      "image": {
        "id": "IMAGEN_CABECERA_DETALLE",
        "name": "life insurance image",
        "url": "/image.jpg"
      },
      "minimumInsurancedAmount": {
        "amount": 50000,
        "currency": "MXN"
      },
      "maximumInsurancedAmount": {
        "amount": 1500000,
        "currency": "MXN"
      },
      "intervalInsurancedAmount": {
        "amount": 50000,
        "currency": "MXN"
      },
      "suggestedInsuredAmount": {
        "amount": 800000,
        "currency": "MXN"
      },
      "suggestedPaymentOption": {
        "id": "MONTHLY",
        "name": "Mensual",
        "paymentAmount": {
          "amount": 400,
          "currency": "MXN"
        }
      },
      "paymentOptions": [
        {
          "id": "ANNUAL",
          "name": "Anual",
          "paymentAmount": {
            "amount": 14000,
            "currency": "MXN"
          }
        },
        {
          "id": "QUARTERLY",
          "name": "Trimestral",
          "paymentAmount": {
            "amount": 1200,
            "currency": "MXN"
          }
        },
        {
          "id": "BIANNUAL",
          "name": "Semestral",
          "paymentAmount": {
            "amount": 2400,
            "currency": "MXN"
          }
        },
        {
          "id": "MONTHLY",
          "name": "Mensual",
          "paymentAmount": {
            "amount": 400,
            "currency": "MXN"
          }
        }
      ],
      "renewalType": {
        "id": "INCREMENTAL",
        "description": "Tipo de renovación con Incremento",
        "unit": {
          "unitType": "PERCENTAGE",
          "percentage": 5
        }
      },
      "policyDuration": {
        "id": "YEARS",
        "name": "Año",
        "number": 1
      }
    }
  }