{"v":"5.5.7","fr":60,"ip":0,"op":187,"w":144,"h":144,"nm":"transicion-micro-3","ddd":0,"assets":[],"layers":[{"ddd":0,"ind":1,"ty":3,"nm":"ALL","sr":1,"ks":{"o":{"a":0,"k":0,"ix":11},"r":{"a":0,"k":0,"ix":10},"p":{"a":0,"k":[72.031,72,0],"ix":2},"a":{"a":0,"k":[0,0,0],"ix":1},"s":{"a":0,"k":[24,24,100],"ix":6}},"ao":0,"ip":31,"op":187,"st":31,"bm":0},{"ddd":0,"ind":2,"ty":3,"nm":"lamp","parent":1,"sr":1,"ks":{"o":{"a":0,"k":0,"ix":11},"r":{"a":1,"k":[{"i":{"x":[0.667],"y":[1]},"o":{"x":[0.333],"y":[0]},"t":54,"s":[-5],"e":[2]},{"i":{"x":[0.667],"y":[1]},"o":{"x":[0.333],"y":[0]},"t":111,"s":[2],"e":[-5]},{"t":161}],"ix":10},"p":{"a":0,"k":[-2.214,-2.083,0],"ix":2},"a":{"a":0,"k":[0,0,0],"ix":1},"s":{"a":0,"k":[416.667,416.667,100],"ix":6}},"ao":0,"ip":0,"op":187,"st":0,"bm":0},{"ddd":0,"ind":3,"ty":4,"nm":"lamp-shadow","parent":2,"sr":1,"ks":{"o":{"a":1,"k":[{"i":{"x":[0.667],"y":[1]},"o":{"x":[0.333],"y":[0]},"t":50,"s":[0],"e":[100]},{"t":55}],"ix":11},"r":{"a":0,"k":0,"ix":10},"p":{"a":0,"k":[42.856,-40.117,0],"ix":2},"a":{"a":0,"k":[476.354,130.763,0],"ix":1},"s":{"a":0,"k":[24,24,100],"ix":6}},"ao":0,"shapes":[{"ty":"gr","it":[{"ind":0,"ty":"sh","ix":1,"ks":{"a":0,"k":{"i":[[0,0],[0,0],[0,0],[-1.176,1.169],[-0.038,0.042],[23.836,23.839],[3.062,2.133]],"o":[[0,0],[0,0],[1.166,1.175],[0.04,-0.039],[22.615,-25],[-2.641,-2.637],[0,0]],"v":[[147.52,-159.41],[147.799,-159.13],[184.481,-122.45],[188.723,-122.437],[188.84,-122.56],[186.66,-209.74],[178.09,-216.91]],"c":true},"ix":2},"nm":"Path 2","mn":"ADBE Vector Shape - Group","hd":false},{"ty":"mm","mm":1,"nm":"Merge Paths 1","mn":"ADBE Vector Filter - Merge","hd":false},{"ty":"gf","o":{"a":0,"k":100,"ix":10},"r":1,"bm":0,"g":{"p":3,"k":{"a":0,"k":[0,0.008,0.518,0.518,0.502,0.008,0.518,0.518,0.998,0.008,0.518,0.518,0,0.6,0.5,0.3,1,0],"ix":9}},"s":{"a":0,"k":[217,-176],"ix":5},"e":{"a":0,"k":[145,-175],"ix":6},"t":1,"nm":"Gradient Fill 1","mn":"ADBE Vector Graphic - G-Fill","hd":false},{"ty":"tr","p":{"a":0,"k":[300,300],"ix":2},"a":{"a":0,"k":[0,0],"ix":1},"s":{"a":0,"k":[100,100],"ix":3},"r":{"a":0,"k":0,"ix":6},"o":{"a":0,"k":100,"ix":7},"sk":{"a":0,"k":0,"ix":4},"sa":{"a":0,"k":0,"ix":5},"nm":"Transform"}],"nm":"Group 1","np":3,"cix":2,"bm":0,"ix":1,"mn":"ADBE Vector Group","hd":false}],"ip":50,"op":187,"st":31,"bm":0},{"ddd":0,"ind":4,"ty":4,"nm":"lamp-body","parent":2,"sr":1,"ks":{"o":{"a":1,"k":[{"i":{"x":[0.667],"y":[1]},"o":{"x":[0.333],"y":[0]},"t":43,"s":[0],"e":[100]},{"t":46}],"ix":11},"r":{"a":0,"k":0,"ix":10},"p":{"a":0,"k":[38.23,-42.74,0],"ix":2},"a":{"a":0,"k":[457.077,119.834,0],"ix":1},"s":{"a":0,"k":[24,24,100],"ix":6}},"ao":0,"shapes":[{"ty":"gr","it":[{"ty":"gr","it":[{"ty":"gr","it":[{"ind":0,"ty":"sh","ix":1,"ks":{"a":0,"k":{"i":[[-1.172,-1.171],[0,0],[1.172,-1.171],[1.171,1.172],[0,0],[-1.172,1.171]],"o":[[0,0],[1.172,1.172],[-1.172,1.172],[0,0],[-1.172,-1.172],[1.171,-1.171]],"v":[[-1.199,-5.442],[5.441,1.198],[5.441,5.44],[1.198,5.44],[-5.441,-1.199],[-5.441,-5.442]],"c":true},"ix":2},"nm":"Path 1","mn":"ADBE Vector Shape - Group","hd":false},{"ty":"fl","c":{"a":0,"k":[0.917999982834,0.976000010967,0.980000019073,1],"ix":4},"o":{"a":0,"k":100,"ix":5},"r":1,"bm":0,"nm":"Fill 1","mn":"ADBE Vector Graphic - Fill","hd":false},{"ty":"tr","p":{"a":0,"k":[500.888,92.042],"ix":2},"a":{"a":0,"k":[0,0],"ix":1},"s":{"a":0,"k":[100,100],"ix":3},"r":{"a":0,"k":0,"ix":6},"o":{"a":0,"k":100,"ix":7},"sk":{"a":0,"k":0,"ix":4},"sa":{"a":0,"k":0,"ix":5},"nm":"Transform"}],"nm":"Group 2","np":2,"cix":2,"bm":0,"ix":1,"mn":"ADBE Vector Group","hd":false},{"ty":"tr","p":{"a":0,"k":[500.888,92.042],"ix":2},"a":{"a":0,"k":[500.888,92.042],"ix":1},"s":{"a":0,"k":[100,100],"ix":3},"r":{"a":0,"k":0,"ix":6},"o":{"a":0,"k":100,"ix":7},"sk":{"a":0,"k":0,"ix":4},"sa":{"a":0,"k":0,"ix":5},"nm":"Transform"}],"nm":"lamp-hole","np":1,"cix":2,"bm":0,"ix":1,"mn":"ADBE Vector Group","hd":false},{"ty":"gr","it":[{"ty":"gr","it":[{"ind":0,"ty":"sh","ix":1,"ks":{"a":0,"k":{"i":[[-1.172,-1.171],[0,0],[1.172,-1.171],[1.171,1.172],[0,0],[-1.172,1.172]],"o":[[0,0],[1.172,1.172],[-1.172,1.172],[0,0],[-1.172,-1.172],[1.171,-1.171]],"v":[[-1.199,-5.442],[5.441,1.198],[5.441,5.44],[1.198,5.44],[-5.441,-1.198],[-5.441,-5.442]],"c":true},"ix":2},"nm":"Path 1","mn":"ADBE Vector Shape - Group","hd":false},{"ty":"fl","c":{"a":0,"k":[0.917999982834,0.976000010967,0.980000019073,1],"ix":4},"o":{"a":0,"k":100,"ix":5},"r":1,"bm":0,"nm":"Fill 1","mn":"ADBE Vector Graphic - Fill","hd":false},{"ty":"tr","p":{"a":0,"k":[484.888,76.044],"ix":2},"a":{"a":0,"k":[0,0],"ix":1},"s":{"a":0,"k":[100,100],"ix":3},"r":{"a":0,"k":0,"ix":6},"o":{"a":0,"k":100,"ix":7},"sk":{"a":0,"k":0,"ix":4},"sa":{"a":0,"k":0,"ix":5},"nm":"Transform"}],"nm":"Group 3","np":2,"cix":2,"bm":0,"ix":1,"mn":"ADBE Vector Group","hd":false},{"ty":"tr","p":{"a":0,"k":[484.888,76.044],"ix":2},"a":{"a":0,"k":[484.888,76.044],"ix":1},"s":{"a":0,"k":[100,100],"ix":3},"r":{"a":0,"k":0,"ix":6},"o":{"a":0,"k":100,"ix":7},"sk":{"a":0,"k":0,"ix":4},"sa":{"a":0,"k":0,"ix":5},"nm":"Transform"}],"nm":"Group 3","np":1,"cix":2,"bm":0,"ix":2,"mn":"ADBE Vector Group","hd":false},{"ty":"tr","p":{"a":0,"k":[492.888,84.043],"ix":2},"a":{"a":0,"k":[492.888,84.043],"ix":1},"s":{"a":0,"k":[100,100],"ix":3},"r":{"a":0,"k":0,"ix":6},"o":{"a":1,"k":[{"i":{"x":[0.667],"y":[1]},"o":{"x":[0.333],"y":[0]},"t":52,"s":[0],"e":[100]},{"t":60}],"ix":7},"sk":{"a":0,"k":0,"ix":4},"sa":{"a":0,"k":0,"ix":5},"nm":"Transform"}],"nm":"lamp-hole ","np":2,"cix":2,"bm":0,"ix":1,"mn":"ADBE Vector Group","hd":false},{"ty":"gr","it":[{"ty":"gr","it":[{"ind":0,"ty":"sh","ix":1,"ks":{"a":1,"k":[{"i":{"x":0.667,"y":1},"o":{"x":0.167,"y":0.167},"t":44,"s":[{"i":[[10.865,11.368],[14.757,-7.272],[-0.031,-0.035],[-0.041,-0.04],[0,0],[0,0],[-1.176,1.168],[-0.03,0.049]],"o":[[-17.697,-18.538],[-6.582,5.268],[0.001,0.001],[0,0],[0,0],[1.168,1.175],[0.04,-0.04],[9.339,-15.221]],"v":[[23.452,-21.104],[-22.819,-26.582],[-37.354,-6.881],[-33.663,4.769],[-19.658,11.181],[-5.759,20.523],[8.321,33.919],[23.918,22.857]],"c":true}],"e":[{"i":[[23.833,23.842],[25.002,-22.621],[-1.106,-1.233],[-0.041,-0.04],[0,0],[0,0],[-1.176,1.168],[-0.038,0.043]],"o":[[-23.84,-23.842],[-1.233,1.107],[0.038,0.042],[0,0],[0,0],[1.168,1.175],[0.04,-0.04],[22.617,-24.997]],"v":[[31.868,-31.836],[-55.322,-34.016],[-55.549,-29.779],[-55.432,-29.655],[-7.002,18.775],[29.678,55.454],[33.921,55.469],[34.038,55.345]],"c":true}]},{"t":54}],"ix":2},"nm":"Path 1","mn":"ADBE Vector Shape - Group","hd":false},{"ty":"fl","c":{"a":0,"k":[0.175999999046,0.800000011921,0.804000020027,1],"ix":4},"o":{"a":0,"k":100,"ix":5},"r":1,"bm":0,"nm":"Fill 1","mn":"ADBE Vector Graphic - Fill","hd":false},{"ty":"tr","p":{"a":0,"k":[454.792,122.095],"ix":2},"a":{"a":0,"k":[0,0],"ix":1},"s":{"a":0,"k":[100,100],"ix":3},"r":{"a":0,"k":0,"ix":6},"o":{"a":0,"k":100,"ix":7},"sk":{"a":0,"k":0,"ix":4},"sa":{"a":0,"k":0,"ix":5},"nm":"Transform"}],"nm":"Group 4","np":2,"cix":2,"bm":0,"ix":1,"mn":"ADBE Vector Group","hd":false},{"ty":"tr","p":{"a":0,"k":[451.829,125.081],"ix":2},"a":{"a":0,"k":[451.829,125.081],"ix":1},"s":{"a":0,"k":[100,100],"ix":3},"r":{"a":0,"k":0,"ix":6},"o":{"a":0,"k":100,"ix":7},"sk":{"a":0,"k":0,"ix":4},"sa":{"a":0,"k":0,"ix":5},"nm":"Transform"}],"nm":"lamp","np":1,"cix":2,"bm":0,"ix":2,"mn":"ADBE Vector Group","hd":false},{"ty":"gr","it":[{"ty":"gr","it":[{"ind":0,"ty":"sh","ix":1,"ks":{"a":1,"k":[{"i":{"x":0.667,"y":1},"o":{"x":0.333,"y":0},"t":47,"s":[{"i":[[-1.172,-1.172],[0,0],[1.172,-1.171],[0,0],[0,0],[-0.408,0.389]],"o":[[0,0],[1.172,1.171],[0,0],[0,0],[0,0],[4.681,-2.936]],"v":[[-28.254,-2.338],[-12.767,11.067],[4.942,28.85],[5.283,30.073],[-29.551,-2.679],[-29.372,-2.859]],"c":true}],"e":[{"i":[[-1.172,-1.172],[0,0],[1.172,-1.171],[0,0],[0,0],[0,0]],"o":[[0,0],[1.172,1.171],[0,0],[0,0],[0,0],[1.172,-1.171]],"v":[[-2.212,-28.901],[28.9,2.212],[28.9,6.454],[5.283,30.073],[-30.072,-5.284],[-6.455,-28.901]],"c":true}]},{"t":54}],"ix":2},"nm":"Path 1","mn":"ADBE Vector Shape - Group","hd":false},{"ty":"fl","c":{"a":0,"k":[0.00800000038,0.518000006676,0.518000006676,1],"ix":4},"o":{"a":0,"k":100,"ix":5},"r":1,"bm":0,"nm":"Fill 1","mn":"ADBE Vector Graphic - Fill","hd":false},{"ty":"tr","p":{"a":0,"k":[485.899,91.012],"ix":2},"a":{"a":0,"k":[0,0],"ix":1},"s":{"a":0,"k":[100,100],"ix":3},"r":{"a":0,"k":0,"ix":6},"o":{"a":0,"k":100,"ix":7},"sk":{"a":0,"k":0,"ix":4},"sa":{"a":0,"k":0,"ix":5},"nm":"Transform"}],"nm":"Group 5","np":2,"cix":2,"bm":0,"ix":1,"mn":"ADBE Vector Group","hd":false},{"ty":"tr","p":{"a":0,"k":[485.753,91.158],"ix":2},"a":{"a":0,"k":[485.753,91.158],"ix":1},"s":{"a":0,"k":[100,100],"ix":3},"r":{"a":0,"k":0,"ix":6},"o":{"a":1,"k":[{"i":{"x":[0.667],"y":[1]},"o":{"x":[0.333],"y":[0]},"t":50,"s":[0],"e":[100]},{"t":57}],"ix":7},"sk":{"a":0,"k":0,"ix":4},"sa":{"a":0,"k":0,"ix":5},"nm":"Transform"}],"nm":"lamp-back","np":1,"cix":2,"bm":0,"ix":3,"mn":"ADBE Vector Group","hd":false}],"ip":43,"op":187,"st":-28,"bm":0},{"ddd":0,"ind":5,"ty":4,"nm":"light-bulb-shadow","parent":2,"sr":1,"ks":{"o":{"a":1,"k":[{"i":{"x":[0.667],"y":[1]},"o":{"x":[0.333],"y":[0]},"t":50,"s":[0],"e":[100]},{"t":65}],"ix":11},"r":{"a":0,"k":0,"ix":10},"p":{"a":0,"k":[32.784,-39.498,0],"ix":2},"a":{"a":0,"k":[434.385,133.341,0],"ix":1},"s":{"a":0,"k":[24,24,100],"ix":6}},"ao":0,"shapes":[{"ty":"gr","it":[{"ty":"gr","it":[{"ind":0,"ty":"sh","ix":1,"ks":{"a":0,"k":{"i":[[5.46,-5.461],[-11.094,-11.087],[-2.474,-1.318],[0,0],[4.536,0.001]],"o":[[-11.086,11.095],[1.984,1.981],[0,0],[-4.203,-2.231],[-7.361,0]],"v":[[-11.157,-18.41],[-11.141,21.753],[-4.417,26.729],[22.243,-23.411],[8.932,-26.729]],"c":true},"ix":2},"nm":"Path 2","mn":"ADBE Vector Shape - Group","hd":false},{"ty":"tr","p":{"a":0,"k":[0,0],"ix":2},"a":{"a":0,"k":[0,0],"ix":1},"s":{"a":0,"k":[100,100],"ix":3},"r":{"a":0,"k":0,"ix":6},"o":{"a":0,"k":100,"ix":7},"sk":{"a":0,"k":0,"ix":4},"sa":{"a":0,"k":0,"ix":5},"nm":"Transform"}],"nm":"Group 1","np":1,"cix":2,"bm":0,"ix":1,"mn":"ADBE Vector Group","hd":false},{"ty":"mm","mm":4,"nm":"Merge Paths 1","mn":"ADBE Vector Filter - Merge","hd":false},{"ty":"gf","o":{"a":0,"k":100,"ix":10},"r":1,"bm":0,"g":{"p":3,"k":{"a":0,"k":[0,1,1,1,0.502,1,1,1,0.998,1,1,1,0,0.6,0.5,0.3,1,0],"ix":9}},"s":{"a":0,"k":[-22,0],"ix":5},"e":{"a":0,"k":[8,0],"ix":6},"t":1,"nm":"Gradient Fill 1","mn":"ADBE Vector Graphic - G-Fill","hd":false},{"ty":"tr","p":{"a":0,"k":[432.997,133.341],"ix":2},"a":{"a":0,"k":[0,0],"ix":1},"s":{"a":0,"k":[100,100],"ix":3},"r":{"a":0,"k":0,"ix":6},"o":{"a":0,"k":100,"ix":7},"sk":{"a":0,"k":0,"ix":4},"sa":{"a":0,"k":0,"ix":5},"nm":"Transform"}],"nm":"Group 21","np":3,"cix":2,"bm":0,"ix":1,"mn":"ADBE Vector Group","hd":false}],"ip":48,"op":187,"st":-26,"bm":0},{"ddd":0,"ind":6,"ty":4,"nm":"light-bulb","parent":2,"sr":1,"ks":{"o":{"a":0,"k":100,"ix":11},"r":{"a":0,"k":0,"ix":10},"p":{"a":1,"k":[{"i":{"x":0.667,"y":1},"o":{"x":0.333,"y":0},"t":27,"s":[21.151,-33.821,0],"e":[34.591,-39.101,0],"to":[2.24,-0.88,0],"ti":[-2.24,0.88,0]},{"t":44}],"ix":2},"a":{"a":0,"k":[441.914,134.995,0],"ix":1},"s":{"a":1,"k":[{"i":{"x":[0.667,0.667,0.667],"y":[1,1,1]},"o":{"x":[0.333,0.333,0.333],"y":[0,0,0]},"t":27,"s":[4.8,4.8,100],"e":[24,24,100]},{"t":44}],"ix":6}},"ao":0,"shapes":[{"ty":"gr","it":[{"ind":0,"ty":"sh","ix":1,"ks":{"a":0,"k":{"i":[[-11.087,11.087],[-11.088,-11.087],[11.087,-11.087],[11.088,11.088]],"o":[[11.087,-11.087],[11.087,11.087],[-11.088,11.088],[-11.087,-11.087]],"v":[[-20.075,-20.075],[20.075,-20.075],[20.075,20.074],[-20.075,20.074]],"c":true},"ix":2},"nm":"Path 1","mn":"ADBE Vector Shape - Group","hd":false},{"ty":"fl","c":{"a":0,"k":[0.972999961703,0.804000016755,0.313999998803,1],"ix":4},"o":{"a":0,"k":100,"ix":5},"r":1,"bm":0,"nm":"Fill 1","mn":"ADBE Vector Graphic - Fill","hd":false},{"ty":"tr","p":{"a":0,"k":[441.914,134.995],"ix":2},"a":{"a":0,"k":[0,0],"ix":1},"s":{"a":0,"k":[100,100],"ix":3},"r":{"a":0,"k":0,"ix":6},"o":{"a":0,"k":100,"ix":7},"sk":{"a":0,"k":0,"ix":4},"sa":{"a":0,"k":0,"ix":5},"nm":"Transform"}],"nm":"Group 22","np":2,"cix":2,"bm":0,"ix":1,"mn":"ADBE Vector Group","hd":false}],"ip":27,"op":187,"st":-12,"bm":0},{"ddd":0,"ind":7,"ty":4,"nm":"light-ray ","parent":2,"sr":1,"ks":{"o":{"a":0,"k":100,"ix":11},"r":{"a":0,"k":0,"ix":10},"p":{"a":0,"k":[24.991,-29.534,0],"ix":2},"a":{"a":0,"k":[401.915,174.86,0],"ix":1},"s":{"a":0,"k":[24,24,100],"ix":6}},"ao":0,"shapes":[{"ty":"gr","it":[{"ty":"gr","it":[{"ind":0,"ty":"sh","ix":1,"ks":{"a":1,"k":[{"i":{"x":0.667,"y":1},"o":{"x":0.333,"y":0},"t":54,"s":[{"i":[[0,0],[0,0]],"o":[[0,0],[0,0]],"v":[[441.084,153.502],[441.05,213.99]],"c":false}],"e":[{"i":[[0,0],[0,0]],"o":[[0,0],[0,0]],"v":[[441.05,183.19],[441.05,213.99]],"c":false}]},{"t":59}],"ix":2},"nm":"Path 1","mn":"ADBE Vector Shape - Group","hd":false},{"ty":"st","c":{"a":0,"k":[0.972999989986,0.804000020027,0.31400001049,1],"ix":3},"o":{"a":0,"k":100,"ix":4},"w":{"a":0,"k":10,"ix":5},"lc":2,"lj":2,"bm":0,"nm":"Stroke 1","mn":"ADBE Vector Graphic - Stroke","hd":false},{"ty":"tr","p":{"a":0,"k":[0,0],"ix":2},"a":{"a":0,"k":[0,0],"ix":1},"s":{"a":0,"k":[100,100],"ix":3},"r":{"a":0,"k":0,"ix":6},"o":{"a":0,"k":100,"ix":7},"sk":{"a":0,"k":0,"ix":4},"sa":{"a":0,"k":0,"ix":5},"nm":"Transform"}],"nm":"Group 18","np":2,"cix":2,"bm":0,"ix":1,"mn":"ADBE Vector Group","hd":false},{"ty":"tr","p":{"a":0,"k":[441.05,198.59],"ix":2},"a":{"a":0,"k":[441.05,198.59],"ix":1},"s":{"a":0,"k":[100,100],"ix":3},"r":{"a":0,"k":0,"ix":6},"o":{"a":0,"k":100,"ix":7},"sk":{"a":0,"k":0,"ix":4},"sa":{"a":0,"k":0,"ix":5},"nm":"Transform"}],"nm":"light-ray3","np":1,"cix":2,"bm":0,"ix":1,"mn":"ADBE Vector Group","hd":false},{"ty":"gr","it":[{"ty":"gr","it":[{"ind":0,"ty":"sh","ix":1,"ks":{"a":1,"k":[{"i":{"x":0.667,"y":1},"o":{"x":0.333,"y":0},"t":53,"s":[{"i":[[0,0],[0,0]],"o":[[0,0],[0,0]],"v":[[34.844,-34.713],[-10.821,10.82]],"c":false}],"e":[{"i":[[0,0],[0,0]],"o":[[0,0],[0,0]],"v":[[10.82,-10.82],[-10.821,10.82]],"c":false}]},{"t":60}],"ix":2},"nm":"Path 1","mn":"ADBE Vector Shape - Group","hd":false},{"ty":"st","c":{"a":0,"k":[0.972999989986,0.804000020027,0.31400001049,1],"ix":3},"o":{"a":0,"k":100,"ix":4},"w":{"a":0,"k":10,"ix":5},"lc":2,"lj":2,"bm":0,"nm":"Stroke 1","mn":"ADBE Vector Graphic - Stroke","hd":false},{"ty":"tr","p":{"a":0,"k":[396.88,180.04],"ix":2},"a":{"a":0,"k":[0,0],"ix":1},"s":{"a":0,"k":[100,100],"ix":3},"r":{"a":0,"k":0,"ix":6},"o":{"a":0,"k":100,"ix":7},"sk":{"a":0,"k":0,"ix":4},"sa":{"a":0,"k":0,"ix":5},"nm":"Transform"}],"nm":"Group 20","np":2,"cix":2,"bm":0,"ix":1,"mn":"ADBE Vector Group","hd":false},{"ty":"tr","p":{"a":0,"k":[396.88,180.04],"ix":2},"a":{"a":0,"k":[396.88,180.04],"ix":1},"s":{"a":0,"k":[100,100],"ix":3},"r":{"a":0,"k":0,"ix":6},"o":{"a":0,"k":100,"ix":7},"sk":{"a":0,"k":0,"ix":4},"sa":{"a":0,"k":0,"ix":5},"nm":"Transform"}],"nm":"light-ray2","np":1,"cix":2,"bm":0,"ix":2,"mn":"ADBE Vector Group","hd":false},{"ty":"gr","it":[{"ty":"gr","it":[{"ind":0,"ty":"sh","ix":1,"ks":{"a":1,"k":[{"i":{"x":0.667,"y":1},"o":{"x":0.333,"y":0},"t":54,"s":[{"i":[[6.21,0],[0,0]],"o":[[-6.21,0],[0,0]],"v":[[431.601,135.522],[362.78,135.73]],"c":false}],"e":[{"i":[[0,0],[0,0]],"o":[[0,0],[0,0]],"v":[[393.58,135.73],[362.78,135.73]],"c":false}]},{"t":60}],"ix":2},"nm":"Path 1","mn":"ADBE Vector Shape - Group","hd":false},{"ty":"st","c":{"a":0,"k":[0.972999989986,0.804000020027,0.31400001049,1],"ix":3},"o":{"a":0,"k":100,"ix":4},"w":{"a":0,"k":10,"ix":5},"lc":2,"lj":2,"bm":0,"nm":"Stroke 1","mn":"ADBE Vector Graphic - Stroke","hd":false},{"ty":"tr","p":{"a":0,"k":[0,0],"ix":2},"a":{"a":0,"k":[0,0],"ix":1},"s":{"a":0,"k":[100,100],"ix":3},"r":{"a":0,"k":0,"ix":6},"o":{"a":0,"k":100,"ix":7},"sk":{"a":0,"k":0,"ix":4},"sa":{"a":0,"k":0,"ix":5},"nm":"Transform"}],"nm":"Group 19","np":2,"cix":2,"bm":0,"ix":1,"mn":"ADBE Vector Group","hd":false},{"ty":"tr","p":{"a":0,"k":[378.18,135.73],"ix":2},"a":{"a":0,"k":[378.18,135.73],"ix":1},"s":{"a":0,"k":[100,100],"ix":3},"r":{"a":0,"k":0,"ix":6},"o":{"a":0,"k":100,"ix":7},"sk":{"a":0,"k":0,"ix":4},"sa":{"a":0,"k":0,"ix":5},"nm":"Transform"}],"nm":"light-ray1","np":1,"cix":2,"bm":0,"ix":3,"mn":"ADBE Vector Group","hd":false},{"ty":"tm","s":{"a":0,"k":0,"ix":1},"e":{"a":1,"k":[{"i":{"x":[0.667],"y":[1]},"o":{"x":[0.167],"y":[0]},"t":49,"s":[0],"e":[100]},{"t":60}],"ix":2},"o":{"a":0,"k":0,"ix":3},"m":1,"ix":4,"nm":"Trim Paths 1","mn":"ADBE Vector Filter - Trim","hd":false}],"ip":49,"op":187,"st":-18,"bm":0},{"ddd":0,"ind":8,"ty":4,"nm":"lamp-body-transform","sr":1,"ks":{"o":{"a":0,"k":100,"ix":11},"r":{"a":0,"k":0,"ix":10},"p":{"a":1,"k":[{"i":{"x":0.667,"y":1},"o":{"x":0.333,"y":0},"t":27,"s":[90.476,37.226,0],"e":[105.601,26.226,0],"to":[2.521,-1.833,0],"ti":[-2.521,1.833,0]},{"t":47}],"ix":2},"a":{"a":0,"k":[16.976,-34.524,0],"ix":1},"s":{"a":1,"k":[{"i":{"x":[0.667,0.667,0.667],"y":[1,1,1]},"o":{"x":[0.333,0.333,0.333],"y":[0,0,0]},"t":28,"s":[85,85,100],"e":[154,154,100]},{"t":47}],"ix":6}},"ao":0,"shapes":[{"ty":"gr","it":[{"d":1,"ty":"el","s":{"a":0,"k":[10.951,10.951],"ix":2},"p":{"a":0,"k":[0,0],"ix":3},"nm":"Ellipse Path 1","mn":"ADBE Vector Shape - Ellipse","hd":false},{"ty":"fl","c":{"a":0,"k":[0.176470588235,0.8,0.803921568627,1],"ix":4},"o":{"a":0,"k":100,"ix":5},"r":1,"bm":0,"nm":"Fill 1","mn":"ADBE Vector Graphic - Fill","hd":false},{"ty":"tr","p":{"a":0,"k":[16.976,-34.524],"ix":2},"a":{"a":0,"k":[0,0],"ix":1},"s":{"a":0,"k":[100,100],"ix":3},"r":{"a":0,"k":0,"ix":6},"o":{"a":0,"k":100,"ix":7},"sk":{"a":0,"k":0,"ix":4},"sa":{"a":0,"k":0,"ix":5},"nm":"Transform"}],"nm":"Ellipse 1","np":3,"cix":2,"bm":0,"ix":1,"mn":"ADBE Vector Group","hd":false}],"ip":27,"op":50,"st":-101,"bm":0},{"ddd":0,"ind":9,"ty":4,"nm":"square-trim","sr":1,"ks":{"o":{"a":0,"k":100,"ix":11},"r":{"a":0,"k":0,"ix":10},"p":{"a":0,"k":[71.872,55.976,0],"ix":2},"a":{"a":0,"k":[-0.003,-13.48,0],"ix":1},"s":{"a":0,"k":[99.328,115.941,100],"ix":6}},"ao":0,"shapes":[{"ty":"gr","it":[{"ind":0,"ty":"sh","ix":1,"ks":{"a":0,"k":{"i":[[0,0],[0,0],[0,0],[0,0]],"o":[[0,0],[0,0],[0,0],[0,0]],"v":[[18.125,-34.625],[-18.5,-34.625],[-18.625,2],[18.125,2]],"c":true},"ix":2},"nm":"Path 1","mn":"ADBE Vector Shape - Group","hd":false},{"ty":"tm","s":{"a":1,"k":[{"i":{"x":[0.667],"y":[1]},"o":{"x":[0.333],"y":[0]},"t":1,"s":[90.5],"e":[0]},{"t":24}],"ix":1},"e":{"a":1,"k":[{"i":{"x":[0.667],"y":[1]},"o":{"x":[0.333],"y":[0]},"t":1,"s":[99],"e":[100]},{"i":{"x":[0.667],"y":[0.973]},"o":{"x":[0.333],"y":[0]},"t":13,"s":[100],"e":[0.449]},{"t":31}],"ix":2},"o":{"a":0,"k":0,"ix":3},"m":1,"ix":2,"nm":"Trim Paths 1","mn":"ADBE Vector Filter - Trim","hd":false},{"ty":"st","c":{"a":0,"k":[0.176470588235,0.8,0.803921568627,1],"ix":3},"o":{"a":0,"k":100,"ix":4},"w":{"a":1,"k":[{"i":{"x":[0.667],"y":[1]},"o":{"x":[0.167],"y":[0]},"t":22,"s":[2.5],"e":[10]},{"t":29}],"ix":5},"lc":2,"lj":2,"bm":0,"nm":"Stroke 1","mn":"ADBE Vector Graphic - Stroke","hd":false},{"ty":"tr","p":{"a":0,"k":[0.125,0.75],"ix":2},"a":{"a":0,"k":[0,0],"ix":1},"s":{"a":0,"k":[101.26,87.236],"ix":3},"r":{"a":0,"k":0,"ix":6},"o":{"a":0,"k":100,"ix":7},"sk":{"a":0,"k":0,"ix":4},"sa":{"a":0,"k":0,"ix":5},"nm":"Transform"}],"nm":"Shape 1","np":4,"cix":2,"bm":0,"ix":1,"mn":"ADBE Vector Group","hd":false}],"ip":2,"op":30,"st":-8,"bm":0},{"ddd":0,"ind":10,"ty":4,"nm":"bottom-left-square","sr":1,"ks":{"o":{"a":0,"k":100,"ix":11},"r":{"a":0,"k":0,"ix":10},"p":{"a":0,"k":[60,67.817,0],"ix":2},"a":{"a":0,"k":[250,282.57,0],"ix":1},"s":{"a":0,"k":[24,24,100],"ix":6}},"ao":0,"shapes":[{"ty":"gr","it":[{"ind":0,"ty":"sh","ix":1,"ks":{"a":0,"k":{"i":[[0,0],[0,0],[0,0]],"o":[[0,0],[0,0],[0,0]],"v":[[27.06,27.06],[-27.06,27.06],[-27.06,-27.06]],"c":false},"ix":2},"nm":"Path 1","mn":"ADBE Vector Shape - Group","hd":false},{"ty":"st","c":{"a":0,"k":[0.176000004189,0.8,0.804000016755,1],"ix":3},"o":{"a":0,"k":100,"ix":4},"w":{"a":0,"k":10,"ix":5},"lc":2,"lj":2,"bm":0,"nm":"Stroke 1","mn":"ADBE Vector Graphic - Stroke","hd":false},{"ty":"tr","p":{"a":0,"k":[250,282.57],"ix":2},"a":{"a":0,"k":[0,0],"ix":1},"s":{"a":0,"k":[100,100],"ix":3},"r":{"a":0,"k":0,"ix":6},"o":{"a":0,"k":100,"ix":7},"sk":{"a":0,"k":0,"ix":4},"sa":{"a":0,"k":0,"ix":5},"nm":"Transform"}],"nm":"Group 1","np":2,"cix":2,"bm":0,"ix":1,"mn":"ADBE Vector Group","hd":false},{"ty":"tm","s":{"a":1,"k":[{"i":{"x":[0.833],"y":[1]},"o":{"x":[0.167],"y":[0]},"t":15,"s":[0],"e":[100]},{"t":19}],"ix":1},"e":{"a":0,"k":100,"ix":2},"o":{"a":0,"k":0,"ix":3},"m":1,"ix":2,"nm":"Trim Paths 1","mn":"ADBE Vector Filter - Trim","hd":false}],"ip":0,"op":21,"st":50,"bm":0},{"ddd":0,"ind":11,"ty":4,"nm":"bottom-rigt-square","sr":1,"ks":{"o":{"a":0,"k":100,"ix":11},"r":{"a":0,"k":0,"ix":10},"p":{"a":0,"k":[83.689,67.817,0],"ix":2},"a":{"a":0,"k":[348.704,282.57,0],"ix":1},"s":{"a":0,"k":[24,24,100],"ix":6}},"ao":0,"shapes":[{"ty":"gr","it":[{"ind":0,"ty":"sh","ix":1,"ks":{"a":0,"k":{"i":[[0,0],[0,0],[0,0]],"o":[[0,0],[0,0],[0,0]],"v":[[27.065,-27.06],[27.065,27.06],[-27.065,27.06]],"c":false},"ix":2},"nm":"Path 1","mn":"ADBE Vector Shape - Group","hd":false},{"ty":"st","c":{"a":0,"k":[0.176000004189,0.8,0.804000016755,1],"ix":3},"o":{"a":0,"k":100,"ix":4},"w":{"a":0,"k":10,"ix":5},"lc":2,"lj":2,"bm":0,"nm":"Stroke 1","mn":"ADBE Vector Graphic - Stroke","hd":false},{"ty":"tr","p":{"a":0,"k":[348.704,282.57],"ix":2},"a":{"a":0,"k":[0,0],"ix":1},"s":{"a":0,"k":[100,100],"ix":3},"r":{"a":0,"k":0,"ix":6},"o":{"a":0,"k":100,"ix":7},"sk":{"a":0,"k":0,"ix":4},"sa":{"a":0,"k":0,"ix":5},"nm":"Transform"}],"nm":"Group 2","np":2,"cix":2,"bm":0,"ix":1,"mn":"ADBE Vector Group","hd":false},{"ty":"tm","s":{"a":1,"k":[{"i":{"x":[0.833],"y":[1]},"o":{"x":[0.167],"y":[0]},"t":10,"s":[0],"e":[100]},{"t":16}],"ix":1},"e":{"a":0,"k":100,"ix":2},"o":{"a":0,"k":0,"ix":3},"m":1,"ix":2,"nm":"Trim Paths 1","mn":"ADBE Vector Filter - Trim","hd":false}],"ip":0,"op":19,"st":50,"bm":0},{"ddd":0,"ind":12,"ty":4,"nm":"top-right-square","sr":1,"ks":{"o":{"a":0,"k":100,"ix":11},"r":{"a":0,"k":0,"ix":10},"p":{"a":0,"k":[83.689,44.128,0],"ix":2},"a":{"a":0,"k":[348.705,183.865,0],"ix":1},"s":{"a":0,"k":[24,24,100],"ix":6}},"ao":0,"shapes":[{"ty":"gr","it":[{"ind":0,"ty":"sh","ix":1,"ks":{"a":0,"k":{"i":[[0,0],[0,0],[0,0]],"o":[[0,0],[0,0],[0,0]],"v":[[-27.065,-27.065],[27.065,-27.065],[27.065,27.065]],"c":false},"ix":2},"nm":"Path 1","mn":"ADBE Vector Shape - Group","hd":false},{"ty":"st","c":{"a":0,"k":[0.176000004189,0.8,0.804000016755,1],"ix":3},"o":{"a":0,"k":100,"ix":4},"w":{"a":0,"k":10,"ix":5},"lc":2,"lj":2,"bm":0,"nm":"Stroke 1","mn":"ADBE Vector Graphic - Stroke","hd":false},{"ty":"tr","p":{"a":0,"k":[348.705,183.865],"ix":2},"a":{"a":0,"k":[0,0],"ix":1},"s":{"a":0,"k":[100,100],"ix":3},"r":{"a":0,"k":0,"ix":6},"o":{"a":0,"k":100,"ix":7},"sk":{"a":0,"k":0,"ix":4},"sa":{"a":0,"k":0,"ix":5},"nm":"Transform"}],"nm":"Group 3","np":2,"cix":2,"bm":0,"ix":1,"mn":"ADBE Vector Group","hd":false},{"ty":"tm","s":{"a":1,"k":[{"i":{"x":[0.833],"y":[1]},"o":{"x":[0.167],"y":[0]},"t":9,"s":[0],"e":[0]},{"i":{"x":[0.833],"y":[1]},"o":{"x":[0.167],"y":[0]},"t":23,"s":[0],"e":[50]},{"t":25}],"ix":1},"e":{"a":1,"k":[{"i":{"x":[0.833],"y":[1]},"o":{"x":[0.167],"y":[0]},"t":9,"s":[100],"e":[48]},{"i":{"x":[0.833],"y":[1]},"o":{"x":[0.167],"y":[0]},"t":12,"s":[48],"e":[48]},{"t":23}],"ix":2},"o":{"a":0,"k":0,"ix":3},"m":1,"ix":2,"nm":"Trim Paths 1","mn":"ADBE Vector Filter - Trim","hd":false}],"ip":0,"op":27,"st":50,"bm":0},{"ddd":0,"ind":13,"ty":4,"nm":"top-left-square","sr":1,"ks":{"o":{"a":0,"k":100,"ix":11},"r":{"a":0,"k":0,"ix":10},"p":{"a":0,"k":[60,44.128,0],"ix":2},"a":{"a":0,"k":[250,183.865,0],"ix":1},"s":{"a":0,"k":[24,24,100],"ix":6}},"ao":0,"shapes":[{"ty":"gr","it":[{"ind":0,"ty":"sh","ix":1,"ks":{"a":0,"k":{"i":[[0,0],[0,0],[0,0]],"o":[[0,0],[0,0],[0,0]],"v":[[-27.06,27.065],[-27.06,-27.065],[27.06,-27.065]],"c":false},"ix":2},"nm":"Path 1","mn":"ADBE Vector Shape - Group","hd":false},{"ty":"st","c":{"a":0,"k":[0.176000004189,0.8,0.804000016755,1],"ix":3},"o":{"a":0,"k":100,"ix":4},"w":{"a":0,"k":10,"ix":5},"lc":2,"lj":2,"bm":0,"nm":"Stroke 1","mn":"ADBE Vector Graphic - Stroke","hd":false},{"ty":"tr","p":{"a":0,"k":[250,183.865],"ix":2},"a":{"a":0,"k":[0,0],"ix":1},"s":{"a":0,"k":[100,100],"ix":3},"r":{"a":0,"k":0,"ix":6},"o":{"a":0,"k":100,"ix":7},"sk":{"a":0,"k":0,"ix":4},"sa":{"a":0,"k":0,"ix":5},"nm":"Transform"}],"nm":"Group 4","np":2,"cix":2,"bm":0,"ix":1,"mn":"ADBE Vector Group","hd":false},{"ty":"tm","s":{"a":1,"k":[{"i":{"x":[0.833],"y":[1]},"o":{"x":[0.167],"y":[0]},"t":16,"s":[0],"e":[100]},{"t":21}],"ix":1},"e":{"a":0,"k":100,"ix":2},"o":{"a":0,"k":0,"ix":3},"m":1,"ix":2,"nm":"Trim Paths 1","mn":"ADBE Vector Filter - Trim","hd":false}],"ip":0,"op":23,"st":50,"bm":0},{"ddd":0,"ind":14,"ty":4,"nm":"right-arm 2","sr":1,"ks":{"o":{"a":0,"k":100,"ix":11},"r":{"a":0,"k":0,"ix":10},"p":{"a":0,"k":[79.36,110.934,0],"ix":2},"a":{"a":0,"k":[327.542,462.226,0],"ix":1},"s":{"a":0,"k":[24,24,100],"ix":6}},"ao":0,"shapes":[{"ty":"gr","it":[{"ind":0,"ty":"sh","ix":1,"ks":{"a":0,"k":{"i":[[0,0],[0,0],[0.56,3.51],[-3.455,-0.035],[-7.659,-1.671],[0,0],[9.89,1.3],[0,0],[-0.174,6.201],[-0.18,4.42]],"o":[[0,0],[3.9,-3.42],[3.44,-0.321],[7.839,-0.077],[0,0],[0,9.88],[0,0],[-6.083,-1.216],[0.06,-2.17],[0,0]],"v":[[47.712,-11.551],[60.312,-22.382],[68.192,-34.731],[78.542,-35.161],[101.862,-32.762],[101.862,18.409],[83.972,33.939],[-91.458,-1.061],[-101.688,-13.901],[-101.338,-22.981]],"c":true},"ix":2},"nm":"Path 1","mn":"ADBE Vector Shape - Group","hd":false},{"ty":"fl","c":{"a":0,"k":[0.969000004787,0.698000021542,0.497999991623,1],"ix":4},"o":{"a":0,"k":100,"ix":5},"r":1,"bm":0,"nm":"Fill 1","mn":"ADBE Vector Graphic - Fill","hd":false},{"ty":"tr","p":{"a":0,"k":[327.458,462.762],"ix":2},"a":{"a":0,"k":[0,0],"ix":1},"s":{"a":0,"k":[100,100],"ix":3},"r":{"a":0,"k":0,"ix":6},"o":{"a":0,"k":100,"ix":7},"sk":{"a":0,"k":0,"ix":4},"sa":{"a":0,"k":0,"ix":5},"nm":"Transform"}],"nm":"Group 5","np":2,"cix":2,"bm":0,"ix":1,"mn":"ADBE Vector Group","hd":false}],"ip":0,"op":187,"st":0,"bm":0},{"ddd":0,"ind":15,"ty":4,"nm":"t-shirt-detail","sr":1,"ks":{"o":{"a":0,"k":100,"ix":11},"r":{"a":0,"k":0,"ix":10},"p":{"a":0,"k":[56.185,102.905,0],"ix":2},"a":{"a":0,"k":[230.98,428.77,0],"ix":1},"s":{"a":0,"k":[24,24,100],"ix":6}},"ao":0,"shapes":[{"ty":"gr","it":[{"ind":0,"ty":"sh","ix":1,"ks":{"a":0,"k":{"i":[[-5.888,10.38],[-1.51,-13.861],[0,0],[0,0]],"o":[[-3.27,16.399],[0,0],[0,0],[0.765,-11.909]],"v":[[5.21,-22.86],[1.96,22.86],[-5.21,22.86],[-4.9,11.01]],"c":true},"ix":2},"nm":"Path 1","mn":"ADBE Vector Shape - Group","hd":false},{"ty":"fl","c":{"a":0,"k":[0,0.180000005984,0.395999983245,1],"ix":4},"o":{"a":0,"k":100,"ix":5},"r":1,"bm":0,"nm":"Fill 1","mn":"ADBE Vector Graphic - Fill","hd":false},{"ty":"tr","p":{"a":0,"k":[230.98,428.77],"ix":2},"a":{"a":0,"k":[0,0],"ix":1},"s":{"a":0,"k":[100,100],"ix":3},"r":{"a":0,"k":0,"ix":6},"o":{"a":0,"k":100,"ix":7},"sk":{"a":0,"k":0,"ix":4},"sa":{"a":0,"k":0,"ix":5},"nm":"Transform"}],"nm":"Group 6","np":2,"cix":2,"bm":0,"ix":1,"mn":"ADBE Vector Group","hd":false}],"ip":0,"op":187,"st":0,"bm":0},{"ddd":0,"ind":16,"ty":4,"nm":"left-hand2 :M","sr":1,"ks":{"o":{"a":0,"k":100,"ix":11},"r":{"a":0,"k":0,"ix":10},"p":{"a":0,"k":[88.219,103.915,0],"ix":2},"a":{"a":0,"k":[79.949,81.165,0],"ix":1},"s":{"a":0,"k":[188.679,188.679,100],"ix":6}},"ao":0,"shapes":[{"ty":"gr","it":[{"ty":"gr","it":[{"ind":0,"ty":"sh","ix":1,"ks":{"a":0,"k":{"i":[[-2.53,-5.93],[-2,0.87],[-4.17,7.731],[2.231,0.709],[0,0]],"o":[[0.94,2.19],[11.57,-5],[4.49,-6],[-5.15,-1.64],[-20.55,11.78]],"v":[[-18.945,24.224],[-10.945,33.525],[31.225,-0.206],[22.885,-32.755],[-15.165,5.884]],"c":true},"ix":2},"nm":"Path 1","mn":"ADBE Vector Shape - Group","hd":false},{"ty":"fl","c":{"a":0,"k":[0.882000029087,0.569000005722,0.352999985218,1],"ix":4},"o":{"a":0,"k":100,"ix":5},"r":1,"bm":0,"nm":"Fill 1","mn":"ADBE Vector Graphic - Fill","hd":false},{"ty":"tr","p":{"a":0,"k":[363.325,432.586],"ix":2},"a":{"a":0,"k":[0,0],"ix":1},"s":{"a":0,"k":[100,100],"ix":3},"r":{"a":0,"k":0,"ix":6},"o":{"a":0,"k":100,"ix":7},"sk":{"a":0,"k":0,"ix":4},"sa":{"a":0,"k":0,"ix":5},"nm":"Transform"}],"nm":"Group 7","np":2,"cix":2,"bm":0,"ix":1,"mn":"ADBE Vector Group","hd":false},{"ty":"tr","p":{"a":0,"k":[80.2,81.165],"ix":2},"a":{"a":0,"k":[366.434,432.979],"ix":1},"s":{"a":0,"k":[12.72,12.72],"ix":3},"r":{"a":0,"k":0,"ix":6},"o":{"a":0,"k":100,"ix":7},"sk":{"a":0,"k":0,"ix":4},"sa":{"a":0,"k":0,"ix":5},"nm":"Transform"}],"nm":"left-hand2","np":1,"cix":2,"bm":0,"ix":1,"mn":"ADBE Vector Group","hd":false},{"ty":"gr","it":[{"ty":"gr","it":[{"ind":0,"ty":"sh","ix":1,"ks":{"a":0,"k":{"i":[[0,0],[0,0],[0,0],[0,0],[0,0],[-0.956,-1.144],[0.743,-1.001],[0,0],[0,0],[0,0],[0,0],[3.844,1.489],[-1.491,3.84],[-0.201,0.341]],"o":[[0,0],[0,0],[0,0],[0,0],[1.145,-0.956],[0.8,0.956],[0,0],[0,0],[0,0],[0,0],[-1.493,3.842],[-3.84,-1.489],[0.149,-0.38],[0,0]],"v":[[-15.892,14.139],[-1.532,-9.861],[-1.132,-10.531],[-0.822,-10.801],[16.718,-25.961],[20.521,-25.619],[20.618,-22.281],[20.459,-22.082],[6.188,-3.551],[7.379,-5.121],[-2.822,21.169],[-12.482,25.428],[-19.871,20.82],[-16.211,14.678]],"c":true},"ix":2},"nm":"Path 1","mn":"ADBE Vector Shape - Group","hd":false},{"ty":"fl","c":{"a":0,"k":[0.882000029087,0.569000005722,0.352999985218,1],"ix":4},"o":{"a":0,"k":100,"ix":5},"r":1,"bm":0,"nm":"Fill 1","mn":"ADBE Vector Graphic - Fill","hd":false},{"ty":"tr","p":{"a":0,"k":[353.401,426.961],"ix":2},"a":{"a":0,"k":[0,0],"ix":1},"s":{"a":0,"k":[100,100],"ix":3},"r":{"a":0,"k":0,"ix":6},"o":{"a":0,"k":100,"ix":7},"sk":{"a":0,"k":0,"ix":4},"sa":{"a":0,"k":0,"ix":5},"nm":"Transform"}],"nm":"Group 8","np":2,"cix":2,"bm":0,"ix":1,"mn":"ADBE Vector Group","hd":false},{"ty":"tr","p":{"a":0,"k":[78.607,80.358],"ix":2},"a":{"a":0,"k":[353.907,426.634],"ix":1},"s":{"a":0,"k":[12.72,12.72],"ix":3},"r":{"a":0,"k":0,"ix":6},"o":{"a":0,"k":100,"ix":7},"sk":{"a":0,"k":0,"ix":4},"sa":{"a":0,"k":0,"ix":5},"nm":"Transform"}],"nm":"left-hand","np":1,"cix":2,"bm":0,"ix":2,"mn":"ADBE Vector Group","hd":false}],"ip":0,"op":187,"st":-130,"bm":0},{"ddd":0,"ind":17,"ty":4,"nm":"neck-shadow 2","sr":1,"ks":{"o":{"a":0,"k":48,"ix":11},"r":{"a":0,"k":0,"ix":10},"p":{"a":0,"k":[64.844,82.275,0],"ix":2},"a":{"a":0,"k":[267.06,344,0],"ix":1},"s":{"a":0,"k":[24,24,100],"ix":6}},"ao":0,"shapes":[{"ty":"gr","it":[{"ind":0,"ty":"sh","ix":1,"ks":{"a":0,"k":{"i":[[-6.3,-4.85],[-1.16,0.96],[-9.57,9.38],[-2.245,4.208],[1.592,-1.014],[6.991,0.66],[4.3,3.58],[2.24,2.861],[0.78,-8.75]],"o":[[1,-0.9],[12.88,-10.82],[3.384,-3.362],[-1.452,1.204],[-5.993,3.659],[-9.21,-1],[-2.787,-2.331],[-0.78,8.75],[0.86,6.32]],"v":[[-15.79,21.98],[-12.63,19.19],[18.54,-1.12],[27.03,-12.54],[22.46,-9.21],[2.46,-4.59],[-17.12,-14.17],[-24.68,-21.98],[-27.03,4.21]],"c":true},"ix":2},"nm":"Path 1","mn":"ADBE Vector Shape - Group","hd":false},{"ty":"fl","c":{"a":0,"k":[0.847000002394,0.447000002394,0.172999991623,1],"ix":4},"o":{"a":0,"k":100,"ix":5},"r":1,"bm":0,"nm":"Fill 1","mn":"ADBE Vector Graphic - Fill","hd":false},{"ty":"tr","p":{"a":0,"k":[294.09,322.02],"ix":2},"a":{"a":0,"k":[0,0],"ix":1},"s":{"a":0,"k":[100,100],"ix":3},"r":{"a":0,"k":0,"ix":6},"o":{"a":0,"k":100,"ix":7},"sk":{"a":0,"k":0,"ix":4},"sa":{"a":0,"k":0,"ix":5},"nm":"Transform"}],"nm":"Group 9","np":2,"cix":2,"bm":0,"ix":1,"mn":"ADBE Vector Group","hd":false}],"ip":0,"op":187,"st":0,"bm":0},{"ddd":0,"ind":18,"ty":4,"nm":"back-manga2","sr":1,"ks":{"o":{"a":0,"k":100,"ix":11},"r":{"a":0,"k":0,"ix":10},"p":{"a":0,"k":[98.18,105.547,0],"ix":2},"a":{"a":0,"k":[405.96,439.78,0],"ix":1},"s":{"a":0,"k":[24,24,100],"ix":6}},"ao":0,"shapes":[{"ty":"gr","it":[{"ind":0,"ty":"sh","ix":1,"ks":{"a":0,"k":{"i":[[-21.522,0],[0,-6.732],[21.522,0],[0,6.733]],"o":[[21.522,0],[0,6.733],[-21.522,0],[0,-6.732]],"v":[[0,-12.19],[38.97,0],[0,12.19],[-38.97,0]],"c":true},"ix":2},"nm":"Path 1","mn":"ADBE Vector Shape - Group","hd":false},{"ty":"fl","c":{"a":0,"k":[0,0.180000005984,0.395999983245,1],"ix":4},"o":{"a":0,"k":100,"ix":5},"r":1,"bm":0,"nm":"Fill 1","mn":"ADBE Vector Graphic - Fill","hd":false},{"ty":"tr","p":{"a":0,"k":[405.96,439.78],"ix":2},"a":{"a":0,"k":[0,0],"ix":1},"s":{"a":0,"k":[100,100],"ix":3},"r":{"a":0,"k":0,"ix":6},"o":{"a":0,"k":100,"ix":7},"sk":{"a":0,"k":0,"ix":4},"sa":{"a":0,"k":0,"ix":5},"nm":"Transform"}],"nm":"Group 11","np":2,"cix":2,"bm":0,"ix":1,"mn":"ADBE Vector Group","hd":false}],"ip":0,"op":187,"st":0,"bm":0},{"ddd":0,"ind":19,"ty":4,"nm":"t-shirt-shadow","sr":1,"ks":{"o":{"a":0,"k":100,"ix":11},"r":{"a":0,"k":0,"ix":10},"p":{"a":0,"k":[86.655,97.31,0],"ix":2},"a":{"a":0,"k":[357.936,405.459,0],"ix":1},"s":{"a":0,"k":[24,24,100],"ix":6}},"ao":0,"shapes":[{"ty":"gr","it":[{"ty":"gr","it":[{"ind":0,"ty":"sh","ix":1,"ks":{"a":0,"k":{"i":[[0,0],[0,0],[0,0],[0,0],[0,9.75],[-0.05,1.54],[11.411,15.43],[36.74,0.201]],"o":[[0,0],[0,0],[0,0],[9.75,1.29],[0,0],[1.23,-35.311],[-10.771,-14.6],[0,0]],"v":[[-16.14,-80.62],[-87.65,53.911],[-56.18,67.501],[49.06,79.331],[20.91,28.131],[86.42,33.741],[58.85,-46.519],[-10.95,-80.62]],"c":true},"ix":2},"nm":"Path 2","mn":"ADBE Vector Shape - Group","hd":false},{"ty":"tr","p":{"a":0,"k":[0,0],"ix":2},"a":{"a":0,"k":[0,0],"ix":1},"s":{"a":0,"k":[100,100],"ix":3},"r":{"a":0,"k":0,"ix":6},"o":{"a":0,"k":100,"ix":7},"sk":{"a":0,"k":0,"ix":4},"sa":{"a":0,"k":0,"ix":5},"nm":"Transform"}],"nm":"Group 1","np":1,"cix":2,"bm":0,"ix":1,"mn":"ADBE Vector Group","hd":false},{"ty":"mm","mm":4,"nm":"Merge Paths 1","mn":"ADBE Vector Filter - Merge","hd":false},{"ty":"gf","o":{"a":0,"k":100,"ix":10},"r":1,"bm":0,"g":{"p":3,"k":{"a":0,"k":[0,0.016,0.196,0.388,0.503,0.016,0.196,0.388,1,0.016,0.196,0.388,0,0.6,0.5,0.3,1,0],"ix":9}},"s":{"a":0,"k":[100,-1],"ix":5},"e":{"a":0,"k":[-102,-7],"ix":6},"t":1,"nm":"Gradient Fill 1","mn":"ADBE Vector Graphic - G-Fill","hd":false},{"ty":"tr","p":{"a":0,"k":[358.52,406.089],"ix":2},"a":{"a":0,"k":[0,0],"ix":1},"s":{"a":0,"k":[100,100],"ix":3},"r":{"a":0,"k":0,"ix":6},"o":{"a":0,"k":100,"ix":7},"sk":{"a":0,"k":0,"ix":4},"sa":{"a":0,"k":0,"ix":5},"nm":"Transform"}],"nm":"Group 10","np":3,"cix":2,"bm":0,"ix":1,"mn":"ADBE Vector Group","hd":false}],"ip":0,"op":187,"st":0,"bm":0},{"ddd":0,"ind":20,"ty":4,"nm":"hhair","sr":1,"ks":{"o":{"a":0,"k":100,"ix":11},"r":{"a":0,"k":0,"ix":10},"p":{"a":0,"k":[72.094,50.723,0],"ix":2},"a":{"a":0,"k":[297.265,208.025,0],"ix":1},"s":{"a":0,"k":[24,24,100],"ix":6}},"ao":0,"shapes":[{"ty":"gr","it":[{"ind":0,"ty":"sh","ix":1,"ks":{"a":0,"k":{"i":[[3.181,8.76],[4.65,5.04],[19.101,3.55],[6.95,-5.28],[0.46,-6.57],[0.118,-0.09],[0.716,0.095],[2.579,-8.98],[-2.76,-7.6],[-0.68,-0.96],[-1.09,13.57],[-43.581,3.53],[-1.09,-26.85],[-0.66,4.69],[-0.199,2.126],[-0.933,3.674]],"o":[[-4.81,-13.26],[-7.52,-8.15],[-17.889,-3.33],[-7.649,5.8],[-0.145,0.035],[-0.599,-0.405],[-6,-0.66],[-1.721,6],[2,5.48],[0,0],[8.111,7.4],[0,0],[0.941,-4.06],[0.319,-2.26],[2.529,-2.823],[1.26,-5.18]],"v":[[54.53,-2.58],[42.66,-27.5],[6.48,-40.87],[-27.3,-40.59],[-37.3,-17.73],[-37.699,-17.54],[-39.699,-18.3],[-54.699,2.87],[-55.76,23.76],[-46.42,38.36],[-32.06,-6.21],[39.041,8.18],[48.77,45.87],[51.211,32.73],[51.99,26.15],[57.26,16.26]],"c":true},"ix":2},"nm":"Path 1","mn":"ADBE Vector Shape - Group","hd":false},{"ty":"fl","c":{"a":0,"k":[0,0.26699999641,0.505999995213,1],"ix":4},"o":{"a":0,"k":100,"ix":5},"r":1,"bm":0,"nm":"Fill 1","mn":"ADBE Vector Graphic - Fill","hd":false},{"ty":"tr","p":{"a":0,"k":[296.9,207.08],"ix":2},"a":{"a":0,"k":[0,0],"ix":1},"s":{"a":0,"k":[100,100],"ix":3},"r":{"a":0,"k":0,"ix":6},"o":{"a":0,"k":100,"ix":7},"sk":{"a":0,"k":0,"ix":4},"sa":{"a":0,"k":0,"ix":5},"nm":"Transform"}],"nm":"Group 12","np":2,"cix":2,"bm":0,"ix":1,"mn":"ADBE Vector Group","hd":false}],"ip":0,"op":187,"st":0,"bm":0},{"ddd":0,"ind":21,"ty":4,"nm":"face 2","sr":1,"ks":{"o":{"a":0,"k":100,"ix":11},"r":{"a":0,"k":0,"ix":10},"p":{"a":0,"k":[72.011,48.311,0],"ix":2},"a":{"a":0,"k":[296.922,200.91,0],"ix":1},"s":{"a":0,"k":[24,24,100],"ix":6}},"ao":0,"shapes":[{"ty":"gr","it":[{"ind":0,"ty":"sh","ix":1,"ks":{"a":0,"k":{"i":[[-4.81,-1.8],[-0.751,-0.149],[-1.18,-3.11],[-0.47,-0.98],[-2.165,-3.127],[-1.45,-1.86],[0.77,-8.69],[-18.21,-0.23],[-0.87,12.35],[0,0],[0,0],[0,0],[-1.809,7.418],[-0.39,1.46],[-0.606,0.554],[-1.761,5.322],[4.28,1.95],[0.813,-0.193],[0.051,-0.33],[0.771,-3.44],[0.17,-0.71],[0.1,1.35],[0.04,0.52],[0.08,0.72],[0.209,1.44],[0,0],[8.1,7.39],[3.28,-7.97],[0,0],[0,0],[0,0],[0,0],[0,0],[2.51,3.88],[0.166,-0.014],[0.577,-1.166],[-1.2,-2.47]],"o":[[0.713,0.277],[0.83,2.74],[0.37,0.85],[1.669,3.417],[1,1.43],[-0.77,8.69],[1.56,12.06],[18.81,-0.19],[0,0],[0,0],[0,0],[4.288,-6.318],[0.3,-1.46],[0.722,-0.39],[4.14,-3.779],[1.63,-6],[-0.773,-0.317],[0,0.35],[-0.54,3.87],[-0.159,0.74],[-0.06,-1.45],[0,-0.52],[-0.07,-0.75],[-0.17,-1.57],[-2.661,-17.78],[-43.58,3.53],[-0.89,11.06],[0,0],[0,0],[0,0],[0,0],[0,0],[-0.43,-0.6],[-0.167,-0.014],[-1.23,0.423],[-4.44,7.31],[0.6,1.21]],"v":[[-42.545,-3.31],[-40.345,-2.67],[-37.345,6.13],[-36.095,8.89],[-30.335,18.72],[-26.685,23.72],[-28.975,50],[4.165,75.4],[38.635,49.27],[34.545,24.27],[34.345,23.05],[35.175,21.87],[44.394,1.1],[45.465,-3.27],[47.465,-4.69],[56.465,-18.57],[54.665,-37.3],[52.225,-37.49],[52.104,-36.49],[50.104,-25.57],[49.635,-23.34],[49.385,-27.53],[49.265,-29.05],[49.045,-31.26],[48.475,-35.77],[39.905,-61.01],[-31.195,-75.4],[-44.365,-33.69],[-44.835,-32.56],[-44.835,-32.45],[-45.405,-31.08],[-45.405,-30.97],[-45.465,-30.83],[-51.185,-38.71],[-51.685,-38.71],[-54.505,-36.23],[-50.595,-11.23]],"c":true},"ix":2},"nm":"Path 1","mn":"ADBE Vector Shape - Group","hd":false},{"ty":"fl","c":{"a":0,"k":[0.969000004787,0.698000021542,0.497999991623,1],"ix":4},"o":{"a":0,"k":100,"ix":5},"r":1,"bm":0,"nm":"Fill 1","mn":"ADBE Vector Graphic - Fill","hd":false},{"ty":"tr","p":{"a":0,"k":[295.995,276.31],"ix":2},"a":{"a":0,"k":[0,0],"ix":1},"s":{"a":0,"k":[100,100],"ix":3},"r":{"a":0,"k":0,"ix":6},"o":{"a":0,"k":100,"ix":7},"sk":{"a":0,"k":0,"ix":4},"sa":{"a":0,"k":0,"ix":5},"nm":"Transform"}],"nm":"Group 13","np":2,"cix":2,"bm":0,"ix":1,"mn":"ADBE Vector Group","hd":false}],"ip":0,"op":187,"st":0,"bm":0},{"ddd":0,"ind":22,"ty":4,"nm":"brazo-izq","sr":1,"ks":{"o":{"a":0,"k":100,"ix":11},"r":{"a":0,"k":0,"ix":10},"p":{"a":0,"k":[41.699,119.245,0],"ix":2},"a":{"a":0,"k":[170.62,496.856,0],"ix":1},"s":{"a":0,"k":[24,24,100],"ix":6}},"ao":0,"shapes":[{"ty":"gr","it":[{"ind":0,"ty":"sh","ix":1,"ks":{"a":0,"k":{"i":[[0,0],[0,0],[21.52,0],[7.671,-1.679],[0,0],[-9.89,1.3],[0,0],[-1.734,8.736]],"o":[[0,0],[0,-6.73],[-7.853,-0.077],[0,0],[0,9.88],[0,0],[8.802,-1.356],[0,0]],"v":[[-63.39,-11.127],[-69.94,-22.977],[-102.05,-35.167],[-125.41,-32.757],[-125.41,18.413],[-107.52,33.943],[107.86,5.563],[125.41,-11.247]],"c":true},"ix":2},"nm":"Path 1","mn":"ADBE Vector Shape - Group","hd":false},{"ty":"mm","mm":4,"nm":"Merge Paths 1","mn":"ADBE Vector Filter - Merge","hd":false},{"ty":"fl","c":{"a":0,"k":[0.882000014361,0.569000004787,0.352999997606,1],"ix":4},"o":{"a":0,"k":100,"ix":5},"r":1,"bm":0,"nm":"Fill 1","mn":"ADBE Vector Graphic - Fill","hd":false},{"ty":"tr","p":{"a":0,"k":[296.03,462.756],"ix":2},"a":{"a":0,"k":[0,0],"ix":1},"s":{"a":0,"k":[100,100],"ix":3},"r":{"a":0,"k":0,"ix":6},"o":{"a":0,"k":100,"ix":7},"sk":{"a":0,"k":0,"ix":4},"sa":{"a":0,"k":0,"ix":5},"nm":"Transform"}],"nm":"Group 14","np":3,"cix":2,"bm":0,"ix":1,"mn":"ADBE Vector Group","hd":false}],"ip":0,"op":187,"st":0,"bm":0},{"ddd":0,"ind":23,"ty":4,"nm":"tshirt","sr":1,"ks":{"o":{"a":0,"k":100,"ix":11},"r":{"a":0,"k":0,"ix":10},"p":{"a":0,"k":[72.752,98.204,0],"ix":2},"a":{"a":0,"k":[300.01,409.182,0],"ix":1},"s":{"a":0,"k":[24,24,100],"ix":6}},"ao":0,"shapes":[{"ty":"gr","it":[{"ind":0,"ty":"sh","ix":1,"ks":{"a":0,"k":{"i":[[11.41,15.43],[36.739,0.201],[0,0],[0,0],[18.81,-0.189],[1.69,12],[0.56,0],[0.14,0],[10.77,-14.599],[0,-35.28],[-21.55,0],[0,-6.731],[12.27,-2.05],[-6.94,0.91],[0,0],[0,0],[0,9.75],[-0.05,1.54]],"o":[[-10.771,-14.601],[0,0],[0,0],[-0.87,12.351],[-18.1,-0.239],[-2,0.16],[-2.92,0],[-36.74,0.19],[-11.41,15.53],[0,-6.731],[21.55,0],[0,4.66],[-12.34,18.1],[0,0],[0,0],[9.75,1.29],[0,0],[1.21,-35.271]],"v":[[116.785,-50.055],[46.985,-84.156],[36.715,-84.156],[34.065,-84.156],[-0.405,-58.026],[-33.545,-83.424],[-38.855,-83.326],[-48.995,-83.535],[-117.505,-50.106],[-145.585,30.155],[-106.585,17.965],[-74.475,30.155],[-88.235,40.905],[-114.015,83.245],[1.775,63.924],[107.014,75.755],[78.865,24.555],[144.375,30.165]],"c":true},"ix":2},"nm":"Path 1","mn":"ADBE Vector Shape - Group","hd":false},{"ty":"mm","mm":4,"nm":"Merge Paths 1","mn":"ADBE Vector Filter - Merge","hd":false},{"ty":"fl","c":{"a":0,"k":[0,0.4,0.658999992819,1],"ix":4},"o":{"a":0,"k":100,"ix":5},"r":1,"bm":0,"nm":"Fill 1","mn":"ADBE Vector Graphic - Fill","hd":false},{"ty":"tr","p":{"a":0,"k":[300.585,409.625],"ix":2},"a":{"a":0,"k":[0,0],"ix":1},"s":{"a":0,"k":[100,100],"ix":3},"r":{"a":0,"k":0,"ix":6},"o":{"a":0,"k":100,"ix":7},"sk":{"a":0,"k":0,"ix":4},"sa":{"a":0,"k":0,"ix":5},"nm":"Transform"}],"nm":"Group 15","np":3,"cix":2,"bm":0,"ix":1,"mn":"ADBE Vector Group","hd":false}],"ip":0,"op":187,"st":-9,"bm":0},{"ddd":0,"ind":24,"ty":4,"nm":"back-manga","sr":1,"ks":{"o":{"a":0,"k":100,"ix":11},"r":{"a":0,"k":0,"ix":10},"p":{"a":0,"k":[47.303,105.547,0],"ix":2},"a":{"a":0,"k":[193.97,439.78,0],"ix":1},"s":{"a":0,"k":[24,24,100],"ix":6}},"ao":0,"shapes":[{"ty":"gr","it":[{"ind":0,"ty":"sh","ix":1,"ks":{"a":0,"k":{"i":[[-21.523,0],[0,-6.732],[21.522,0],[0,6.733]],"o":[[21.522,0],[0,6.733],[-21.523,0],[0,-6.732]],"v":[[0,-12.19],[38.97,0],[0,12.19],[-38.97,0]],"c":true},"ix":2},"nm":"Path 1","mn":"ADBE Vector Shape - Group","hd":false},{"ty":"mm","mm":4,"nm":"Merge Paths 1","mn":"ADBE Vector Filter - Merge","hd":false},{"ty":"fl","c":{"a":0,"k":[0,0.180000005984,0.395999983245,1],"ix":4},"o":{"a":0,"k":100,"ix":5},"r":1,"bm":0,"nm":"Fill 1","mn":"ADBE Vector Graphic - Fill","hd":false},{"ty":"tr","p":{"a":0,"k":[193.97,439.78],"ix":2},"a":{"a":0,"k":[0,0],"ix":1},"s":{"a":0,"k":[100,100],"ix":3},"r":{"a":0,"k":0,"ix":6},"o":{"a":0,"k":100,"ix":7},"sk":{"a":0,"k":0,"ix":4},"sa":{"a":0,"k":0,"ix":5},"nm":"Transform"}],"nm":"Group 16","np":3,"cix":2,"bm":0,"ix":1,"mn":"ADBE Vector Group","hd":false}],"ip":0,"op":187,"st":0,"bm":0},{"ddd":0,"ind":25,"ty":4,"nm":"shadow+","sr":1,"ks":{"o":{"a":0,"k":100,"ix":11},"r":{"a":0,"k":0,"ix":10},"p":{"a":0,"k":[49.95,117.547,0],"ix":2},"a":{"a":0,"k":[205,489.781,0],"ix":1},"s":{"a":0,"k":[24,24,100],"ix":6}},"ao":0,"shapes":[{"ty":"gr","it":[{"ty":"gr","it":[{"ind":0,"ty":"sh","ix":1,"ks":{"a":0,"k":{"i":[[3.201,-2.432],[0.46,-6.571],[0.119,-0.09],[0.716,0.094],[2.58,-8.98],[-2.76,-7.6],[-1.454,-2.115],[0.166,-0.014],[0.576,-1.167],[-1.2,-2.47],[-4.81,-1.781],[-0.751,-0.149],[-1.18,-3.111],[-0.471,-0.98],[-2.165,-3.127],[-1.45,-1.86],[0.769,-8.69],[0.56,0],[0.14,0],[10.77,-14.6],[0,-35.281],[-9.48,-2.22],[0,0],[-9.89,1.299],[0,0],[0,0],[0,9.88],[0,0],[0,3.99],[1.63,8.07],[0.092,0.454],[0.346,1.488],[0.821,2.487],[0.313,0.887],[3.179,6.063],[0.399,0.733],[0.807,1.373],[0.799,1.293],[1.151,1.69],[1.071,1.45],[3.778,3.489],[1.142,0.953],[1.239,0.919],[1.34,0.886],[9.52,2.287],[7.434,0.011],[0,0],[0,0],[0,0],[0,0],[0,0],[0,0],[-1.811,7.418],[-0.39,1.461],[-0.606,0.553],[-1.76,5.321],[4.28,1.95],[0.808,-0.186],[-0.181,1.8],[-0.933,3.674],[3.18,8.76],[4.649,5.04],[19.099,3.55],[5.534,0.001]],"o":[[-7.65,5.8],[-0.146,0.036],[-0.599,-0.406],[-6,-0.66],[-1.72,6],[0.965,2.378],[-0.167,-0.014],[-1.231,0.422],[-4.44,7.31],[0.61,1.181],[0.713,0.277],[0.831,2.74],[0.37,0.849],[1.668,3.417],[1,1.43],[-0.77,8.69],[-2,0.16],[-2.92,0],[-36.741,0.19],[-11.48,15.58],[0,3.999],[0,0],[0,9.88],[0,0],[0,0],[9.879,1.3],[0,0],[9.48,-2.22],[0.267,-8.228],[-0.092,-0.453],[-0.321,-1.52],[-0.667,-2.665],[-0.292,-0.907],[-2.261,-6.46],[-0.393,-0.754],[-0.794,-1.467],[-0.807,-1.373],[-1.201,-1.92],[-1.149,-1.69],[-3.06,-4.134],[-1.047,-0.967],[-1.139,-0.954],[-1.24,-0.927],[-8.171,-5.395],[-7.23,-1.73],[0,0],[0,0],[0,0],[0,0],[0,0],[0,0],[4.289,-6.317],[0.299,-1.46],[0.723,-0.39],[4.141,-3.779],[1.63,-6.001],[-0.767,-0.316],[0.25,-1.9],[2.528,-2.823],[1.27,-5.181],[-4.81,-13.26],[-7.521,-8.15],[-9.65,-1.796],[-4.727,0]],"v":[[114.66,-273.285],[104.66,-250.426],[104.26,-250.236],[102.26,-250.995],[87.26,-229.826],[86.2,-208.935],[89.84,-202.176],[89.34,-202.176],[86.52,-199.695],[90.43,-174.695],[98.54,-166.826],[100.74,-166.185],[103.74,-157.384],[104.991,-154.625],[110.75,-144.796],[114.4,-139.796],[112.111,-113.516],[106.8,-113.415],[96.66,-113.626],[28.15,-80.195],[0,0.116],[15.62,9.865],[15.62,41.535],[33.51,57.066],[167.81,39.335],[256.43,57.035],[274.32,41.504],[274.32,9.875],[289.941,0.125],[287.889,-24.405],[287.611,-25.766],[286.611,-30.276],[284.379,-38.005],[283.47,-40.695],[275.299,-59.505],[274.111,-61.736],[271.71,-65.996],[269.3,-69.996],[265.759,-75.405],[262.41,-80.116],[252.13,-91.576],[248.849,-94.455],[245.28,-97.265],[241.41,-99.986],[214.67,-111.595],[192.599,-114.215],[187.41,-114.215],[182.33,-114.215],[179.68,-114.215],[175.59,-139.215],[175.389,-140.436],[176.219,-141.616],[185.441,-162.385],[186.51,-166.755],[188.51,-168.174],[197.51,-182.055],[195.71,-200.785],[193.29,-200.986],[193.94,-206.546],[199.21,-216.435],[196.49,-235.275],[184.62,-260.195],[148.441,-273.565],[126.21,-276.676]],"c":true},"ix":2},"nm":"Path 2","mn":"ADBE Vector Shape - Group","hd":false},{"ty":"tr","p":{"a":0,"k":[0,0],"ix":2},"a":{"a":0,"k":[0,0],"ix":1},"s":{"a":0,"k":[100,100],"ix":3},"r":{"a":0,"k":0,"ix":6},"o":{"a":0,"k":100,"ix":7},"sk":{"a":0,"k":0,"ix":4},"sa":{"a":0,"k":0,"ix":5},"nm":"Transform"}],"nm":"Group 1","np":1,"cix":2,"bm":0,"ix":1,"mn":"ADBE Vector Group","hd":false},{"ty":"mm","mm":4,"nm":"Merge Paths 1","mn":"ADBE Vector Filter - Merge","hd":false},{"ty":"gf","o":{"a":0,"k":100,"ix":10},"r":1,"bm":0,"g":{"p":3,"k":{"a":0,"k":[0,0.098,0.149,0.278,0.503,0.098,0.149,0.278,1,0.098,0.149,0.278,0,0.5,0.5,0.25,1,0],"ix":9}},"s":{"a":0,"k":[25,-240],"ix":5},"e":{"a":0,"k":[232,93],"ix":6},"t":1,"nm":"Gradient Fill 1","mn":"ADBE Vector Graphic - G-Fill","hd":false},{"ty":"tr","p":{"a":0,"k":[205,489.665],"ix":2},"a":{"a":0,"k":[0,0],"ix":1},"s":{"a":0,"k":[100,100],"ix":3},"r":{"a":0,"k":0,"ix":6},"o":{"a":0,"k":100,"ix":7},"sk":{"a":0,"k":0,"ix":4},"sa":{"a":0,"k":0,"ix":5},"nm":"Transform"}],"nm":"Group 17","np":3,"cix":2,"bm":0,"ix":1,"mn":"ADBE Vector Group","hd":false}],"ip":0,"op":187,"st":0,"bm":0}],"markers":[]}