{"v":"5.5.7","fr":60,"ip":0,"op":150,"w":144,"h":144,"nm":"micro-1","ddd":0,"assets":[],"layers":[{"ddd":0,"ind":1,"ty":3,"nm":"Null 6","parent":10,"sr":1,"ks":{"o":{"a":0,"k":0,"ix":11},"r":{"a":0,"k":0,"ix":10},"p":{"a":0,"k":[0.406,-14.422,0],"ix":2},"a":{"a":0,"k":[0,0,0],"ix":1},"s":{"a":0,"k":[24,24,100],"ix":6}},"ao":0,"ip":0,"op":153,"st":0,"bm":0},{"ddd":0,"ind":2,"ty":4,"nm":"Group 9","parent":1,"sr":1,"ks":{"o":{"a":0,"k":100,"ix":11},"r":{"a":0,"k":0,"ix":10},"p":{"a":0,"k":[-61.149,53.742,0],"ix":2},"a":{"a":0,"k":[240.604,295.992,0],"ix":1},"s":{"a":0,"k":[100,100,100],"ix":6}},"ao":0,"shapes":[{"ty":"gr","it":[{"ind":0,"ty":"sh","ix":1,"ks":{"a":0,"k":{"i":[[0,0],[0,0],[0,0]],"o":[[0,0],[0,0],[0,0]],"v":[[19.475,19.475],[-19.476,19.475],[-19.476,-19.475]],"c":false},"ix":2},"nm":"Path 1","mn":"ADBE Vector Shape - Group","hd":false},{"ty":"st","c":{"a":0,"k":[0.972999961703,0.804000016755,0.313999998803,1],"ix":3},"o":{"a":0,"k":100,"ix":4},"w":{"a":0,"k":7.2,"ix":5},"lc":2,"lj":2,"bm":0,"nm":"Stroke 1","mn":"ADBE Vector Graphic - Stroke","hd":false},{"ty":"tr","p":{"a":0,"k":[260.079,276.516],"ix":2},"a":{"a":0,"k":[0,0],"ix":1},"s":{"a":0,"k":[100,100],"ix":3},"r":{"a":0,"k":0,"ix":6},"o":{"a":0,"k":100,"ix":7},"sk":{"a":0,"k":0,"ix":4},"sa":{"a":0,"k":0,"ix":5},"nm":"Transform"}],"nm":"Group 1","np":2,"cix":2,"bm":0,"ix":1,"mn":"ADBE Vector Group","hd":false},{"ty":"tm","s":{"a":1,"k":[{"i":{"x":[0.667],"y":[1]},"o":{"x":[0.333],"y":[0]},"t":71,"s":[100],"e":[0]},{"t":92}],"ix":1},"e":{"a":0,"k":100,"ix":2},"o":{"a":0,"k":0,"ix":3},"m":1,"ix":2,"nm":"Trim Paths 1","mn":"ADBE Vector Filter - Trim","hd":false}],"ip":0,"op":153,"st":0,"bm":0},{"ddd":0,"ind":3,"ty":4,"nm":"Group 8","parent":1,"sr":1,"ks":{"o":{"a":0,"k":100,"ix":11},"r":{"a":0,"k":0,"ix":10},"p":{"a":0,"k":[29.579,34.266,0],"ix":2},"a":{"a":0,"k":[331.331,276.516,0],"ix":1},"s":{"a":0,"k":[100,100,100],"ix":6}},"ao":0,"shapes":[{"ty":"gr","it":[{"ind":0,"ty":"sh","ix":1,"ks":{"a":0,"k":{"i":[[0,0],[0,0],[0,0]],"o":[[0,0],[0,0],[0,0]],"v":[[19.475,-19.475],[19.475,19.476],[-19.476,19.476]],"c":false},"ix":2},"nm":"Path 1","mn":"ADBE Vector Shape - Group","hd":false},{"ty":"st","c":{"a":0,"k":[0.972999961703,0.804000016755,0.313999998803,1],"ix":3},"o":{"a":0,"k":100,"ix":4},"w":{"a":0,"k":7.2,"ix":5},"lc":2,"lj":2,"bm":0,"nm":"Stroke 1","mn":"ADBE Vector Graphic - Stroke","hd":false},{"ty":"tr","p":{"a":0,"k":[331.331,276.516],"ix":2},"a":{"a":0,"k":[0,0],"ix":1},"s":{"a":0,"k":[100,100],"ix":3},"r":{"a":0,"k":0,"ix":6},"o":{"a":0,"k":100,"ix":7},"sk":{"a":0,"k":0,"ix":4},"sa":{"a":0,"k":0,"ix":5},"nm":"Transform"}],"nm":"Group 2","np":2,"cix":2,"bm":0,"ix":1,"mn":"ADBE Vector Group","hd":false},{"ty":"tm","s":{"a":0,"k":0,"ix":1},"e":{"a":1,"k":[{"i":{"x":[0.667],"y":[1]},"o":{"x":[0.333],"y":[0]},"t":71,"s":[0],"e":[100]},{"t":92}],"ix":2},"o":{"a":0,"k":0,"ix":3},"m":1,"ix":2,"nm":"Trim Paths 1","mn":"ADBE Vector Filter - Trim","hd":false}],"ip":0,"op":153,"st":0,"bm":0},{"ddd":0,"ind":4,"ty":4,"nm":"Group 3","parent":1,"sr":1,"ks":{"o":{"a":0,"k":100,"ix":11},"r":{"a":0,"k":0,"ix":10},"p":{"a":0,"k":[29.579,-37.936,0],"ix":2},"a":{"a":0,"k":[331.331,204.314,0],"ix":1},"s":{"a":0,"k":[100,100,100],"ix":6}},"ao":0,"shapes":[{"ty":"gr","it":[{"ind":0,"ty":"sh","ix":1,"ks":{"a":0,"k":{"i":[[0,0],[0,0],[0,0]],"o":[[0,0],[0,0],[0,0]],"v":[[-19.475,-19.476],[19.475,-19.476],[19.475,19.476]],"c":false},"ix":2},"nm":"Path 1","mn":"ADBE Vector Shape - Group","hd":false},{"ty":"st","c":{"a":0,"k":[0.972999961703,0.804000016755,0.313999998803,1],"ix":3},"o":{"a":0,"k":100,"ix":4},"w":{"a":0,"k":7.2,"ix":5},"lc":2,"lj":2,"bm":0,"nm":"Stroke 1","mn":"ADBE Vector Graphic - Stroke","hd":false},{"ty":"tr","p":{"a":0,"k":[331.331,204.314],"ix":2},"a":{"a":0,"k":[0,0],"ix":1},"s":{"a":0,"k":[100,100],"ix":3},"r":{"a":0,"k":0,"ix":6},"o":{"a":0,"k":100,"ix":7},"sk":{"a":0,"k":0,"ix":4},"sa":{"a":0,"k":0,"ix":5},"nm":"Transform"}],"nm":"Group 3","np":2,"cix":2,"bm":0,"ix":1,"mn":"ADBE Vector Group","hd":false},{"ty":"tm","s":{"a":0,"k":0,"ix":1},"e":{"a":1,"k":[{"i":{"x":[0.667],"y":[1]},"o":{"x":[0.333],"y":[0]},"t":71,"s":[0],"e":[100]},{"t":92}],"ix":2},"o":{"a":0,"k":0,"ix":3},"m":1,"ix":2,"nm":"Trim Paths 1","mn":"ADBE Vector Filter - Trim","hd":false}],"ip":0,"op":153,"st":0,"bm":0},{"ddd":0,"ind":5,"ty":4,"nm":"Group 4","parent":1,"sr":1,"ks":{"o":{"a":0,"k":100,"ix":11},"r":{"a":0,"k":0,"ix":10},"p":{"a":0,"k":[-41.673,-37.936,0],"ix":2},"a":{"a":0,"k":[260.079,204.314,0],"ix":1},"s":{"a":0,"k":[100,100,100],"ix":6}},"ao":0,"shapes":[{"ty":"gr","it":[{"ind":0,"ty":"sh","ix":1,"ks":{"a":0,"k":{"i":[[0,0],[0,0],[0,0]],"o":[[0,0],[0,0],[0,0]],"v":[[-19.475,19.475],[-19.475,-19.475],[19.475,-19.475]],"c":false},"ix":2},"nm":"Path 1","mn":"ADBE Vector Shape - Group","hd":false},{"ty":"st","c":{"a":0,"k":[0.972999961703,0.804000016755,0.313999998803,1],"ix":3},"o":{"a":0,"k":100,"ix":4},"w":{"a":0,"k":7.2,"ix":5},"lc":2,"lj":2,"bm":0,"nm":"Stroke 1","mn":"ADBE Vector Graphic - Stroke","hd":false},{"ty":"tr","p":{"a":0,"k":[260.079,204.314],"ix":2},"a":{"a":0,"k":[0,0],"ix":1},"s":{"a":0,"k":[100,100],"ix":3},"r":{"a":0,"k":0,"ix":6},"o":{"a":0,"k":100,"ix":7},"sk":{"a":0,"k":0,"ix":4},"sa":{"a":0,"k":0,"ix":5},"nm":"Transform"}],"nm":"Group 4","np":2,"cix":2,"bm":0,"ix":1,"mn":"ADBE Vector Group","hd":false},{"ty":"tm","s":{"a":1,"k":[{"i":{"x":[0.667],"y":[1]},"o":{"x":[0.333],"y":[0]},"t":71,"s":[100],"e":[0]},{"t":92}],"ix":1},"e":{"a":0,"k":100,"ix":2},"o":{"a":0,"k":0,"ix":3},"m":1,"ix":2,"nm":"Trim Paths 1","mn":"ADBE Vector Filter - Trim","hd":false}],"ip":0,"op":153,"st":0,"bm":0},{"ddd":0,"ind":6,"ty":3,"nm":"man","sr":1,"ks":{"o":{"a":0,"k":0,"ix":11},"r":{"a":0,"k":0,"ix":10},"p":{"a":0,"k":[72,72,0],"ix":2},"a":{"a":0,"k":[0,0,0],"ix":1},"s":{"a":0,"k":[101,101,100],"ix":6}},"ao":0,"ip":0,"op":153,"st":0,"bm":0},{"ddd":0,"ind":7,"ty":4,"nm":"head","parent":6,"sr":1,"ks":{"o":{"a":0,"k":100,"ix":11},"r":{"a":0,"k":0,"ix":10},"p":{"a":1,"k":[{"i":{"x":0.667,"y":1},"o":{"x":0.333,"y":0},"t":44,"s":[-0.503,8.898,0],"e":[-0.446,-25.464,0],"to":[0.009,-1.98,0],"ti":[-0.016,3.443,0]},{"i":{"x":0.667,"y":1},"o":{"x":0.333,"y":0},"t":56,"s":[-0.446,-25.464,0],"e":[-0.94,-15.977,0],"to":[0.003,-0.579,0],"ti":[0.082,-1.581,0]},{"t":80}],"ix":2},"a":{"a":0,"k":[298.604,237.057,0],"ix":1},"s":{"a":1,"k":[{"i":{"x":[0.833,0.833,0.833],"y":[0.833,0.833,0.833]},"o":{"x":[0.167,0.167,0.167],"y":[0.167,0.167,0.167]},"t":44,"s":[10,10,100],"e":[24,24,100]},{"t":68}],"ix":6}},"ao":0,"shapes":[{"ty":"gr","it":[{"ind":0,"ty":"sh","ix":1,"ks":{"a":1,"k":[{"i":{"x":0.667,"y":1},"o":{"x":0.333,"y":0},"t":44,"s":[{"i":[[0,0],[0,0],[0,0],[-2.323,3.082],[-0.21,0.761],[-0.303,0.285],[-0.921,2.762],[-0.351,2.428],[0.42,-0.099],[-0.09,0.93],[-0.483,1.905],[1.65,4.54],[2.42,2.61],[8.553,0.314],[1.854,-0.867],[2.067,-2.039],[0.062,-0.047],[0.28,-0.261],[1.34,-4.681],[0.469,-5.862],[0.141,-2.591],[0.086,-0.008],[0.3,-0.601],[-0.59,-1.319],[-0.963,-1.94],[-0.389,-0.077],[-0.62,-1.56],[-0.24,-0.509],[-1.127,-1.619],[-0.75,-0.951],[-13.167,0]],"o":[[0,0],[0,0],[2.223,-3.275],[0.16,-0.759],[0.362,-0.205],[2.154,-1.959],[0.85,-3.121],[-0.398,-0.165],[0.13,-1],[1.88,-1.363],[0.659,-2.68],[-2.5,-6.87],[-3.9,-4.22],[-9.434,-0.347],[-4.529,2.118],[-0.076,0.019],[-0.317,-0.215],[-3.434,3.208],[-0.89,3.109],[-0.313,2.992],[-0.119,2.181],[-0.636,0.218],[0.819,4.463],[0.888,1.808],[0.369,0.144],[0.43,1.419],[0.19,0.44],[0.87,1.77],[0.51,0.739],[0,0],[8.5,0]],"v":[[13.353,30.901],[14.586,29.656],[16.318,27.744],[20.577,20.36],[21.658,18.35],[24.22,15.007],[25.785,10.932],[28.5,4.087],[28.283,0.6],[28.352,-1.498],[29.52,-8.19],[28.631,-16.658],[21.429,-28.015],[5.273,-34.425],[-12.507,-32.201],[-19.751,-26.863],[-19.7,-26.242],[-22.062,-24.818],[-28.28,-15.38],[-29.351,-7.155],[-29.023,0.252],[-28.502,3.116],[-28.399,6.218],[-26.399,14.791],[-23.231,19.392],[-20.268,21.546],[-19.489,23.762],[-18.839,25.191],[-16.36,27.157],[-13.168,29.737],[0.108,32.327]],"c":true}],"e":[{"i":[[0,0],[0,0],[0,0],[-0.938,3.847],[-0.21,0.761],[-0.303,0.285],[-0.921,2.762],[2.221,1.009],[0.42,-0.099],[-0.09,0.93],[-0.483,1.905],[1.65,4.54],[2.42,2.61],[9.9,1.839],[3.61,-2.73],[0.22,-3.4],[0.062,-0.047],[0.38,0.047],[1.34,-4.681],[-1.45,-3.94],[-0.755,-1.096],[0.086,-0.008],[0.3,-0.601],[-0.59,-1.319],[-1.834,-0.83],[-0.389,-0.077],[-0.62,-1.56],[-0.24,-0.509],[-1.127,-1.619],[-0.75,-0.951],[-13.167,0]],"o":[[0,0],[0,0],[2.223,-3.275],[0.16,-0.759],[0.362,-0.205],[2.154,-1.959],[0.85,-3.121],[-0.398,-0.165],[0.13,-1],[1.31,-1.465],[0.659,-2.68],[-2.5,-6.87],[-3.9,-4.22],[-9.28,-1.73],[-4,3],[-0.076,0.019],[-0.317,-0.215],[-3.12,-0.34],[-0.89,3.109],[0.502,1.231],[-0.086,-0.008],[-0.636,0.218],[-2.3,3.79],[0.888,1.808],[0.369,0.144],[0.43,1.419],[0.19,0.44],[0.87,1.77],[0.51,0.739],[0,0],[8.5,0]],"v":[[16.218,34.286],[17.711,32.521],[18.141,31.911],[22.921,21.141],[23.48,18.871],[24.48,18.132],[29.171,10.932],[28.24,1.222],[26.98,1.121],[27.311,-1.758],[30.041,-6.888],[28.631,-16.658],[22.471,-29.578],[3.711,-36.508],[-13.809,-36.368],[-18.969,-24.519],[-19.179,-24.419],[-20.239,-24.818],[-28.019,-13.818],[-28.569,-2.988],[-26.679,0.512],[-26.939,0.512],[-28.399,1.791],[-26.399,14.791],[-22.189,18.871],[-21.049,19.202],[-19.489,23.762],[-18.839,25.191],[-15.839,30.282],[-13.949,32.862],[1.931,39.098]],"c":true}]},{"i":{"x":0.667,"y":1},"o":{"x":0.333,"y":0},"t":68,"s":[{"i":[[0,0],[0,0],[0,0],[-0.938,3.847],[-0.21,0.761],[-0.303,0.285],[-0.921,2.762],[2.221,1.009],[0.42,-0.099],[-0.09,0.93],[-0.483,1.905],[1.65,4.54],[2.42,2.61],[9.9,1.839],[3.61,-2.73],[0.22,-3.4],[0.062,-0.047],[0.38,0.047],[1.34,-4.681],[-1.45,-3.94],[-0.755,-1.096],[0.086,-0.008],[0.3,-0.601],[-0.59,-1.319],[-1.834,-0.83],[-0.389,-0.077],[-0.62,-1.56],[-0.24,-0.509],[-1.127,-1.619],[-0.75,-0.951],[-13.167,0]],"o":[[0,0],[0,0],[2.223,-3.275],[0.16,-0.759],[0.362,-0.205],[2.154,-1.959],[0.85,-3.121],[-0.398,-0.165],[0.13,-1],[1.31,-1.465],[0.659,-2.68],[-2.5,-6.87],[-3.9,-4.22],[-9.28,-1.73],[-4,3],[-0.076,0.019],[-0.317,-0.215],[-3.12,-0.34],[-0.89,3.109],[0.502,1.231],[-0.086,-0.008],[-0.636,0.218],[-2.3,3.79],[0.888,1.808],[0.369,0.144],[0.43,1.419],[0.19,0.44],[0.87,1.77],[0.51,0.739],[0,0],[8.5,0]],"v":[[16.218,34.286],[17.711,32.521],[18.141,31.911],[22.921,21.141],[23.48,18.871],[24.48,18.132],[29.171,10.932],[28.24,1.222],[26.98,1.121],[27.311,-1.758],[30.041,-6.888],[28.631,-16.658],[22.471,-29.578],[3.711,-36.508],[-13.809,-36.368],[-18.969,-24.519],[-19.179,-24.419],[-20.239,-24.818],[-28.019,-13.818],[-28.569,-2.988],[-26.679,0.512],[-26.939,0.512],[-28.399,1.791],[-26.399,14.791],[-22.189,18.871],[-21.049,19.202],[-19.489,23.762],[-18.839,25.191],[-15.839,30.282],[-13.949,32.862],[1.931,39.098]],"c":true}],"e":[{"i":[[0,0],[0,0],[0,0],[-0.938,3.847],[-0.21,0.761],[-0.303,0.285],[-0.921,2.762],[2.221,1.009],[0.42,-0.099],[-0.09,0.93],[-0.483,1.905],[1.65,4.54],[2.42,2.61],[9.9,1.839],[3.61,-2.73],[0.22,-3.4],[0.062,-0.047],[0.38,0.047],[1.34,-4.681],[-1.45,-3.94],[-0.755,-1.096],[0.086,-0.008],[0.3,-0.601],[-0.59,-1.319],[-1.834,-0.83],[-0.389,-0.077],[-0.62,-1.56],[-0.24,-0.509],[-1.127,-1.619],[-0.75,-0.951],[-13.167,0]],"o":[[0,0],[0,0],[2.223,-3.275],[0.16,-0.759],[0.362,-0.205],[2.154,-1.959],[0.85,-3.121],[-0.398,-0.165],[0.13,-1],[1.31,-1.465],[0.659,-2.68],[-2.5,-6.87],[-3.9,-4.22],[-9.28,-1.73],[-4,3],[-0.076,0.019],[-0.317,-0.215],[-3.12,-0.34],[-0.89,3.109],[0.502,1.231],[-0.086,-0.008],[-0.636,0.218],[-2.3,3.79],[0.888,1.808],[0.369,0.144],[0.43,1.419],[0.19,0.44],[0.87,1.77],[0.51,0.739],[0,0],[8.5,0]],"v":[[18.691,48.609],[18.882,32.521],[18.792,29.307],[22.921,21.141],[23.48,18.871],[24.48,18.132],[29.171,10.932],[28.24,1.222],[26.98,1.121],[27.311,-1.758],[30.041,-6.888],[28.631,-16.658],[22.471,-29.578],[3.711,-36.508],[-13.809,-36.368],[-18.969,-24.519],[-19.179,-24.419],[-20.239,-24.818],[-28.019,-13.818],[-28.569,-2.988],[-26.679,0.512],[-26.939,0.512],[-28.399,1.791],[-26.399,14.791],[-22.189,18.871],[-21.049,19.202],[-19.489,23.762],[-18.839,25.191],[-14.407,31.975],[-14.34,47.576],[1.67,52.249]],"c":true}]},{"t":80}],"ix":2},"nm":"Path 1","mn":"ADBE Vector Shape - Group","hd":false},{"ty":"fl","c":{"a":0,"k":[0,0.26699999641,0.505999995213,1],"ix":4},"o":{"a":0,"k":100,"ix":5},"r":1,"bm":0,"nm":"Fill 1","mn":"ADBE Vector Graphic - Fill","hd":false},{"ty":"tr","p":{"a":0,"k":[298.07,236.568],"ix":2},"a":{"a":0,"k":[0,0],"ix":1},"s":{"a":0,"k":[100,100],"ix":3},"r":{"a":0,"k":0,"ix":6},"o":{"a":0,"k":100,"ix":7},"sk":{"a":0,"k":0,"ix":4},"sa":{"a":0,"k":0,"ix":5},"nm":"Transform"}],"nm":"Group 1","np":2,"cix":2,"bm":0,"ix":1,"mn":"ADBE Vector Group","hd":false}],"ip":44,"op":153,"st":47,"bm":0},{"ddd":0,"ind":8,"ty":4,"nm":"red","parent":10,"sr":1,"ks":{"o":{"a":0,"k":100,"ix":11},"r":{"a":0,"k":0,"ix":10},"p":{"a":1,"k":[{"i":{"x":0.667,"y":1},"o":{"x":0.333,"y":0},"t":40,"s":[-0.225,37.822,0],"e":[-0.225,14.322,0],"to":[0,-1.15,0],"ti":[0,0.85,0]},{"i":{"x":0.667,"y":1},"o":{"x":0.167,"y":0},"t":57,"s":[-0.225,14.322,0],"e":[-0.225,25.822,0],"to":[0,-2,0],"ti":[0,0.85,0]},{"t":80}],"ix":2},"a":{"a":0,"k":[300,407.8,0],"ix":1},"s":{"a":1,"k":[{"i":{"x":[0.667,0.667,0.667],"y":[1,1,1]},"o":{"x":[0.333,0.333,0.333],"y":[0,0,0]},"t":41,"s":[4.9,4.9,100],"e":[24.01,24.01,100]},{"t":80}],"ix":6}},"ao":0,"shapes":[{"ty":"gr","it":[{"ind":0,"ty":"sh","ix":1,"ks":{"a":0,"k":{"i":[[-11.046,0],[0,-11.046],[11.046,0],[0,11.046]],"o":[[11.046,0],[0,11.046],[-11.046,0],[0,-11.046]],"v":[[0,-20],[20,0],[0,20],[-20,0]],"c":true},"ix":2},"nm":"Path 1","mn":"ADBE Vector Shape - Group","hd":false},{"ty":"fl","c":{"a":0,"k":[0.854901960784,0.223529411765,0.317647058824,1],"ix":4},"o":{"a":0,"k":100,"ix":5},"r":1,"bm":0,"nm":"Fill 1","mn":"ADBE Vector Graphic - Fill","hd":false},{"ty":"tr","p":{"a":0,"k":[300,408.82],"ix":2},"a":{"a":0,"k":[0,0],"ix":1},"s":{"a":0,"k":[100,100],"ix":3},"r":{"a":0,"k":0,"ix":6},"o":{"a":0,"k":100,"ix":7},"sk":{"a":0,"k":0,"ix":4},"sa":{"a":0,"k":0,"ix":5},"nm":"Transform"}],"nm":"Group 1","np":2,"cix":2,"bm":0,"ix":1,"mn":"ADBE Vector Group","hd":false}],"ip":41,"op":153,"st":46,"bm":0},{"ddd":0,"ind":9,"ty":4,"nm":"body","parent":6,"sr":1,"ks":{"o":{"a":0,"k":100,"ix":11},"r":{"a":0,"k":0,"ix":10},"p":{"a":0,"k":[-0.343,19.041,0],"ix":2},"a":{"a":0,"k":[300.05,327.107,0],"ix":1},"s":{"a":0,"k":[26,24,100],"ix":6}},"ao":0,"shapes":[{"ty":"gr","it":[{"ind":0,"ty":"sh","ix":1,"ks":{"a":1,"k":[{"i":{"x":0.667,"y":1},"o":{"x":0.333,"y":0},"t":66,"s":[{"i":[[0,0],[0.29,0],[0.07,0.057],[-0.291,0.054],[-0.054,-0.063],[0,0],[0,0],[-0.016,-1.022],[0,0],[-3.303,-0.008],[-0.475,0.076],[0,0],[0,0],[0.326,-0.127],[-0.1,-0.059],[0,0],[0,2.059],[-0.029,0.332],[0,0],[-0.261,-0.004],[0.052,0.09],[-0.194,-0.007],[0.075,0.303],[0,0],[-0.008,-0.038],[0.043,0.778],[0.087,1.316],[0.561,0.75],[1.95,-0.004],[0.328,-0.207],[0.195,-0.049],[0.437,-0.332],[-0.09,-0.061],[0.412,-0.006],[0,0]],"o":[[0.19,0.007],[-1.51,0],[-0.134,-0.063],[-0.291,-0.141],[0,0],[0,0],[-0.054,0.327],[-0.016,0.28],[-0.081,-0.092],[0.48,0.001],[0,0],[0,0],[-0.131,0.028],[0.131,-0.127],[0,0],[-0.035,0.12],[-0.193,-0.225],[0,0],[-0.085,0.326],[-0.261,-0.004],[0.052,-2.774],[-0.259,-0.072],[0,0],[0.044,0.03],[-0.008,-0.624],[-0.06,-1.103],[-0.07,-1.063],[-0.255,0.045],[-0.735,0.002],[0.068,-0.207],[-0.651,-0.049],[-0.084,-0.332],[0.106,-0.061],[0,0],[0,0]],"v":[[-17.102,-44.359],[-20.828,-44.439],[-74.656,-44.419],[-74.499,-28.39],[-74.736,9.814],[-74.671,13.404],[-74.736,20.881],[-74.774,27.764],[-74.644,40.571],[-61.135,40.487],[-57.617,40.386],[-2.495,40.645],[54.182,40.581],[61.733,40.606],[67.758,40.538],[67.693,19.851],[67.851,11.081],[67.687,1.606],[67.743,-0.797],[67.789,-5.155],[67.606,-8.504],[67.852,-11.011],[67.648,-14.381],[67.614,-17.299],[67.666,-21.071],[67.718,-24.498],[67.571,-29.001],[67.523,-44.527],[62.063,-44.477],[51.705,-44.275],[43.049,-44.433],[31.934,-44.28],[21.914,-44.421],[7.155,-44.475],[-3.451,-44.475]],"c":true}],"e":[{"i":[[0,0],[0.29,0],[0.09,0],[5.58,-7.571],[0,-18.299],[0,0],[0,0],[-4.92,-1.149],[0,0],[-4.418,-0.085],[-0.475,0.076],[0,0],[0,0],[-0.708,4.361],[0.01,0.48],[0,0],[0,2.059],[0.873,4.185],[0,0],[0.193,0.774],[0.426,1.3],[0.16,0.46],[1.649,3.143],[0,0],[0.419,0.714],[0.414,0.66],[0.6,0.881],[0.561,0.75],[1.959,1.809],[0.593,0.494],[0.62,0.48],[0.667,0.46],[4.934,1.181],[3.854,0.006],[0,0]],"o":[[-1,0.08],[-1.51,0],[-19,0.1],[-5.92,8],[0,0],[0,0],[0,2.071],[0,0],[-0.085,4.418],[0.48,0.009],[0,0],[0,0],[4.362,0.707],[0.077,-0.474],[0,0],[4.92,-1.15],[0.114,-4.274],[0,0],[-0.167,-0.787],[-0.347,-1.367],[-0.154,-0.473],[-1.174,-3.349],[0,0],[-0.414,-0.76],[-0.42,-0.713],[-0.621,-1],[-0.6,-0.88],[-1.586,-2.142],[-0.539,-0.5],[-0.594,-0.493],[-0.667,-0.48],[-4.237,-2.789],[-3.747,-0.897],[0,0],[0,0]],"v":[[-17.167,-44.359],[-19.917,-44.309],[-25.177,-44.419],[-60.697,-27.088],[-75.257,14.501],[-75.257,14.381],[-75.257,14.501],[-67.157,19.561],[-67.157,35.981],[-59.312,44.133],[-57.877,44.032],[11.763,34.851],[57.763,44.032],[66.941,37.416],[67.042,35.981],[67.042,19.591],[75.143,14.532],[74.002,1.801],[73.863,1.091],[73.323,-1.249],[72.163,-5.249],[71.693,-6.649],[67.453,-16.399],[66.833,-17.559],[65.583,-19.769],[64.333,-21.829],[62.493,-24.639],[60.752,-27.079],[55.422,-33.019],[53.723,-34.509],[51.903,-35.969],[49.903,-37.379],[36.042,-43.379],[24.603,-44.739],[17.903,-44.739]],"c":true}]},{"t":81}],"ix":2},"nm":"Path 1","mn":"ADBE Vector Shape - Group","hd":false},{"ty":"fl","c":{"a":0,"k":[0,0.26699999641,0.505999995213,1],"ix":4},"o":{"a":0,"k":100,"ix":5},"r":1,"bm":0,"nm":"Fill 1","mn":"ADBE Vector Graphic - Fill","hd":false},{"ty":"tr","p":{"a":1,"k":[{"i":{"x":0.667,"y":0.709},"o":{"x":0.333,"y":0},"t":40,"s":[300.097,397.159],"e":[300.097,245.859],"to":[0,-25.217],"ti":[0,18.38]},{"i":{"x":0.667,"y":1},"o":{"x":0.333,"y":0.83},"t":66,"s":[300.097,245.859],"e":[300.097,275.415],"to":[0,-5.07],"ti":[0,-0.042]},{"t":81}],"ix":2},"a":{"a":0,"k":[0,0],"ix":1},"s":{"a":1,"k":[{"i":{"x":[0.667,0.667],"y":[1,1]},"o":{"x":[0.333,0.333],"y":[0,0]},"t":40,"s":[11.25,18],"e":[25,40]},{"i":{"x":[0.667,0.667],"y":[1,1]},"o":{"x":[0.333,0.333],"y":[0,0]},"t":52,"s":[25,40],"e":[35,56]},{"i":{"x":[0.667,0.667],"y":[1,1]},"o":{"x":[0.333,0.333],"y":[0,0]},"t":66,"s":[35,56],"e":[100,109.5]},{"t":81}],"ix":3},"r":{"a":1,"k":[{"i":{"x":[0.667],"y":[1]},"o":{"x":[0.333],"y":[0]},"t":50,"s":[43],"e":[0]},{"t":68}],"ix":6},"o":{"a":0,"k":100,"ix":7},"sk":{"a":0,"k":0,"ix":4},"sa":{"a":0,"k":0,"ix":5},"nm":"Transform"}],"nm":"Group 2","np":2,"cix":2,"bm":0,"ix":1,"mn":"ADBE Vector Group","hd":false}],"ip":36,"op":153,"st":46,"bm":0},{"ddd":0,"ind":10,"ty":3,"nm":"cel","sr":1,"ks":{"o":{"a":0,"k":0,"ix":11},"r":{"a":0,"k":0,"ix":10},"p":{"a":0,"k":[72,72,0],"ix":2},"a":{"a":0,"k":[0,0,0],"ix":1},"s":{"a":0,"k":[100,100,100],"ix":6}},"ao":0,"ip":0,"op":153,"st":0,"bm":0},{"ddd":0,"ind":11,"ty":4,"nm":"reflejo","parent":10,"sr":1,"ks":{"o":{"a":1,"k":[{"i":{"x":[0.667],"y":[1]},"o":{"x":[0.333],"y":[0]},"t":64,"s":[0],"e":[50]},{"t":77}],"ix":11},"r":{"a":0,"k":0,"ix":10},"p":{"a":1,"k":[{"i":{"x":0.667,"y":1},"o":{"x":0.333,"y":0},"t":65,"s":[0.5,-0.5,0],"e":[-0.75,0,0],"to":[-0.208,0.083,0],"ti":[0.208,-0.083,0]},{"t":69}],"ix":2},"a":{"a":0,"k":[300,300,0],"ix":1},"s":{"a":0,"k":[25.5,25.5,100],"ix":6}},"ao":0,"shapes":[{"ty":"gr","it":[{"ty":"gr","it":[{"ind":0,"ty":"sh","ix":1,"ks":{"a":0,"k":{"i":[[0,0],[0,0],[0,0],[0,0],[0,0]],"o":[[0,0],[0,0],[0,0],[0,0],[0,0]],"v":[[-113,150.1],[-32.833,150.2],[112.877,-120.66],[113,-150.1],[-113,-150.1]],"c":true},"ix":2},"nm":"Path 3","mn":"ADBE Vector Shape - Group","hd":false},{"ty":"rd","nm":"Round Corners 1","r":{"a":0,"k":0,"ix":1},"ix":2,"mn":"ADBE Vector Filter - RC","hd":false},{"ty":"tr","p":{"a":0,"k":[0,0],"ix":2},"a":{"a":0,"k":[0,0],"ix":1},"s":{"a":0,"k":[100,100],"ix":3},"r":{"a":0,"k":0,"ix":6},"o":{"a":0,"k":100,"ix":7},"sk":{"a":0,"k":0,"ix":4},"sa":{"a":0,"k":0,"ix":5},"nm":"Transform"}],"nm":"Group 1","np":2,"cix":2,"bm":0,"ix":1,"mn":"ADBE Vector Group","hd":false},{"ty":"gf","o":{"a":0,"k":50,"ix":10},"r":1,"bm":0,"g":{"p":3,"k":{"a":0,"k":[0,0.981,0.981,0.981,0.502,0.949,0.971,0.973,0.997,0.918,0.961,0.965,0,0.5,0.5,0.3,0.999,0.1],"ix":9}},"s":{"a":0,"k":[-62,-92],"ix":5},"e":{"a":0,"k":[53,72],"ix":6},"t":1,"nm":"Gradient Fill 1","mn":"ADBE Vector Graphic - G-Fill","hd":false},{"ty":"tr","p":{"a":0,"k":[300,300],"ix":2},"a":{"a":0,"k":[0,0],"ix":1},"s":{"a":0,"k":[100,100],"ix":3},"r":{"a":0,"k":0,"ix":6},"o":{"a":0,"k":100,"ix":7},"sk":{"a":0,"k":0,"ix":4},"sa":{"a":0,"k":0,"ix":5},"nm":"Transform"}],"nm":"Group 3","np":2,"cix":2,"bm":0,"ix":1,"mn":"ADBE Vector Group","hd":false}],"ip":64,"op":153,"st":-2,"bm":0},{"ddd":0,"ind":12,"ty":4,"nm":"pantalla","parent":10,"sr":1,"ks":{"o":{"a":0,"k":100,"ix":11},"r":{"a":0,"k":0,"ix":10},"p":{"a":0,"k":[0.55,3.5,0],"ix":2},"a":{"a":0,"k":[0,0,0],"ix":1},"s":{"a":0,"k":[100,100,100],"ix":6}},"ao":0,"shapes":[{"ty":"gr","it":[{"ty":"rc","d":1,"s":{"a":1,"k":[{"i":{"x":[0.667,0.667],"y":[1,1]},"o":{"x":[0.333,0.333],"y":[0,0]},"t":1,"s":[0,0],"e":[1.949,19.975]},{"i":{"x":[0.667,0.667],"y":[1,1]},"o":{"x":[0.333,0.333],"y":[0,0]},"t":8,"s":[1.949,19.975],"e":[5.949,7.975]},{"i":{"x":[0.667,0.667],"y":[1,1]},"o":{"x":[0.333,0.333],"y":[0,0]},"t":16,"s":[5.949,7.975],"e":[5.949,7.975]},{"i":{"x":[0.667,0.667],"y":[1,1]},"o":{"x":[0.333,0.333],"y":[0,0]},"t":36,"s":[5.949,7.975],"e":[59.3,78.6]},{"t":68}],"ix":2},"p":{"a":0,"k":[0,0],"ix":3},"r":{"a":1,"k":[{"i":{"x":[0.667],"y":[1]},"o":{"x":[0.333],"y":[0]},"t":1,"s":[195],"e":[195]},{"i":{"x":[0.667],"y":[1]},"o":{"x":[0.333],"y":[0]},"t":36,"s":[195],"e":[0]},{"t":68}],"ix":4},"nm":"Rectangle Path 1","mn":"ADBE Vector Shape - Rect","hd":false},{"ty":"fl","c":{"a":0,"k":[0.286274509804,0.647058823529,0.901960784314,1],"ix":4},"o":{"a":0,"k":100,"ix":5},"r":1,"bm":0,"nm":"Fill 1","mn":"ADBE Vector Graphic - Fill","hd":false},{"ty":"tr","p":{"a":1,"k":[{"i":{"x":0.667,"y":1},"o":{"x":0.333,"y":0},"t":2,"s":[0.475,-0.75],"e":[0.475,-15.27],"to":[0,0],"ti":[0,0]},{"i":{"x":0.667,"y":0.667},"o":{"x":0.333,"y":0.333},"t":19,"s":[0.475,-15.27],"e":[0.475,-15.27],"to":[0,0],"ti":[0,0]},{"i":{"x":0.667,"y":1},"o":{"x":0.333,"y":0},"t":25,"s":[0.475,-15.27],"e":[0.475,41.549],"to":[0,0],"ti":[0,0]},{"i":{"x":0.667,"y":1},"o":{"x":0.333,"y":0},"t":36,"s":[0.475,41.549],"e":[-1.6,-3.5],"to":[0,0],"ti":[0,0]},{"t":60}],"ix":2},"a":{"a":0,"k":[0,0],"ix":1},"s":{"a":0,"k":[97.887,96.375],"ix":3},"r":{"a":0,"k":0,"ix":6},"o":{"a":0,"k":100,"ix":7},"sk":{"a":0,"k":0,"ix":4},"sa":{"a":0,"k":0,"ix":5},"nm":"Transform"}],"nm":"Rectangle 1","np":3,"cix":2,"bm":0,"ix":1,"mn":"ADBE Vector Group","hd":false}],"ip":1,"op":153,"st":1,"bm":0},{"ddd":0,"ind":13,"ty":4,"nm":"body","parent":10,"sr":1,"ks":{"o":{"a":0,"k":100,"ix":11},"r":{"a":0,"k":0,"ix":10},"p":{"a":0,"k":[0.508,-0.468,0],"ix":2},"a":{"a":0,"k":[0.258,-0.476,0],"ix":1},"s":{"a":0,"k":[100,98.455,100],"ix":6}},"ao":0,"shapes":[{"ty":"gr","it":[{"ty":"rc","d":1,"s":{"a":1,"k":[{"i":{"x":[0.667,0.667],"y":[1,1]},"o":{"x":[0.333,0.333],"y":[0,0]},"t":0,"s":[0,0],"e":[2.5,30]},{"i":{"x":[0.667,0.667],"y":[1,1]},"o":{"x":[0.333,0.333],"y":[0,0]},"t":8,"s":[2.5,30],"e":[8,8]},{"i":{"x":[0.833,0.833],"y":[0.833,0.833]},"o":{"x":[0.167,0.167],"y":[0.167,0.167]},"t":17,"s":[8,8],"e":[8,8]},{"i":{"x":[0.833,0.833],"y":[0.833,0.833]},"o":{"x":[0.333,0.333],"y":[0,0]},"t":36,"s":[8,8],"e":[58,105.7]},{"t":53}],"ix":2},"p":{"a":1,"k":[{"i":{"x":0.667,"y":1},"o":{"x":0.333,"y":0},"t":0,"s":[0,44],"e":[0,-7.352],"to":[0,-1.898],"ti":[0,0.5]},{"i":{"x":0.667,"y":0.667},"o":{"x":0.333,"y":0.333},"t":21,"s":[0,-7.352],"e":[0,-7.352],"to":[0,0],"ti":[0,0]},{"i":{"x":0.667,"y":1},"o":{"x":0.333,"y":0},"t":25,"s":[0,-7.352],"e":[0,47.288],"to":[0,9.107],"ti":[0,0.384]},{"i":{"x":0.667,"y":1},"o":{"x":0.333,"y":0},"t":36,"s":[0,47.288],"e":[0,0],"to":[0,-1.919],"ti":[0,4.529]},{"t":53}],"ix":3},"r":{"a":1,"k":[{"i":{"x":[0.833],"y":[0.833]},"o":{"x":[0.167],"y":[0.167]},"t":22,"s":[100],"e":[5]},{"t":53}],"ix":4},"nm":"Rectangle Path 1","mn":"ADBE Vector Shape - Rect","hd":false},{"ty":"fl","c":{"a":0,"k":[0.078000005086,0.39199999641,0.647000002394,1],"ix":4},"o":{"a":0,"k":100,"ix":5},"r":1,"bm":0,"nm":"Fill 1","mn":"ADBE Vector Graphic - Fill","hd":false},{"ty":"tr","p":{"a":0,"k":[-1.242,-0.476],"ix":2},"a":{"a":0,"k":[0,0],"ix":1},"s":{"a":0,"k":[100,98.722],"ix":3},"r":{"a":0,"k":0,"ix":6},"o":{"a":0,"k":100,"ix":7},"sk":{"a":0,"k":0,"ix":4},"sa":{"a":0,"k":0,"ix":5},"nm":"Transform"}],"nm":"Rectangle 1","np":3,"cix":2,"bm":0,"ix":1,"mn":"ADBE Vector Group","hd":false}],"ip":0,"op":153,"st":0,"bm":0},{"ddd":0,"ind":14,"ty":4,"nm":"body 2","parent":10,"sr":1,"ks":{"o":{"a":0,"k":100,"ix":11},"r":{"a":0,"k":0,"ix":10},"p":{"a":1,"k":[{"i":{"x":0.667,"y":1},"o":{"x":0.333,"y":0},"t":39,"s":[1.508,12.032,0],"e":[13.258,21.032,0],"to":[1.958,1.5,0],"ti":[-1.958,-1.5,0]},{"t":55}],"ix":2},"a":{"a":0,"k":[0.258,-0.476,0],"ix":1},"s":{"a":0,"k":[100,98.455,100],"ix":6}},"ao":0,"shapes":[{"ty":"gr","it":[{"ty":"rc","d":1,"s":{"a":1,"k":[{"i":{"x":[0.667,0.667],"y":[1,1]},"o":{"x":[0.333,0.333],"y":[0,0]},"t":5,"s":[0,0],"e":[2.5,30]},{"i":{"x":[0.667,0.667],"y":[1,1]},"o":{"x":[0.333,0.333],"y":[0,0]},"t":10,"s":[2.5,30],"e":[8,8]},{"i":{"x":[0.833,0.833],"y":[0.833,0.833]},"o":{"x":[0.167,0.167],"y":[0.167,0.167]},"t":15,"s":[8,8],"e":[8,8]},{"i":{"x":[0.833,0.833],"y":[0.833,0.833]},"o":{"x":[0.333,0.333],"y":[0,0]},"t":37,"s":[8,8],"e":[54.516,106]},{"t":52}],"ix":2},"p":{"a":1,"k":[{"i":{"x":0.667,"y":1},"o":{"x":0.333,"y":0},"t":5,"s":[0,44],"e":[0,-7.352],"to":[0,-1.898],"ti":[0,0.5]},{"i":{"x":0.667,"y":0.667},"o":{"x":0.333,"y":0.333},"t":19,"s":[0,-7.352],"e":[0,-7.352],"to":[0,0],"ti":[0,0]},{"i":{"x":0.667,"y":1},"o":{"x":0.333,"y":0},"t":24,"s":[0,-7.352],"e":[0,47.288],"to":[0,9.107],"ti":[0,0.384]},{"i":{"x":0.667,"y":1},"o":{"x":0.333,"y":0},"t":37,"s":[0,47.288],"e":[0,0],"to":[0,-1.919],"ti":[0,4.529]},{"t":55}],"ix":3},"r":{"a":1,"k":[{"i":{"x":[0.833],"y":[0.833]},"o":{"x":[0.167],"y":[0.167]},"t":20,"s":[100],"e":[5]},{"t":55}],"ix":4},"nm":"Rectangle Path 1","mn":"ADBE Vector Shape - Rect","hd":false},{"ty":"gf","o":{"a":0,"k":100,"ix":10},"r":1,"bm":0,"g":{"p":3,"k":{"a":0,"k":[0,0.098,0.149,0.278,0.503,0.098,0.149,0.278,1,0.098,0.149,0.278,0,0.5,0.5,0.25,1,0],"ix":9}},"s":{"a":0,"k":[-26,-49],"ix":5},"e":{"a":0,"k":[29,50],"ix":6},"t":1,"nm":"Gradient Fill 1","mn":"ADBE Vector Graphic - G-Fill","hd":false},{"ty":"tr","p":{"a":0,"k":[0.258,-8.976],"ix":2},"a":{"a":0,"k":[0,0],"ix":1},"s":{"a":0,"k":[100,98.722],"ix":3},"r":{"a":0,"k":0,"ix":6},"o":{"a":0,"k":100,"ix":7},"sk":{"a":0,"k":0,"ix":4},"sa":{"a":0,"k":0,"ix":5},"nm":"Transform"}],"nm":"Rectangle 1","np":3,"cix":2,"bm":0,"ix":1,"mn":"ADBE Vector Group","hd":false}],"ip":5,"op":153,"st":9,"bm":0},{"ddd":0,"ind":15,"ty":4,"nm":"Group 6","sr":1,"ks":{"o":{"a":0,"k":100,"ix":11},"r":{"a":0,"k":0,"ix":10},"p":{"a":0,"k":[84.5,83.5,0],"ix":2},"a":{"a":0,"k":[350,350,0],"ix":1},"s":{"a":0,"k":[24,24,100],"ix":6}},"ao":0,"shapes":[{"ty":"gr","it":[{"ty":"gr","it":[{"ind":0,"ty":"sh","ix":1,"ks":{"a":0,"k":{"i":[[0,0],[0,-12.068],[0,0],[-12.067,0],[0,0],[0,12.069],[0,0],[12.068,0]],"o":[[-12.067,0],[0,0],[0,12.069],[0,0],[12.068,0],[0,0],[0,-12.068],[0,0]],"v":[[-91.201,-200.451],[-113.05,-178.6],[-113.05,178.599],[-91.201,200.451],[91.2,200.451],[113.05,178.599],[113.05,-178.6],[91.2,-200.451]],"c":true},"ix":2},"nm":"Path 2","mn":"ADBE Vector Shape - Group","hd":false},{"ty":"tr","p":{"a":0,"k":[0,0],"ix":2},"a":{"a":0,"k":[0,0],"ix":1},"s":{"a":0,"k":[100,100],"ix":3},"r":{"a":0,"k":0,"ix":6},"o":{"a":0,"k":100,"ix":7},"sk":{"a":0,"k":0,"ix":4},"sa":{"a":0,"k":0,"ix":5},"nm":"Transform"}],"nm":"Group 1","np":1,"cix":2,"bm":0,"ix":1,"mn":"ADBE Vector Group","hd":false},{"ty":"mm","mm":4,"nm":"Merge Paths 1","mn":"ADBE Vector Filter - Merge","hd":false},{"ty":"gf","o":{"a":0,"k":100,"ix":10},"r":1,"bm":0,"g":{"p":3,"k":{"a":0,"k":[0,0.098,0.149,0.278,0.502,0.098,0.149,0.278,0.997,0.098,0.149,0.278,0,0.5,0.5,0.25,1,0],"ix":9}},"s":{"a":0,"k":[-109,-200],"ix":5},"e":{"a":0,"k":[114,186],"ix":6},"t":1,"nm":"Gradient Fill 1","mn":"ADBE Vector Graphic - G-Fill","hd":false},{"ty":"tr","p":{"a":0,"k":[350,350],"ix":2},"a":{"a":0,"k":[0,0],"ix":1},"s":{"a":0,"k":[100,100],"ix":3},"r":{"a":0,"k":0,"ix":6},"o":{"a":0,"k":100,"ix":7},"sk":{"a":0,"k":0,"ix":4},"sa":{"a":0,"k":0,"ix":5},"nm":"Transform"}],"nm":"Group 6","np":3,"cix":2,"bm":0,"ix":1,"mn":"ADBE Vector Group","hd":false}],"ip":830,"op":830.606060606061,"st":830,"bm":0}],"markers":[]}