{"v":"4.10.1","fr":60,"ip":0,"op":60,"w":120,"h":105,"nm":"oportunidades Ico Morph 2","ddd":0,"assets":[],"layers":[{"ddd":0,"ind":1,"ty":4,"nm":"Capa 13","sr":1,"ks":{"o":{"a":0,"k":100,"ix":11},"r":{"a":0,"k":0,"ix":10},"p":{"a":0,"k":[60,45.25,0],"ix":2},"a":{"a":0,"k":[0.769,574,0],"ix":1},"s":{"a":0,"k":[130.22,130.22,100],"ix":6}},"ao":0,"shapes":[{"ty":"gr","it":[{"ind":0,"ty":"sh","ix":1,"ks":{"a":1,"k":[{"i":{"x":0.833,"y":0.833},"o":{"x":0.167,"y":0.167},"n":"0p833_0p833_0p167_0p167","t":45,"s":[{"i":[[0,0],[0,0],[0,0],[0,0],[0,0],[0,0],[0,0],[0,0],[0,0],[0,0],[0,0],[0,0]],"o":[[0,0],[0,0],[0,0],[0,0],[0,0],[0,0],[0,0],[0,0],[0,0],[0,0],[0,0],[0,0]],"v":[[-2.308,571.692],[-17.403,571.696],[-17.403,576.311],[-2.308,576.308],[-2.313,591.691],[2.302,591.691],[2.308,576.308],[18.36,576.311],[18.462,571.692],[2.308,571.692],[2.302,556.405],[-2.313,556.405]],"c":true}],"e":[{"i":[[0,0],[0,0],[0,0],[0,0],[0,0],[0,0],[0,0],[0,0],[0,0],[0,0],[0,0],[0,0]],"o":[[0,0],[0,0],[0,0],[0,0],[0,0],[0,0],[0,0],[0,0],[0,0],[0,0],[0,0],[0,0]],"v":[[-2.308,571.692],[-16.923,571.692],[-16.923,576.308],[-2.308,576.308],[-2.308,590.923],[2.308,590.923],[2.308,576.308],[15.385,576.308],[18.462,571.692],[2.308,571.692],[2.308,557.077],[-2.308,557.077]],"c":true}]},{"t":60}],"ix":2},"nm":"Trazado 1","mn":"ADBE Vector Shape - Group","hd":false},{"ty":"fl","c":{"a":0,"k":[0,0.266666680574,0.505882382393,1],"ix":4},"o":{"a":0,"k":100,"ix":5},"r":1,"nm":"Relleno 1","mn":"ADBE Vector Graphic - Fill","hd":false},{"ty":"tr","p":{"a":0,"k":[0,0],"ix":2},"a":{"a":0,"k":[0,0],"ix":1},"s":{"a":0,"k":[100,100],"ix":3},"r":{"a":0,"k":0,"ix":6},"o":{"a":0,"k":100,"ix":7},"sk":{"a":0,"k":0,"ix":4},"sa":{"a":0,"k":0,"ix":5},"nm":"Transformar"}],"nm":"Grupo 1","np":2,"cix":2,"ix":1,"mn":"ADBE Vector Group","hd":false}],"ip":45,"op":61,"st":-473,"bm":0},{"ddd":0,"ind":2,"ty":4,"nm":"Capa de formas 6","sr":1,"ks":{"o":{"a":0,"k":100,"ix":11},"r":{"a":0,"k":180,"ix":10},"p":{"a":0,"k":[59.5,45.375,0],"ix":2},"a":{"a":0,"k":[-0.875,-7.125,0],"ix":1},"s":{"a":0,"k":[100,100,100],"ix":6}},"ao":0,"shapes":[{"ty":"gr","it":[{"ind":0,"ty":"sh","ix":1,"ks":{"a":0,"k":{"i":[[0,0],[0,0],[0,0],[0,0],[0,0],[0,0]],"o":[[0,0],[0,0],[0,0],[0,0],[0,0],[0,0]],"v":[[0,12.875],[-20.375,12.875],[-20.375,-27.125],[-0.75,-27.125],[-0.75,-7.125],[-23.75,-7.25]],"c":false},"ix":2},"nm":"Trazado 1","mn":"ADBE Vector Shape - Group","hd":false},{"ty":"st","c":{"a":1,"k":[{"i":{"x":[0.2],"y":[1]},"o":{"x":[0.6],"y":[0]},"n":["0p2_1_0p6_0"],"t":0,"s":[0.40000000596,0.40000000596,0.40000000596,1],"e":[0,0.266666680574,0.505882382393,1]},{"t":30}],"ix":3},"o":{"a":0,"k":100,"ix":4},"w":{"a":0,"k":6,"ix":5},"lc":1,"lj":1,"ml":4,"nm":"Trazo 1","mn":"ADBE Vector Graphic - Stroke","hd":false},{"ty":"tr","p":{"a":0,"k":[0,0],"ix":2},"a":{"a":0,"k":[0,0],"ix":1},"s":{"a":0,"k":[100,100],"ix":3},"r":{"a":0,"k":0,"ix":6},"o":{"a":0,"k":100,"ix":7},"sk":{"a":0,"k":0,"ix":4},"sa":{"a":0,"k":0,"ix":5},"nm":"Transformar"}],"nm":"Forma 1","np":2,"cix":2,"ix":1,"mn":"ADBE Vector Group","hd":false},{"ty":"tm","s":{"a":1,"k":[{"i":{"x":[0.833],"y":[0.523]},"o":{"x":[0.64],"y":[0]},"n":["0p833_0p523_0p64_0"],"t":10,"s":[0],"e":[15]},{"i":{"x":[0.422],"y":[1]},"o":{"x":[0.167],"y":[0.069]},"n":["0p422_1_0p167_0p069"],"t":32,"s":[15],"e":[62.5]},{"t":42}],"ix":1},"e":{"a":1,"k":[{"i":{"x":[0.833],"y":[0.568]},"o":{"x":[0.6],"y":[0]},"n":["0p833_0p568_0p6_0"],"t":10,"s":[34],"e":[50]},{"i":{"x":[0.833],"y":[1]},"o":{"x":[0.167],"y":[0.082]},"n":["0p833_1_0p167_0p082"],"t":32,"s":[50],"e":[100]},{"t":45}],"ix":2},"o":{"a":0,"k":0,"ix":3},"m":1,"ix":2,"nm":"Recortar trazados 1","mn":"ADBE Vector Filter - Trim","hd":false}],"ip":10,"op":45,"st":10,"bm":0},{"ddd":0,"ind":3,"ty":4,"nm":"Capa de formas 5","sr":1,"ks":{"o":{"a":0,"k":100,"ix":11},"r":{"a":0,"k":0,"ix":10},"p":{"a":0,"k":[59.125,45.375,0],"ix":2},"a":{"a":0,"k":[-0.875,-7.125,0],"ix":1},"s":{"a":0,"k":[100,100,100],"ix":6}},"ao":0,"shapes":[{"ty":"gr","it":[{"ind":0,"ty":"sh","ix":1,"ks":{"a":0,"k":{"i":[[0,0],[0,0],[0,0],[0,0],[0,0],[0,0]],"o":[[0,0],[0,0],[0,0],[0,0],[0,0],[0,0]],"v":[[0,12.875],[-20.375,12.875],[-20.375,-27.125],[-0.75,-27.125],[-0.75,-7.125],[-23.75,-7.25]],"c":false},"ix":2},"nm":"Trazado 1","mn":"ADBE Vector Shape - Group","hd":false},{"ty":"st","c":{"a":1,"k":[{"i":{"x":[0.2],"y":[1]},"o":{"x":[0.6],"y":[0]},"n":["0p2_1_0p6_0"],"t":0,"s":[0.40000000596,0.40000000596,0.40000000596,1],"e":[0,0.266666680574,0.505882382393,1]},{"t":30}],"ix":3},"o":{"a":0,"k":100,"ix":4},"w":{"a":0,"k":6,"ix":5},"lc":1,"lj":1,"ml":4,"nm":"Trazo 1","mn":"ADBE Vector Graphic - Stroke","hd":false},{"ty":"tr","p":{"a":0,"k":[0,0],"ix":2},"a":{"a":0,"k":[0,0],"ix":1},"s":{"a":0,"k":[100,100],"ix":3},"r":{"a":0,"k":0,"ix":6},"o":{"a":0,"k":100,"ix":7},"sk":{"a":0,"k":0,"ix":4},"sa":{"a":0,"k":0,"ix":5},"nm":"Transformar"}],"nm":"Forma 1","np":2,"cix":2,"ix":1,"mn":"ADBE Vector Group","hd":false},{"ty":"tm","s":{"a":1,"k":[{"i":{"x":[0.833],"y":[0.523]},"o":{"x":[0.64],"y":[0]},"n":["0p833_0p523_0p64_0"],"t":10,"s":[0],"e":[15]},{"i":{"x":[0.422],"y":[1]},"o":{"x":[0.167],"y":[0.069]},"n":["0p422_1_0p167_0p069"],"t":32,"s":[15],"e":[62.5]},{"t":42}],"ix":1},"e":{"a":1,"k":[{"i":{"x":[0.833],"y":[0.568]},"o":{"x":[0.6],"y":[0]},"n":["0p833_0p568_0p6_0"],"t":10,"s":[34],"e":[50]},{"i":{"x":[0.833],"y":[1]},"o":{"x":[0.167],"y":[0.082]},"n":["0p833_1_0p167_0p082"],"t":32,"s":[50],"e":[100]},{"t":45}],"ix":2},"o":{"a":0,"k":0,"ix":3},"m":1,"ix":2,"nm":"Recortar trazados 1","mn":"ADBE Vector Filter - Trim","hd":false}],"ip":10,"op":45,"st":10,"bm":0},{"ddd":0,"ind":4,"ty":4,"nm":"Capa 7","sr":1,"ks":{"o":{"a":0,"k":100,"ix":11},"r":{"a":0,"k":0,"ix":10},"p":{"a":0,"k":[60,45.25,0],"ix":2},"a":{"a":0,"k":[0.769,574,0],"ix":1},"s":{"a":0,"k":[130.22,130.22,100],"ix":6}},"ao":0,"shapes":[{"ty":"gr","it":[{"ind":0,"ty":"sh","ix":1,"ks":{"a":1,"k":[{"i":{"x":0.833,"y":0.833},"o":{"x":0.6,"y":0},"n":"0p833_0p833_0p6_0","t":0,"s":[{"i":[[0,0],[0,0],[0,0],[0,0],[0,0],[0,0],[0,0],[0,0]],"o":[[0,0],[0,0],[0,0],[0,0],[0,0],[0,0],[0,0],[0,0]],"v":[[-2.308,571.692],[-16.923,571.692],[-16.923,576.308],[-2.308,576.308],[-2.308,590.923],[2.308,590.923],[2.308,576.308],[2.308,571.692]],"c":true}],"e":[{"i":[[0,0],[0,0],[0,0],[-2.519,-2.519],[0,0],[0,0],[0,0],[0,0]],"o":[[0,0],[0,0],[0,0],[2.698,2.698],[0,0],[0,0],[0,0],[0,0]],"v":[[-2.308,571.692],[-16.923,571.692],[-16.923,576.308],[-7.107,580.531],[-2.308,590.923],[2.308,590.923],[2.308,576.308],[2.308,571.692]],"c":true}]},{"i":{"x":0.833,"y":0.833},"o":{"x":0.167,"y":0.167},"n":"0p833_0p833_0p167_0p167","t":3,"s":[{"i":[[0,0],[0,0],[0,0],[-2.519,-2.519],[0,0],[0,0],[0,0],[0,0]],"o":[[0,0],[0,0],[0,0],[2.698,2.698],[0,0],[0,0],[0,0],[0,0]],"v":[[-2.308,571.692],[-16.923,571.692],[-16.923,576.308],[-7.107,580.531],[-2.308,590.923],[2.308,590.923],[2.308,576.308],[2.308,571.692]],"c":true}],"e":[{"i":[[0,0],[0,0],[0,0],[0,0],[0,0],[0,0],[0,0],[2.742,2.822]],"o":[[0,0],[0,0],[0,0],[0,0],[0,0],[0,0],[0,0],[-2.653,-2.73]],"v":[[-12.291,571.727],[-16.923,571.692],[-16.923,576.308],[-17.033,591.07],[-2.308,590.923],[2.308,590.923],[2.31,586.751],[-8.732,582.577]],"c":true}]},{"i":{"x":0.2,"y":1},"o":{"x":0.167,"y":0.167},"n":"0p2_1_0p167_0p167","t":7,"s":[{"i":[[0,0],[0,0],[0,0],[0,0],[0,0],[0,0],[0,0],[2.742,2.822]],"o":[[0,0],[0,0],[0,0],[0,0],[0,0],[0,0],[0,0],[-2.653,-2.73]],"v":[[-12.291,571.727],[-16.923,571.692],[-16.923,576.308],[-17.033,591.07],[-2.308,590.923],[2.308,590.923],[2.31,586.751],[-8.732,582.577]],"c":true}],"e":[{"i":[[0,0],[0,0],[0,0],[0,0],[0,0],[0,0],[0,0],[0,0]],"o":[[0,0],[0,0],[0,0],[0,0],[0,0],[0,0],[0,0],[0,0]],"v":[[-12.291,571.727],[-16.923,571.692],[-16.923,576.308],[-17.033,591.07],[-2.308,590.923],[2.308,590.923],[2.31,586.751],[-12.572,586.609]],"c":true}]},{"t":10}],"ix":2},"nm":"Trazado 1","mn":"ADBE Vector Shape - Group","hd":false},{"ty":"fl","c":{"a":1,"k":[{"i":{"x":[0.2],"y":[1]},"o":{"x":[0.6],"y":[0]},"n":["0p2_1_0p6_0"],"t":0,"s":[0.40000000596,0.40000000596,0.40000000596,1],"e":[0,0.266666680574,0.505882382393,1]},{"t":30}],"ix":4},"o":{"a":0,"k":100,"ix":5},"r":1,"nm":"Relleno 1","mn":"ADBE Vector Graphic - Fill","hd":false},{"ty":"tr","p":{"a":0,"k":[0,0],"ix":2},"a":{"a":0,"k":[0,0],"ix":1},"s":{"a":0,"k":[100,100],"ix":3},"r":{"a":0,"k":0,"ix":6},"o":{"a":0,"k":100,"ix":7},"sk":{"a":0,"k":0,"ix":4},"sa":{"a":0,"k":0,"ix":5},"nm":"Transformar"}],"nm":"Grupo 1","np":2,"cix":2,"ix":1,"mn":"ADBE Vector Group","hd":false}],"ip":0,"op":10,"st":0,"bm":0},{"ddd":0,"ind":5,"ty":4,"nm":"Capa 8","sr":1,"ks":{"o":{"a":0,"k":100,"ix":11},"r":{"a":0,"k":0,"ix":10},"p":{"a":0,"k":[60,45.25,0],"ix":2},"a":{"a":0,"k":[0.769,574,0],"ix":1},"s":{"a":0,"k":[130.22,130.22,100],"ix":6}},"ao":0,"shapes":[{"ty":"gr","it":[{"ind":0,"ty":"sh","ix":1,"ks":{"a":1,"k":[{"i":{"x":0.833,"y":0.833},"o":{"x":0.6,"y":0},"n":"0p833_0p833_0p6_0","t":0,"s":[{"i":[[0,0],[0,0],[0,0],[0,0],[0,0],[0,0],[0,0],[0,0]],"o":[[0,0],[0,0],[0,0],[0,0],[0,0],[0,0],[0,0],[0,0]],"v":[[-2.308,571.692],[-2.308,576.308],[2.308,576.308],[15.385,576.308],[18.462,571.692],[2.308,571.692],[2.308,557.077],[-2.308,557.077]],"c":true}],"e":[{"i":[[0,0],[0,0],[0,0],[0,0],[0,0],[3.003,2.717],[0,0],[0,0]],"o":[[0,0],[0,0],[0,0],[0,0],[0,0],[-2.722,-2.463],[0,0],[0,0]],"v":[[-2.308,571.692],[-2.308,576.308],[2.308,576.308],[15.385,576.308],[18.462,571.692],[7.299,566.893],[2.308,557.077],[-2.308,557.077]],"c":true}]},{"i":{"x":0.833,"y":0.833},"o":{"x":0.167,"y":0.167},"n":"0p833_0p833_0p167_0p167","t":3,"s":[{"i":[[0,0],[0,0],[0,0],[0,0],[0,0],[3.003,2.717],[0,0],[0,0]],"o":[[0,0],[0,0],[0,0],[0,0],[0,0],[-2.722,-2.463],[0,0],[0,0]],"v":[[-2.308,571.692],[-2.308,576.308],[2.308,576.308],[15.385,576.308],[18.462,571.692],[7.299,566.893],[2.308,557.077],[-2.308,557.077]],"c":true}],"e":[{"i":[[0,0],[-2.858,-2.637],[0,0],[0,0],[0,0],[0,0],[0,0],[0,0]],"o":[[0,0],[2.882,2.659],[0,0],[0,0],[0,0],[0,0],[0,0],[0,0]],"v":[[-2.313,561.249],[8.367,565.945],[13.98,576.281],[18.61,576.35],[18.462,571.692],[18.129,557.102],[2.308,557.077],[-2.308,557.077]],"c":true}]},{"i":{"x":0.2,"y":1},"o":{"x":0.167,"y":0.167},"n":"0p2_1_0p167_0p167","t":7,"s":[{"i":[[0,0],[-2.858,-2.637],[0,0],[0,0],[0,0],[0,0],[0,0],[0,0]],"o":[[0,0],[2.882,2.659],[0,0],[0,0],[0,0],[0,0],[0,0],[0,0]],"v":[[-2.313,561.249],[8.367,565.945],[13.98,576.281],[18.61,576.35],[18.462,571.692],[18.129,557.102],[2.308,557.077],[-2.308,557.077]],"c":true}],"e":[{"i":[[0,0],[0,0],[0,0],[0,0],[0,0],[0,0],[0,0],[0,0]],"o":[[0,0],[0,0],[0,0],[0,0],[0,0],[0,0],[0,0],[0,0]],"v":[[-2.313,561.249],[14.126,561.145],[13.98,576.281],[18.61,576.35],[18.462,571.692],[18.129,557.102],[2.308,557.077],[-2.308,557.077]],"c":true}]},{"t":10}],"ix":2},"nm":"Trazado 1","mn":"ADBE Vector Shape - Group","hd":false},{"ty":"fl","c":{"a":1,"k":[{"i":{"x":[0.2],"y":[1]},"o":{"x":[0.6],"y":[0]},"n":["0p2_1_0p6_0"],"t":0,"s":[0.40000000596,0.40000000596,0.40000000596,1],"e":[0,0.266666680574,0.505882382393,1]},{"t":30}],"ix":4},"o":{"a":0,"k":100,"ix":5},"r":1,"nm":"Relleno 1","mn":"ADBE Vector Graphic - Fill","hd":false},{"ty":"tr","p":{"a":0,"k":[0,0],"ix":2},"a":{"a":0,"k":[0,0],"ix":1},"s":{"a":0,"k":[100,100],"ix":3},"r":{"a":0,"k":0,"ix":6},"o":{"a":0,"k":100,"ix":7},"sk":{"a":0,"k":0,"ix":4},"sa":{"a":0,"k":0,"ix":5},"nm":"Transformar"}],"nm":"Grupo 1","np":2,"cix":2,"ix":1,"mn":"ADBE Vector Group","hd":false}],"ip":0,"op":10,"st":0,"bm":0}]}