{"v":"5.1.18","fr":60,"ip":0,"op":388,"w":450,"h":450,"nm":"Checkup-03-stable","ddd":0,"assets":[],"layers":[{"ddd":0,"ind":1,"ty":4,"nm":"electro end","parent":2,"sr":1,"ks":{"o":{"a":0,"k":100,"ix":11},"r":{"a":0,"k":0,"ix":10},"p":{"a":0,"k":[38.628,-0.004,0],"ix":2},"a":{"a":0,"k":[0,0,0],"ix":1},"s":{"a":0,"k":[100.343,100.343,100],"ix":6}},"ao":0,"shapes":[{"ty":"gr","it":[{"ty":"rc","d":1,"s":{"a":0,"k":[16,16],"ix":2},"p":{"a":0,"k":[0,0],"ix":3},"r":{"a":0,"k":0,"ix":4},"nm":"Rectangle Path 1","mn":"ADBE Vector Shape - Rect","hd":false},{"ty":"fl","c":{"a":0,"k":[1,1,1,1],"ix":4},"o":{"a":0,"k":100,"ix":5},"r":1,"nm":"Fill 1","mn":"ADBE Vector Graphic - Fill","hd":false},{"ty":"tr","p":{"a":0,"k":[0,0],"ix":2},"a":{"a":0,"k":[0,0],"ix":1},"s":{"a":0,"k":[100,100],"ix":3},"r":{"a":0,"k":0,"ix":6},"o":{"a":0,"k":100,"ix":7},"sk":{"a":0,"k":45,"ix":4},"sa":{"a":0,"k":0,"ix":5},"nm":"Transform"}],"nm":"Rectangle 1","np":3,"cix":2,"ix":1,"mn":"ADBE Vector Group","hd":false}],"ip":0,"op":392,"st":0,"bm":0},{"ddd":0,"ind":2,"ty":4,"nm":"electro","parent":3,"sr":1,"ks":{"o":{"a":0,"k":100,"ix":11},"r":{"a":0,"k":0,"ix":10},"p":{"a":0,"k":[-134.112,-22.917,0],"ix":2},"a":{"a":0,"k":[0,0,0],"ix":1},"s":{"a":0,"k":[50.045,50.045,100],"ix":6}},"ao":0,"shapes":[{"ty":"gr","it":[{"ind":0,"ty":"sh","ix":1,"ks":{"a":0,"k":{"i":[[0,0],[0,0],[0,0],[0,0],[0,0]],"o":[[0,0],[0,0],[0,0],[0,0],[0,0]],"v":[[-53.5,-1],[-34.25,-1],[-22.149,-12.113],[-10.274,-0.738],[42.625,-0.625]],"c":false},"ix":2},"nm":"Path 1","mn":"ADBE Vector Shape - Group","hd":false},{"ty":"gs","o":{"a":0,"k":100,"ix":9},"w":{"a":0,"k":8.6,"ix":10},"g":{"p":3,"k":{"a":0,"k":[0.49,0.969,0.537,0.231,0.5,0.908,0.494,0.202,0.51,0.847,0.451,0.173],"ix":8}},"s":{"a":0,"k":[-1.097,-6.229],"ix":4},"e":{"a":0,"k":[4.971,0],"ix":5},"t":1,"lc":1,"lj":1,"ml":4,"nm":"Gradient Stroke 1","mn":"ADBE Vector Graphic - G-Stroke","hd":false},{"ty":"tr","p":{"a":0,"k":[0,0],"ix":2},"a":{"a":0,"k":[0,0],"ix":1},"s":{"a":0,"k":[100,100],"ix":3},"r":{"a":0,"k":0,"ix":6},"o":{"a":0,"k":100,"ix":7},"sk":{"a":0,"k":0,"ix":4},"sa":{"a":0,"k":0,"ix":5},"nm":"Transform"}],"nm":"Shape 1","np":3,"cix":2,"ix":1,"mn":"ADBE Vector Group","hd":false},{"ty":"tm","s":{"a":1,"k":[{"i":{"x":[0.709],"y":[0.071]},"o":{"x":[0.333],"y":[0]},"n":["0p709_0p071_0p333_0"],"t":66,"s":[0],"e":[5.069]},{"i":{"x":[0.418],"y":[0.669]},"o":{"x":[0.447],"y":[0.215]},"n":["0p418_0p669_0p447_0p215"],"t":76,"s":[5.069],"e":[92.202]},{"i":{"x":[0.667],"y":[1]},"o":{"x":[0.291],"y":[0.998]},"n":["0p667_1_0p291_0p998"],"t":102,"s":[92.202],"e":[100]},{"i":{"x":[0.833],"y":[0.833]},"o":{"x":[0.167],"y":[0.167]},"n":["0p833_0p833_0p167_0p167"],"t":116,"s":[100],"e":[0]},{"i":{"x":[0.833],"y":[0.833]},"o":{"x":[0.167],"y":[0.167]},"n":["0p833_0p833_0p167_0p167"],"t":117,"s":[0],"e":[0]},{"i":{"x":[0.709],"y":[0.071]},"o":{"x":[0.333],"y":[0]},"n":["0p709_0p071_0p333_0"],"t":186,"s":[0],"e":[5.069]},{"i":{"x":[0.418],"y":[0.669]},"o":{"x":[0.447],"y":[0.215]},"n":["0p418_0p669_0p447_0p215"],"t":196,"s":[5.069],"e":[92.202]},{"i":{"x":[0.667],"y":[1]},"o":{"x":[0.291],"y":[0.998]},"n":["0p667_1_0p291_0p998"],"t":222,"s":[92.202],"e":[100]},{"i":{"x":[0.833],"y":[0.833]},"o":{"x":[0.167],"y":[0.167]},"n":["0p833_0p833_0p167_0p167"],"t":236,"s":[100],"e":[0]},{"t":237}],"ix":1},"e":{"a":1,"k":[{"i":{"x":[0.709],"y":[0.071]},"o":{"x":[0.333],"y":[0]},"n":["0p709_0p071_0p333_0"],"t":8,"s":[0],"e":[5.069]},{"i":{"x":[0.418],"y":[0.669]},"o":{"x":[0.447],"y":[0.215]},"n":["0p418_0p669_0p447_0p215"],"t":18,"s":[5.069],"e":[92.202]},{"i":{"x":[0.667],"y":[1]},"o":{"x":[0.291],"y":[0.998]},"n":["0p667_1_0p291_0p998"],"t":44,"s":[92.202],"e":[100]},{"i":{"x":[0.833],"y":[0.833]},"o":{"x":[0.167],"y":[0.167]},"n":["0p833_0p833_0p167_0p167"],"t":58,"s":[100],"e":[100]},{"i":{"x":[0.833],"y":[0.833]},"o":{"x":[0.167],"y":[0.167]},"n":["0p833_0p833_0p167_0p167"],"t":116,"s":[100],"e":[0]},{"i":{"x":[0.709],"y":[0.071]},"o":{"x":[0.333],"y":[0]},"n":["0p709_0p071_0p333_0"],"t":117,"s":[0],"e":[5.069]},{"i":{"x":[0.418],"y":[0.669]},"o":{"x":[0.447],"y":[0.215]},"n":["0p418_0p669_0p447_0p215"],"t":127,"s":[5.069],"e":[92.202]},{"i":{"x":[0.667],"y":[1]},"o":{"x":[0.291],"y":[0.998]},"n":["0p667_1_0p291_0p998"],"t":153,"s":[92.202],"e":[100]},{"i":{"x":[0.833],"y":[0.833]},"o":{"x":[0.167],"y":[0.167]},"n":["0p833_0p833_0p167_0p167"],"t":167,"s":[100],"e":[100]},{"i":{"x":[0.833],"y":[0.833]},"o":{"x":[0.167],"y":[0.167]},"n":["0p833_0p833_0p167_0p167"],"t":236,"s":[100],"e":[0]},{"i":{"x":[0.709],"y":[0.071]},"o":{"x":[0.333],"y":[0]},"n":["0p709_0p071_0p333_0"],"t":237,"s":[0],"e":[5.069]},{"i":{"x":[0.202],"y":[0.745]},"o":{"x":[0.447],"y":[0.215]},"n":["0p202_0p745_0p447_0p215"],"t":247,"s":[5.069],"e":[92.202]},{"i":{"x":[0.667],"y":[1]},"o":{"x":[0.165],"y":[0.838]},"n":["0p667_1_0p165_0p838"],"t":273,"s":[92.202],"e":[100]},{"t":310}],"ix":2},"o":{"a":0,"k":0,"ix":3},"m":1,"ix":2,"nm":"Trim Paths 1","mn":"ADBE Vector Filter - Trim","hd":false}],"ip":0,"op":392,"st":0,"bm":0},{"ddd":0,"ind":3,"ty":4,"nm":"corazon","sr":1,"ks":{"o":{"a":0,"k":100,"ix":11},"r":{"a":0,"k":0,"ix":10},"p":{"a":0,"k":[226.27,226.237,0],"ix":2},"a":{"a":0,"k":[-133.476,-22.298,0],"ix":1},"s":{"a":1,"k":[{"i":{"x":[0.769,0.769,0.833],"y":[0.282,0.282,1]},"o":{"x":[0.333,0.333,0.333],"y":[0,0,0]},"n":["0p769_0p282_0p333_0","0p769_0p282_0p333_0","0p833_1_0p333_0"],"t":8,"s":[0,0,100],"e":[5.079,5.079,100]},{"i":{"x":[0.248,0.248,0.833],"y":[0.889,0.889,1]},"o":{"x":[0.449,0.449,0.167],"y":[0.077,0.077,0]},"n":["0p248_0p889_0p449_0p077","0p248_0p889_0p449_0p077","0p833_1_0p167_0"],"t":16,"s":[5.079,5.079,100],"e":[188.826,188.826,100]},{"i":{"x":[0.833,0.833,0.833],"y":[0.978,0.978,1]},"o":{"x":[0.189,0.189,0.167],"y":[0.715,0.715,0]},"n":["0p833_0p978_0p189_0p715","0p833_0p978_0p189_0p715","0p833_1_0p167_0"],"t":32,"s":[188.826,188.826,100],"e":[200,200,100]},{"i":{"x":[0.598,0.598,0.833],"y":[-0.121,-0.121,0.91]},"o":{"x":[0.167,0.167,0.167],"y":[-0.03,-0.03,0]},"n":["0p598_-0p121_0p167_-0p03","0p598_-0p121_0p167_-0p03","0p833_0p91_0p167_0"],"t":57,"s":[200,200,100],"e":[191.813,191.813,100]},{"i":{"x":[0.184,0.184,0.833],"y":[0.631,0.631,1]},"o":{"x":[0.479,0.479,0.167],"y":[0.212,0.212,0.054]},"n":["0p184_0p631_0p479_0p212","0p184_0p631_0p479_0p212","0p833_1_0p167_0p054"],"t":82,"s":[191.813,191.813,100],"e":[160.975,160.975,100]},{"i":{"x":[0.833,0.833,0.833],"y":[1,1,1.054]},"o":{"x":[0.347,0.347,0.167],"y":[1.08,1.08,0]},"n":["0p833_1_0p347_1p08","0p833_1_0p347_1p08","0p833_1p054_0p167_0"],"t":97,"s":[160.975,160.975,100],"e":[155,155,100]},{"i":{"x":[0.682,0.682,0.833],"y":[-0.2,-0.2,1]},"o":{"x":[0.167,0.167,0.167],"y":[0,0,-0.054]},"n":["0p682_-0p2_0p167_0","0p682_-0p2_0p167_0","0p833_1_0p167_-0p054"],"t":117,"s":[155,155,100],"e":[160.975,160.975,100]},{"i":{"x":[0.385,0.385,0.833],"y":[0.709,0.709,1]},"o":{"x":[0.799,0.799,0.167],"y":[0.438,0.438,0]},"n":["0p385_0p709_0p799_0p438","0p385_0p709_0p799_0p438","0p833_1_0p167_0"],"t":137,"s":[160.975,160.975,100],"e":[191.813,191.813,100]},{"i":{"x":[0.833,0.833,0.833],"y":[0.966,0.966,1]},"o":{"x":[0.257,0.257,0.167],"y":[0.764,0.764,0]},"n":["0p833_0p966_0p257_0p764","0p833_0p966_0p257_0p764","0p833_1_0p167_0"],"t":152,"s":[191.813,191.813,100],"e":[200,200,100]},{"i":{"x":[0.598,0.598,0.833],"y":[-0.121,-0.121,1]},"o":{"x":[0.167,0.167,0.167],"y":[-0.034,-0.034,0]},"n":["0p598_-0p121_0p167_-0p034","0p598_-0p121_0p167_-0p034","0p833_1_0p167_0"],"t":177,"s":[200,200,100],"e":[191.813,191.813,100]},{"i":{"x":[0.184,0.184,0.833],"y":[0.631,0.631,1]},"o":{"x":[0.479,0.479,0.167],"y":[0.212,0.212,0]},"n":["0p184_0p631_0p479_0p212","0p184_0p631_0p479_0p212","0p833_1_0p167_0"],"t":202,"s":[191.813,191.813,100],"e":[160.975,160.975,100]},{"i":{"x":[0.833,0.833,0.833],"y":[1,1,1]},"o":{"x":[0.347,0.347,0.167],"y":[1.08,1.08,0]},"n":["0p833_1_0p347_1p08","0p833_1_0p347_1p08","0p833_1_0p167_0"],"t":217,"s":[160.975,160.975,100],"e":[155,155,100]},{"i":{"x":[0.838,0.838,0.833],"y":[0.373,0.373,1]},"o":{"x":[0.167,0.167,0.167],"y":[0,0,0]},"n":["0p838_0p373_0p167_0","0p838_0p373_0p167_0","0p833_1_0p167_0"],"t":237,"s":[155,155,100],"e":[160.975,160.975,100]},{"i":{"x":[0.395,0.395,0.833],"y":[0.661,0.661,1]},"o":{"x":[0.477,0.477,0.167],"y":[0.3,0.3,0]},"n":["0p395_0p661_0p477_0p3","0p395_0p661_0p477_0p3","0p833_1_0p167_0"],"t":257,"s":[160.975,160.975,100],"e":[188.572,188.572,100]},{"i":{"x":[0.634,0.634,0.833],"y":[1,1,1]},"o":{"x":[0.217,0.217,0.167],"y":[0.883,0.883,0]},"n":["0p634_1_0p217_0p883","0p634_1_0p217_0p883","0p833_1_0p167_0"],"t":272,"s":[188.572,188.572,100],"e":[200,200,100]},{"t":317}],"ix":6}},"ao":0,"shapes":[{"ty":"gr","it":[{"ind":0,"ty":"sh","ix":1,"ks":{"a":0,"k":{"i":[[8.077,0],[2.59,-4.086],[5.211,0],[0,-8.045],[-0.028,-0.37],[-12.091,-8.029],[0,11.953],[0,0.377]],"o":[[-5.21,0],[-2.59,-4.086],[-8.077,0],[0,0.377],[0,14.863],[18,-11.953],[-0.014,-0.37],[0,-8.045]],"v":[[-121.101,-46.951],[-133.476,-40.15],[-145.851,-46.95],[-160.476,-32.383],[-160.434,-31.263],[-133.476,2.354],[-106.476,-31.263],[-106.476,-32.383]],"c":true},"ix":2},"nm":"Trazado 1","mn":"ADBE Vector Shape - Group","hd":false},{"ty":"fl","c":{"a":0,"k":[1,1,1,1],"ix":4},"o":{"a":0,"k":100,"ix":5},"r":1,"nm":"Relleno 1","mn":"ADBE Vector Graphic - Fill","hd":false},{"ty":"tr","p":{"a":0,"k":[0,0],"ix":2},"a":{"a":0,"k":[0,0],"ix":1},"s":{"a":0,"k":[100,100],"ix":3},"r":{"a":0,"k":0,"ix":6},"o":{"a":0,"k":100,"ix":7},"sk":{"a":0,"k":0,"ix":4},"sa":{"a":0,"k":0,"ix":5},"nm":"Transform"}],"nm":"Grupo 1","np":2,"cix":2,"ix":1,"mn":"ADBE Vector Group","hd":false}],"ip":8,"op":392,"st":19,"bm":0},{"ddd":0,"ind":4,"ty":3,"nm":"Null 34","sr":1,"ks":{"o":{"a":0,"k":0,"ix":11},"r":{"a":1,"k":[{"i":{"x":[0.769],"y":[0.292]},"o":{"x":[0.333],"y":[0]},"n":["0p769_0p292_0p333_0"],"t":8,"s":[-69],"e":[-66.465]},{"i":{"x":[0.45],"y":[0.872]},"o":{"x":[0.36],"y":[0.135]},"n":["0p45_0p872_0p36_0p135"],"t":18,"s":[-66.465],"e":[-4.193]},{"i":{"x":[0.667],"y":[1]},"o":{"x":[0.22],"y":[1.019]},"n":["0p667_1_0p22_1p019"],"t":48,"s":[-4.193],"e":[0]},{"t":88}],"ix":10},"p":{"a":0,"k":[225,225,0],"ix":2},"a":{"a":0,"k":[0,0,0],"ix":1},"s":{"a":0,"k":[100,100,100],"ix":6}},"ao":0,"ip":8,"op":400,"st":8,"bm":0},{"ddd":0,"ind":5,"ty":4,"nm":"moneda simbolo","parent":7,"sr":1,"ks":{"o":{"a":0,"k":100,"ix":11},"r":{"a":0,"k":0,"ix":10},"p":{"a":0,"k":[-189.205,-26.369,0],"ix":2},"a":{"a":0,"k":[-189.205,-26.369,0],"ix":1},"s":{"a":0,"k":[100,100,100],"ix":6}},"ao":0,"shapes":[{"ty":"gr","it":[{"ind":0,"ty":"sh","ix":1,"ks":{"a":0,"k":{"i":[[2.023,0.921],[0,0.612],[-0.866,0],[-0.546,-0.416],[0,0],[0,0],[0,0],[0,0],[0,0],[0,0],[0,0],[0,0],[0,0],[0.55,0.081],[0,0],[0,0],[0,0],[0,0],[0,-1.385],[-2.017,-0.914],[0,-0.737],[0.91,0],[0.756,0.499],[0,0],[0,0],[0,0],[0,0],[0,0],[0,0],[0,0],[0,0],[0,0],[-0.81,-0.069],[0,0],[0,0],[0,0],[0,0],[0,1.397]],"o":[[-1.371,-0.626],[0,-0.655],[0.644,0],[0,0],[0,0],[0,0],[0,0],[0,0],[0,0],[0,0],[0,0],[0,0],[-0.458,-0.262],[0,0],[0,0],[0,0],[0,0],[-1.381,0.298],[0,1.41],[1.395,0.628],[0,0.75],[-0.784,0],[0,0],[0,0],[0,0],[0,0],[0,0],[0,0],[0,0],[0,0],[0,0],[0.649,0.342],[0,0],[0,0],[0,0],[0,0],[1.313,-0.368],[0,-1.503]],"v":[[-188.736,-27.346],[-190.413,-28.869],[-189.075,-29.912],[-187.209,-29.255],[-187.011,-29.106],[-186.879,-29.004],[-186.853,-29.168],[-186.815,-29.413],[-186.606,-30.719],[-186.59,-30.819],[-186.579,-30.887],[-186.637,-30.922],[-186.726,-30.973],[-188.229,-31.488],[-188.229,-32.428],[-189.841,-33.285],[-189.938,-33.285],[-189.938,-31.454],[-192.2,-28.772],[-189.567,-25.756],[-187.876,-24.093],[-189.338,-22.882],[-191.719,-23.663],[-191.914,-23.79],[-192.044,-23.875],[-192.067,-23.722],[-192.102,-23.491],[-192.297,-22.158],[-192.311,-22.054],[-192.321,-21.986],[-192.259,-21.953],[-192.167,-21.903],[-189.938,-21.275],[-189.938,-20.31],[-188.327,-19.454],[-188.229,-19.454],[-188.229,-21.399],[-186.089,-24.19]],"c":true},"ix":2},"nm":"Trazado 1","mn":"ADBE Vector Shape - Group","hd":false},{"ty":"fl","c":{"a":0,"k":[1,1,1,1],"ix":4},"o":{"a":0,"k":100,"ix":5},"r":1,"nm":"Relleno 1","mn":"ADBE Vector Graphic - Fill","hd":false},{"ty":"tr","p":{"a":0,"k":[0,0],"ix":2},"a":{"a":0,"k":[0,0],"ix":1},"s":{"a":0,"k":[100,100],"ix":3},"r":{"a":0,"k":0,"ix":6},"o":{"a":0,"k":100,"ix":7},"sk":{"a":0,"k":0,"ix":4},"sa":{"a":0,"k":0,"ix":5},"nm":"Transform"}],"nm":"Grupo 1","np":2,"cix":2,"ix":1,"mn":"ADBE Vector Group","hd":false}],"ip":8,"op":400,"st":8,"bm":0},{"ddd":0,"ind":6,"ty":4,"nm":"moneda sombra","parent":7,"sr":1,"ks":{"o":{"a":0,"k":100,"ix":11},"r":{"a":0,"k":0,"ix":10},"p":{"a":0,"k":[-187.28,-23.653,0],"ix":2},"a":{"a":0,"k":[-187.28,-23.653,0],"ix":1},"s":{"a":0,"k":[100,100,100],"ix":6}},"ao":0,"shapes":[{"ty":"gr","it":[{"ind":0,"ty":"sh","ix":1,"ks":{"a":0,"k":{"i":[[-1.974,0],[0,5.459],[0.996,1.542],[0,0]],"o":[[5.468,0],[0,-1.971],[0,0],[1.544,0.994]],"v":[[-189.553,-16.039],[-179.654,-25.922],[-181.235,-31.268],[-194.907,-17.616]],"c":true},"ix":2},"nm":"Trazado 1","mn":"ADBE Vector Shape - Group","hd":false},{"ty":"fl","c":{"a":0,"k":[0.917647063732,0.713725507259,0.258823543787,1],"ix":4},"o":{"a":0,"k":100,"ix":5},"r":1,"nm":"Relleno 1","mn":"ADBE Vector Graphic - Fill","hd":false},{"ty":"tr","p":{"a":0,"k":[0,0],"ix":2},"a":{"a":0,"k":[0,0],"ix":1},"s":{"a":0,"k":[100,100],"ix":3},"r":{"a":0,"k":0,"ix":6},"o":{"a":0,"k":100,"ix":7},"sk":{"a":0,"k":0,"ix":4},"sa":{"a":0,"k":0,"ix":5},"nm":"Transform"}],"nm":"Grupo 1","np":2,"cix":2,"ix":1,"mn":"ADBE Vector Group","hd":false}],"ip":8,"op":400,"st":8,"bm":0},{"ddd":0,"ind":7,"ty":4,"nm":"moneda cara","parent":4,"sr":1,"ks":{"o":{"a":0,"k":100,"ix":11},"r":{"a":0,"k":0,"ix":10},"p":{"a":0,"k":[-110.966,-6.261,0],"ix":2},"a":{"a":0,"k":[-189.594,-26.047,0],"ix":1},"s":{"a":1,"k":[{"i":{"x":[0.769,0.769,0.833],"y":[0.282,0.282,1]},"o":{"x":[0.333,0.333,0.333],"y":[0,0,0]},"n":["0p769_0p282_0p333_0","0p769_0p282_0p333_0","0p833_1_0p333_0"],"t":8,"s":[0,0,100],"e":[5.079,5.079,100]},{"i":{"x":[0.405,0.405,0.833],"y":[0.871,0.871,1]},"o":{"x":[0.449,0.449,0.167],"y":[0.077,0.077,0]},"n":["0p405_0p871_0p449_0p077","0p405_0p871_0p449_0p077","0p833_1_0p167_0"],"t":16,"s":[5.079,5.079,100],"e":[188.826,188.826,100]},{"i":{"x":[0.667,0.667,0.667],"y":[1,1,1]},"o":{"x":[0.225,0.225,0.167],"y":[1.002,1.002,0]},"n":["0p667_1_0p225_1p002","0p667_1_0p225_1p002","0p667_1_0p167_0"],"t":32,"s":[188.826,188.826,100],"e":[200,200,100]},{"t":52}],"ix":6}},"ao":0,"shapes":[{"ty":"gr","it":[{"ind":0,"ty":"sh","ix":1,"ks":{"a":0,"k":{"i":[[5.509,0],[0,-5.501],[-5.51,0],[0,5.501]],"o":[[-5.51,0],[0,5.501],[5.509,0],[0,-5.501]],"v":[[-189.593,-36.007],[-199.57,-26.046],[-189.593,-16.087],[-179.618,-26.046]],"c":true},"ix":2},"nm":"Trazado 1","mn":"ADBE Vector Shape - Group","hd":false},{"ty":"fl","c":{"a":0,"k":[0.972549021244,0.803921580315,0.317647069693,1],"ix":4},"o":{"a":0,"k":100,"ix":5},"r":1,"nm":"Relleno 1","mn":"ADBE Vector Graphic - Fill","hd":false},{"ty":"tr","p":{"a":0,"k":[0,0],"ix":2},"a":{"a":0,"k":[0,0],"ix":1},"s":{"a":0,"k":[100,100],"ix":3},"r":{"a":0,"k":0,"ix":6},"o":{"a":0,"k":100,"ix":7},"sk":{"a":0,"k":0,"ix":4},"sa":{"a":0,"k":0,"ix":5},"nm":"Transform"}],"nm":"Grupo 1","np":2,"cix":2,"ix":1,"mn":"ADBE Vector Group","hd":false}],"ip":8,"op":400,"st":8,"bm":0},{"ddd":0,"ind":8,"ty":4,"nm":"moneda tras","parent":7,"sr":1,"ks":{"o":{"a":0,"k":100,"ix":11},"r":{"a":0,"k":0,"ix":10},"p":{"a":0,"k":[-189.594,-24.232,0],"ix":2},"a":{"a":0,"k":[-189.594,-24.232,0],"ix":1},"s":{"a":0,"k":[100,100,100],"ix":6}},"ao":0,"shapes":[{"ty":"gr","it":[{"ind":0,"ty":"sh","ix":1,"ks":{"a":0,"k":{"i":[[5.509,0],[0,-5.501],[-5.51,0],[0,5.501]],"o":[[-5.51,0],[0,5.501],[5.509,0],[0,-5.501]],"v":[[-189.593,-34.193],[-199.57,-24.231],[-189.593,-14.272],[-179.618,-24.231]],"c":true},"ix":2},"nm":"Trazado 1","mn":"ADBE Vector Shape - Group","hd":false},{"ty":"fl","c":{"a":0,"k":[0.729411780834,0.603921592236,0.239215686917,1],"ix":4},"o":{"a":0,"k":100,"ix":5},"r":1,"nm":"Relleno 1","mn":"ADBE Vector Graphic - Fill","hd":false},{"ty":"tr","p":{"a":0,"k":[0,0],"ix":2},"a":{"a":0,"k":[0,0],"ix":1},"s":{"a":0,"k":[100,100],"ix":3},"r":{"a":0,"k":0,"ix":6},"o":{"a":0,"k":100,"ix":7},"sk":{"a":0,"k":0,"ix":4},"sa":{"a":0,"k":0,"ix":5},"nm":"Transform"}],"nm":"Grupo 1","np":2,"cix":2,"ix":1,"mn":"ADBE Vector Group","hd":false}],"ip":8,"op":400,"st":8,"bm":0},{"ddd":0,"ind":9,"ty":4,"nm":"circulo sombra","parent":10,"sr":1,"ks":{"o":{"a":0,"k":100,"ix":11},"r":{"a":1,"k":[{"i":{"x":[0.759],"y":[0.315]},"o":{"x":[0.333],"y":[0]},"n":["0p759_0p315_0p333_0"],"t":0,"s":[-73],"e":[-69.444]},{"i":{"x":[0.524],"y":[0.764]},"o":{"x":[0.551],"y":[0.203]},"n":["0p524_0p764_0p551_0p203"],"t":10,"s":[-69.444],"e":[-14.357]},{"i":{"x":[0.667],"y":[1]},"o":{"x":[0.231],"y":[0.878]},"n":["0p667_1_0p231_0p878"],"t":30,"s":[-14.357],"e":[0]},{"t":70}],"ix":10},"p":{"a":0,"k":[823.304,159.665,0],"ix":2},"a":{"a":0,"k":[823.304,159.665,0],"ix":1},"s":{"a":0,"k":[100,100,100],"ix":6}},"ao":0,"shapes":[{"ty":"gr","it":[{"ind":0,"ty":"sh","ix":1,"ks":{"a":0,"k":{"i":[[0.102,-0.102],[21.069,-21.069],[21.069,21.069]],"o":[[21.069,21.069],[-21.069,21.069],[-0.102,0.352]],"v":[[38.148,-38.148],[38.148,38.148],[-38.148,38.148]],"c":true},"ix":2},"nm":"Path 1","mn":"ADBE Vector Shape - Group","hd":false},{"ty":"fl","c":{"a":0,"k":[0.847058823529,0.450980392157,0.172549019608,1],"ix":4},"o":{"a":0,"k":100,"ix":5},"r":1,"nm":"Relleno 1","mn":"ADBE Vector Graphic - Fill","hd":false},{"ty":"tr","p":{"a":0,"k":[823.304,159.665],"ix":2},"a":{"a":0,"k":[0,0],"ix":1},"s":{"a":0,"k":[100,100],"ix":3},"r":{"a":0,"k":0,"ix":6},"o":{"a":0,"k":100,"ix":7},"sk":{"a":0,"k":0,"ix":4},"sa":{"a":0,"k":0,"ix":5},"nm":"Transform"}],"nm":"Grupo 1","np":2,"cix":2,"ix":1,"mn":"ADBE Vector Group","hd":false}],"ip":0,"op":392,"st":0,"bm":0},{"ddd":0,"ind":10,"ty":4,"nm":"circulo","sr":1,"ks":{"o":{"a":0,"k":100,"ix":11},"r":{"a":0,"k":0,"ix":10},"p":{"a":0,"k":[225,225,0],"ix":2},"a":{"a":0,"k":[823.304,159.665,0],"ix":1},"s":{"a":1,"k":[{"i":{"x":[0.769,0.769,0.833],"y":[0.282,0.282,-4.556]},"o":{"x":[0.333,0.333,0.333],"y":[0,0,0]},"n":["0p769_0p282_0p333_0","0p769_0p282_0p333_0","0p833_-4p556_0p333_0"],"t":0,"s":[0,0,100],"e":[5.079,5.079,100]},{"i":{"x":[0.405,0.405,0.833],"y":[0.871,0.871,1]},"o":{"x":[0.449,0.449,0.167],"y":[0.077,0.077,11.111]},"n":["0p405_0p871_0p449_0p077","0p405_0p871_0p449_0p077","0p833_1_0p167_11p111"],"t":8,"s":[5.079,5.079,100],"e":[188.826,188.826,100]},{"i":{"x":[0.667,0.667,0.667],"y":[1,1,1]},"o":{"x":[0.225,0.225,0.167],"y":[1.002,1.002,0]},"n":["0p667_1_0p225_1p002","0p667_1_0p225_1p002","0p667_1_0p167_0"],"t":24,"s":[188.826,188.826,100],"e":[200,200,100]},{"t":44}],"ix":6}},"ao":0,"shapes":[{"ty":"gr","it":[{"d":1,"ty":"el","s":{"a":0,"k":[107.9,107.9],"ix":2},"p":{"a":0,"k":[0,0],"ix":3},"nm":"Trazado elíptico 1","mn":"ADBE Vector Shape - Ellipse","hd":false},{"ty":"fl","c":{"a":0,"k":[0.96862745098,0.537254901961,0.23137254902,1],"ix":4},"o":{"a":0,"k":100,"ix":5},"r":1,"nm":"Relleno 1","mn":"ADBE Vector Graphic - Fill","hd":false},{"ty":"tr","p":{"a":0,"k":[823.304,159.665],"ix":2},"a":{"a":0,"k":[0,0],"ix":1},"s":{"a":0,"k":[100,100],"ix":3},"r":{"a":0,"k":0,"ix":6},"o":{"a":0,"k":100,"ix":7},"sk":{"a":0,"k":0,"ix":4},"sa":{"a":0,"k":0,"ix":5},"nm":"Transform"}],"nm":"Grupo 1","np":2,"cix":2,"ix":1,"mn":"ADBE Vector Group","hd":false}],"ip":0,"op":392,"st":0,"bm":0}],"markers":[]}