{
    "data": [
      {
        "contactDetailId": "1234",
        "contact": "*****865",
        "contactType": {
          "id": "PHONE_NUMBER",
          "name": "phone"
        },
        "country": {
          "id": "PE",
          "name": "Perú"
        },
        "regionalCode": "045",
        "extension": "555",
        "isPreferential": true,
        "isChecked": true,
        "adsAllowed": true
      },
      {
        "contactDetailId": "1235",
        "contact": "*****064",
        "contactType": {
          "id": "MOBILE_NUMBER",
          "name": "Mobile"
        },
        "country": {
          "id": "PE",
          "name": "Perú"
        },
        "phoneCompany": {
          "id": "TELCEL",
          "name": "Telcel"
        },
        "isPreferential": true,
        "isChecked": true,
        "adsAllowed": true
      },
      {
        "contactDetailId": "1236",
        "contact": "*******@gmail.com",
        "contactType": {
          "id": "EMAIL",
          "name": "email"
        },
        "isPreferential": true,
        "isChecked": true,
        "adsAllowed": true
      }
    ]
  }
