{"hash":"mxassistance-section-info","currentPage":{"url":"/assistance-section-info","params":[]},"pages":{},"template":{"tag":"cells-template-coronita","properties":{"animationType":"verticalUp","hasFooter":false,"disableEdgeSwipe":true,"headerFixed":true,"headerHeight":59,"cellsConnections":{"in":{},"out":{}},"analytics":{"action":"page-view","digitalData":{"page.pageInfo.pageSegment":"Assistance Section Info","page.pageInfo.url":"/assistance-section-info","page.pageInfo.sysEnv":"web-movil","page.pageInfo.language":"ES","page.pageInfo.pageIntent":"Informacion","page.pageInfo.channel":"online","user.userState":"logado","user.country":"mx"}}}},"components":[{"zone":"app__header","type":"UI","tag":"cells-molecule-header","properties":{"className":"header--dark","leftIcon":"coronita:close","cellsConnections":{"in":{"ASSISTANCE_SECTION_MODAL_HEADER":{"bind":"titleName"}},"out":{"ASSISTANCE_SECTION_MODAL_BACKSTEP":{"bind":"click-left-button","backStep":true}}}}},{"zone":"app__main","type":"UI","tag":"glomo-alert-manager","properties":{"className":"assistance-help-page","opened":true,"cellsConnections":{"in":{"ASSISTANCE_SECTION_MODAL_BODY_PAYLOAD":{"bind":"openWithSettings"}},"out":{"ASSISTANCE_SECTION_PRIMARY_BUTTON_CLICKED":{"bind":"alert-assistance-section-accept"},"ASSISTANCE_SECTION_SECONDARY_BUTTON_CLICKED":{"bind":"alert-assistance-section-cancel","backStep":true}}}}},{"zone":"app__main","type":"DM","tag":"glomo-assistance-section-dm","properties":{"cellsConnections":{"in":{"ASSISTANCE_SECTION_PRIMARY_BUTTON_CLICKED":{"bind":"helpPagePrimaryButtonClick"}},"out":{"global_phone_call_channel":{"bind":"assistance-section-make-call-to-bank","forward-to-native":true},"ASSISTANCE_SECTION_BACKSTEP":{"bind":"assistance-section-acknowledge","backStep":true}}}}},{"zone":"app__main","type":"CC","tag":"glomo-adtm-analytics","properties":{"native":true,"analyticsLibSrc":"https://assets.adobedtm.com/95bb966a4c61b200a089c37679aaf96e22114787/satelliteLib-d0e3030220638b22c533bac481790e8952ae0bf4.js","pageInstanceID":"pro","cellsConnections":{"in":{"__bridge_app":{"bind":"init"},"global_cache_channel":{"bind":"globalCacheStorage"}}}}},{"zone":"app__main","type":"CC","tag":"glomo-access-manager","properties":{"avoidCheckSessionExpired":true,"avoidCheckOffers":true,"cellsConnections":{"in":{"register_device":{"bind":"registerDevice"},"global_login_success":{"bind":"checkForRegisterDevice"},"modal_change_user_accept":{"bind":"cleanUserInfo"},"session_timeout_expired":{"bind":"setSessionExpiredState"},"reset_session_expired":{"bind":"cleanSessionExpiredState"},"global_navigation_to_atms":{"bind":"checkFirstTimeAtmLocator"},"global_atm_locator_welcome_accept":{"bind":"setFirstTimeAtmLocator"},"global_campaigns_position_get_closed_offers":{"bind":"getClosedOffers"},"global_dashboard_oc_banner_close":{"bind":"setOfferAsClosed"},"global_logout_success":{"bind":"logoutSuccess"},"global_login_error_blocked_user_change_user":{"bind":"cleanUserInfo"}},"out":{"user_cached":{"bind":"user-cached-changed"},"session_expired_message":{"bind":"open-session-expired-message"},"global_atm_locator_not_first_time":{"bind":"atm-locator-not-first-time","link":{"page":"atmLocator"}},"global_atm_locator_first_time":{"bind":"atm-locator-first-time"},"global_campaigns_closed_offers":{"bind":"campaigns-closed-offers"}}}}},{"zone":"app__main","type":"CC","tag":"cells-connection-status","properties":{"statusByPagename":true,"cellsConnections":{"in":{"__bridge_app":{"bind":"setCurrentPage"},"__bridge_evt_template-registered":{"bind":"checkConnectionStatus"}},"out":{"connection_status_assistanceSectionInfo_offline":{"bind":"cells-connection-status-assistanceSectionInfo-offline"},"connection_status_assistanceSectionInfo_online":{"bind":"cells-connection-status-assistanceSectionInfo-online"}}}}},{"zone":"app__transactional","type":"CC","tag":"cells-sign-operation-modal","properties":{"className":"auto-softoken","clearOnClose":true,"clearPwdIcon":"coronita:close","imgSrc":"images/otp/otp-sms.png","keepOnAccept":true,"resetOnClose":true,"showAppPss":true,"togglePwdIcon":"coronita:visualize","togglePwdIconToggled":"coronita:hide","enableSpinner":true,"cellsConnections":{"in":{"sign_modal_open":{"bind":"openWithSettings"},"sign_modal_signed_status":{"bind":"signed"},"sign_modal_close":{"bind":"close"},"native_back_button_clicked_close_modal":{"bind":"close"},"sign_modal_update_settings":{"bind":"updateSettings"},"sign_modal_close_spinner":{"bind":"closeSpinner"},"global_cells_key_recovery_close_otp_modal_wrong_password":{"bind":"close"},"global_transfer_otp_error_accept":{"bind":"clearInput"},"global_transfer_frequent_operations_otp_error_accept":{"bind":"clearInput"},"global_safe_card_sign_request_error":{"bind":"close"},"global_safe_card_sign_request_fatal":{"bind":"close"},"global_life_health_insurances_sign_request_error":{"bind":"close"},"global_life_health_insurances_sign_request_fatal":{"bind":"close"},"global_deposits_insurances_sign_request_error":{"bind":"close"},"global_additional_card_hiring_api_cards_error_on_get_card_proposals":{"bind":"close"}},"out":{"sign_modal_submit_sign":{"bind":"cells-sign-operation-submit"},"sign_modal_new_sms":{"bind":"cells-sign-operation-get-new-sms"},"sign_modal_cancelled":{"bind":"cells-sign-operation-cancelled"},"close_control_veil":{"bind":"cells-sign-operation-opened"},"cells_to_native_modal_opened":{"bind":"cells-sign-operation-opened","forward-to-native":true},"cells_to_native_modal_closed":{"bind":"cells-sign-operation-cancelled","forward-to-native":true},"sign_modal_close_reset":{"bind":"close"},"global_otp_modal_loaded_analytics":{"bind":"cells-sign-operation-loaded-analytics"}}}}},{"zone":"app__main","type":"CC","tag":"cells-hybrid-session-token","properties":{"cellsConnections":{"in":{"global_tsec_channel":{"bind":"handleToken"},"global_web_token_updated":{"bind":"notifyUpdatedToken"}},"out":{"global_tsec_channel_web_to_native":{"bind":"token-updated"},"dashboard_init_loading":{"bind":"session-token-set"}}}}},{"zone":"app__main","tag":"cells-native-toast-handler","type":"CC","properties":{"cellsConnections":{"in":{"toast_success":{"bind":"success"},"toast_error":{"bind":"error"}},"out":{"global_toast_channel":{"bind":"open-toast","forward-to-native":true}}}}},{"zone":"app__main","tag":"glomo-logout-handler","type":"CC","properties":{"cellsConnections":{"in":{"global_logout_notify_channel":{"bind":"doLogout"}},"out":{}}}},{"zone":"app__main","tag":"cells-mobile-local-storage","type":"CC","properties":{"cellsConnections":{"in":{"global_get_from_storage":{"bind":"get"},"global_set_in_storage":{"bind":"set"},"global_remove_from_storage":{"bind":"remove"}},"out":{}}}}]}