{"hash":"card-credit-card-payment","currentPage":{"url":"card-credit-card-payment","params":[]},"template":{"tag":"glomo-opx-template","properties":{"animationType":"verticalUp","headerFixed":true,"className":"bg-core-blue","extraHeaderClass":"dark-blue-bg","cellsConnections":{"in":{"card_credit_card_payment_summary_open":{"bind":"showConfirm"},"card_credit_card_payment_retry_simulation":{"bind":"showConfirm"},"card_credit_card_payment_reset_page":{"bind":"close"},"card_credit_card_payment_close_summary":{"bind":"close"},"card_credit_card_payment_reset_scroll":{"bind":"resetLayerScroll"},"card_credit_card_payment_scroll_zone":{"bind":"scrollItemIntoView"},"card_credit_card_payment_init_page":{"bind":"recalculateHeader"},"transfer_complete_simulation":{"bind":"resetLayerScroll"}},"out":{"card_credit_card_payment_scroll_complete":{"bind":"cells-scroll-complete"}}}}},"components":[{"zone":"app__overlay","tag":"cells-spinner-veil","properties":{"withMask":true,"size":72,"cellsConnections":{"in":{"open_control_veil":{"bind":"openVeil"},"close_control_veil":{"bind":"closeVeil"},"global_error_tsec_expired":{"bind":"closeVeil"},"OPEN_LOAN_PAYMENTS_VEIL":{"bind":"openVeil"},"CLOSE_LOAN_PAYMENTS_VEIL":{"bind":"closeVeil"},"GAS_RESPONSE_ACCOUNT_STATEMENTS_LIST_ACCOUNTS":{"bind":"closeVeil"},"GAS_RESPONSE_ACCOUNT_STATEMENTS_LIST_CARDS":{"bind":"closeVeil"},"GAS_ERROR_ACCOUNT_STATEMENTS_LIST_ACCOUNTS":{"bind":"closeVeil"},"GAS_ERROR_ACCOUNT_STATEMENTS_LIST_CARDS":{"bind":"closeVeil"},"GAS_RESPONSE_ACCOUNT_STATEMENTS_PDF_CARDS":{"bind":"closeVeil"},"GAS_ERROR_ACCOUNT_STATEMENTS_PDF_CARDS":{"bind":"closeVeil"},"GAS_RESPONSE_ACCOUNT_STATEMENTS_PDF_ACCOUNTS":{"bind":"closeVeil"},"GAS_ERROR_ACCOUNT_STATEMENTS_PDF_ACCOUNTS":{"bind":"closeVeil"},"RESPONSE_ERROR_ACCOUNT_STATEMENTS_PDF_ACCOUNTS":{"bind":"closeVeil"},"RESPONSE_ERROR_ACCOUNT_STATEMENTS_PDF_CARDS":{"bind":"closeVeil"},"CCL_OPEN_CONTROL_VEIL":{"bind":"openVeil"},"ICAP_OPEN_CONTROL_VEIL":{"bind":"openVeil"},"ASSISTANCE_SECTION_INIT_OPEN_SPINNER":{"bind":"openVeil"},"payrollAdvance_GET_OPEN_CONTROL_VEIL":{"bind":"openVeil"},"payrollAdvance_SIMULATE_OPEN_CONTROL_VEIL":{"bind":"openVeil"},"payrollAdvance_POST_OPEN_CONTROL_VEIL":{"bind":"openVeil"},"OTP_SCREEN_CANCEL_CHANNEL":{"bind":"closeVeil"},"CODI_OPEN_CONTROL_VEIL_KEYSOURCE":{"bind":"openVeil"},"CODI_OPEN_CONTROL_VEIL_DECRYPT":{"bind":"openVeil"},"CODI_OPEN_CONTROL_VEIL_VALID":{"bind":"openVeil"},"CCL_CLOSE_CONTROL_VEIL":{"bind":"closeVeil"},"CCL_DOCUMENT_CONTENT_ERROR":{"bind":"closeVeil"},"CCL_DOCUMENT_UNAUTHORIZED_ERROR":{"bind":"closeVeil"},"ICAP_CLOSE_CONTROL_VEIL":{"bind":"closeVeil"},"payrollAdvance_GET_CLOSE_CONTROL_VEIL":{"bind":"closeVeil"},"payrollAdvance_SIMULATE_CLOSE_CONTROL_VEIL":{"bind":"closeVeil"},"payrollAdvance_API_ERROR_CLOSE_CONTROL_VEIL":{"bind":"closeVeil"},"payrollAdvance_DOC_FETCH_FAILURE":{"bind":"closeVeil"},"PAPO_RECEIVE_PORTABILITY_OPEN_CONTROL_VEIL":{"bind":"openVeil"},"payrollPortability_CURRENT_PAYROLL_SEARCH_BUTTON_PRESSED":{"bind":"openVeil"},"PAPO_LISTEN_CURRENT_OPEN_CONTROL_VEIL":{"bind":"openVeil"},"PAPO_SET_ACOUNT_OPEN_CONTROL_VEIL":{"bind":"openVeil"},"PAPO_PORTABILITY_CREATION_OPEN_CONTROL_VEIL":{"bind":"openVeil"},"PAPO_SET_LIST_CLOSE_CONTROL_VEIL":{"bind":"closeVeil"},"payrollPortability_CURRENT_PAYROLL_DATA_HAS_ORDERED":{"bind":"closeVeil"},"PAPO_MANAGE_RECEIVERS_ERROR_CLOSE_CONTROL_VEIL":{"bind":"closeVeil"},"PAPO_OTP_SCREEN_CANCEL_CLOSE_CONTROL_VEIL":{"bind":"closeVeil"},"PAPO_CLEAN_SETTLED_CLOSE_CONTROL_VEIL":{"bind":"closeVeil"},"CALL_ME_BACK_REQUEST_INMEDIATE":{"bind":"openVeil"},"CALL_ME_BACK_REQUEST_SCHEDULE":{"bind":"openVeil"},"CALL_ME_BACK_RESPONSE_LIST":{"bind":"closeVeil"},"CALL_ME_BACK_CLOSE":{"bind":"closeVeil"},"POCKETS_LIST_REQUEST_DATA":{"bind":"openVeil"},"POCKETS_LIST_REQUEST_POCKET_UPDATE":{"bind":"openVeil"},"POCKETS_LIST_DATA_RECEIVED":{"bind":"closeVeil"},"POCKETS_LIST_POCKET_UPDATE_SUCCESS":{"bind":"closeVeil"},"POCKETS_LIST_GET_ERROR":{"bind":"closeVeil"},"POCKETS_LIST_POCKET_UPDATE_ERROR":{"bind":"closeVeil"},"POCKET_EDIT_PATCH_REQUEST":{"bind":"openVeil"},"pocketsCreate_success_channel":{"bind":"closeVeil"},"pin_request_OPEN_CONTROL_VEIN":{"bind":"openVeil"},"pin_request_HIDE_CONTROL_VEIN":{"bind":"closeVeil"},"POCKET_EDIT_PATCH_ERROR":{"bind":"closeVeil"},"POCKETS_LIST_ADD_MONEY_NAVIGATION":{"bind":"openVeil"},"POCKET_ADD_WITHDRAWAL_MONEY_SUCCESS":{"bind":"closeVeil"},"POCKETS_LIST_WITH_DRAWAL_MONEY_NAVIGATION":{"bind":"openVeil"},"POCKET_WITHDRAWAL_MONEY_SUCCESS":{"bind":"closeVeil"},"POCKETS_LIST_DELETE_NAVIGATION":{"bind":"openVeil"},"pocketsDelete_DATA_TO_UI":{"bind":"closeVeil"},"pocket_DATA_TO_UI":{"bind":"closeVeil"},"POCKET_DELETE_SUCCESS":{"bind":"closeVeil"},"POCKETS_MOVEMENT_LIST_NAVIGATION":{"bind":"openVeil"},"POCKET_MOVEMENT_SUCCESS":{"bind":"closeVeil"},"POCKET_POST_CREATE_SPINNER":{"bind":"openVeil"},"POCKET_POST_ADD_MONEY_SPINNER":{"bind":"openVeil"},"POCKET_POST_ADD_MONEY_HIDE_SPINNER":{"bind":"closeVeil"},"POCKET_POST_WITHDRAWAL_SPINNER":{"bind":"openVeil"},"POCKET_POST_DELETE_SPINNER":{"bind":"openVeil"},"pocketsDelete_POST_FAILURE":{"bind":"closeVeil"},"POCKET_POST_DELETE_ERROR":{"bind":"closeVeil"},"POCKET_ACCEPT_BUTTON_CLICKED":{"bind":"openVeil"},"pocket_CREATE_POST_FAILURE":{"bind":"closeVeil"},"pocket_WITHDRAWL_POST_FAILURE":{"bind":"closeVeil"},"pocket_ADD_MONEY_POST_FAILURE":{"bind":"closeVeil"},"pocket_UPDATE_POST_FAILURE":{"bind":"closeVeil"},"MORTGAGE_LOANPAYMENT_OPEN_VEIL":{"bind":"openVeil"},"MORTGAGE_LOANPAYMENT_CLOSE_VEIL":{"bind":"closeVeil"},"CAR_LOANPAYMENT_SHOW_SPINNER_FOOTER":{"bind":"openVeil"},"CAR_LOANPAYMENT_HIDE_SPINNER_INSTALLMENTS":{"bind":"closeVeil"},"UNPROGRAMMED_POCKET_EDIT_PAYLOAD_RECEIVED":{"bind":"closeVeil"},"RESPONSE_HEALTH_DATA":{"bind":"closeVeil"},"RESPONSE_HEALTH_DATA_ERROR":{"bind":"closeVeil"}}}}},{"zone":"app__main","tag":"cells-handle-life-cycle","type":"UI","properties":{"pageName":"cardCreditCardPayment","tokenName":"tsec","customInitEvents":{"swipe-menu-enabled":false},"cellsConnections":{"in":{"__bridge_app":{"bind":"navigation"},"__bridge_page_cardCreditCardPayment":{"bind":"init"}},"out":{"card_credit_card_payment_reset_page":{"bind":"reset"},"card_credit_card_payment_reset_products":{"bind":"reset"},"card_credit_card_payment_init_page":{"bind":"init-page"},"global_enable_menu_swipe":{"bind":"swipe-menu-enabled","forward-to-native":true},"close_control_veil":{"bind":"init-page"}}}}},{"zone":"app__header","type":"UI","tag":"cells-molecule-header","properties":{"className":"header--core","rightIcon":"coronita:close","titleName":"cells-card-credit-card-payment-title","cellsConnections":{"in":{},"out":{"manage_navigation_card_credit_card_payment_to_page":{"bind":"click-right-button"}}}}},{"zone":"app__header","type":"UI","tag":"glomo-navigation-handler","properties":{"backAction":"header-left-button","continue":"card","cellsConnections":{"in":{"navigation_card_credit_card_payment_to_page":{"bind":"navigate"},"global_card_credit_card_payment_exit":{"bind":"navigate"},"navigation_to_credit_card_payment_result":{"bind":"navigateToPage"}},"out":{"navigation_card_payment_to_producte_detail":{"bind":"navigation-to-card-product-id","backStep":true}},"params":{"productId":"productId","continue":"continue"}}}},{"zone":"app__main","type":"DM","tag":"glomo-products-dm-mx-creditcard-payment","familyPath":"glomo-products-dm","properties":{"host":"https://glomo.bancomermovil.com/SRVS_A02","native":true,"accountsApiVersion":"0","apiAggregatorApiVersion":"0","requiredToken":"tsec","localCurrency":"MXN","cellsConnections":{"in":{"card_credit_card_payment_get_products":{"bind":"getProducts"},"global_account_credit_card_payment_error_products_try_again":{"bind":"retryGetProducts"}},"out":{"card_credit_card_payment_set_products":{"bind":"set-products-operative"},"card_credit_card_payment_error_products":{"bind":"error-on-get-products"},"global_error_tsec_invalid":{"bind":"tsec-invalid","forward-to-native":false},"global_error_tsec_expired":{"bind":"tsec-expired","forward-to-native":true},"global_error_tsec_cancelled":{"bind":"tsec-cancelled","forward-to-native":false},"global_error_wrong_access_key":{"bind":"wrong-access-key","forward-to-native":false},"global_error_user_blocked":{"bind":"user-blocked","forward-to-native":false},"global_error_user_blocked_cause_retrials":{"bind":"user-blocked-cause-retrials","forward-to-native":false},"global_error_wrong_otp_sms":{"bind":"wrong-otp-sms","forward-to-native":false}}}}},{"zone":"app__confirm","type":"UI","tag":"cells-operation-summary","properties":{"localCurrency":"MXN","buttonLabel":"card-credit-card-payment-step-summary-view-continue\"","showLegalTerms":false,"showAddition":true,"showLoadingSkeleton":true,"messageHead":"cells-icon-message-message-head-unsuccess-operation","message":"cells-icon-message-message-not-load-total-operation","messageButtonLabel":"cells-icon-message-message-button-label-retry","summaryViewTitle":"card-credit-card-payment-step-summary-view-title","managmentFeesMessage":"payment","noFeesMessage":"payment","itfIcon":"coronita:help","isNativeIos":false,"hideCustomFeesMessage":true,"cellsConnections":{"in":{"card_credit_card_payment_reset_page":{"bind":"reset"},"transfer_source_currency":{"bind":"currencyCode"},"card_credit_card_payment_set_simulation_result":{"bind":"operation"},"card_credit_card_payment_can_execute":{"bind":"canExecute"},"card_credit_card_payment_simulation_parsed_error":{"bind":"showCustomError"},"card_credit_card_payment_retry_simulation":{"bind":"refreshTransferSimulation"},"card_credit_card_payment_summary_view_title":{"bind":"summaryViewTitle"},"card_credit_card_payment_summary_button_label":{"bind":"buttonLabel"}},"out":{"card_credit_card_payment_summary_open":{"bind":"summary-open"},"transfer_summary_close":{"bind":"summary-close"},"card_credit_card_payment_summary_closed":{"bind":"summary-closed"},"global_transfer_summary_open_exchange_rate":{"bind":"open-exchange-rate-modal-manager"},"navigation_transfer_to_continue":{"bind":"cancel-operation"},"card_credit_card_payment_simulation_retry":{"bind":"retry-operation"},"global_transfer_summary_open_taxes_modal":{"bind":"open-itf-modal-manager"},"transfer_complete_simulation":{"bind":"summary-open"}}},"className":"card-credit-card-payment-summary"}},{"zone":"app__main","tag":"glomo-opx-card-credit-card-payment-mx","familyPath":"glomo-opx-card-credit-card-payment","type":"DM","properties":{"host":"https://glomo.bancomermovil.com/SRVS_A02","native":true,"transferApiVersion":"0","requiredToken":"tsec","maxSteps":3,"autoActivateStep":true,"language":"es-MX","localCurrency":"MXN","phoneNumber":"018002262663","accountStatusAllowed":["ACTIVATED","OPERATIVE","ACTIVE"],"paymentTypeLocaleKey":{"MINIMUM_AMOUNT":"card-credit-card-payment-minimum-amount","MINIMUM_AMOUNT_TO_AVOID_INTEREST":"card-credit-card-payment-minimum-amount-to-avoid-interest-payment","TOTAL_DEBT_AMOUNT":"card-credit-card-payment-total-debt-amount","OTHER_AMOUNT":"card-credit-card-payment-other-amount"},"paymentMethodsNames":["MINIMUM_AMOUNT","MINIMUM_AMOUNT_TO_AVOID_INTEREST","TOTAL_DEBT_AMOUNT"],"cellsConnections":{"in":{"card_credit_card_payment_init_page":{"bind":"init"},"card_credit_card_payment_reset_page":{"bind":"reset"},"global_card_credit_card_payment_exit":{"bind":"reset"},"navigation_credit_card_payment_review_to_continue":{"bind":"reset"},"credit_card_payment_review_to_continue":{"bind":"reset"},"card_credit_card_payment_register_step_channel":{"bind":"registerStep"},"card_credit_card_payment_manage_state_steps":{"bind":"manageStateSteps"},"global_card_detail_data_success_channel":{"bind":"selectedCard"},"manage_navigation_card_credit_card_payment_to_page":{"bind":"manageBackNavigation"},"card_credit_card_payment_navigate_card_detail":{"bind":"reset"},"__bridge_cancelled_back_navigation":{"bind":"manageBackNavigation"},"card_credit_card_payment_selected_amount":{"bind":"setSelectedAmount"},"card_credit_card_payment_change_step_state_channel":{"bind":"manageStateSteps"},"card_credit_card_payment_change_account_selected":{"bind":"setSelectedAccount"},"global_get_accounts_channel":{"bind":"setAccounts"},"card_credit_card_payment_clean-amount":{"bind":"setSelectedAmount"},"card_credit_card_payment_keep_last_selection":{"bind":"keepLastSelection"},"card_credit_card_payment_summary_closed":{"bind":"doCreditCardPayment"},"global_card_credit_card_payment_retry_own_tranfer":{"bind":"doCreditCardPayment"},"global_card_credit_card_payment_call_own_tranfer":{"bind":"callToBank"},"global_card_credit_card_payment_cancel_header_own_tranfer":{"bind":"resetCounter"},"global_card_credit_card_payment_cancel_header_call_own_tranfer":{"bind":"resetCounter"},"card_credit_card_payment_transfer_result_channel":{"bind":"rawCreditCardPaymentResult"},"card_credit_card_payment_transfer_error_channel":{"bind":"onTransferError"},"global_card_credit_card_payment_simulated_amount":{"bind":"setSimulatedAmount"}},"out":{"card_credit_card_payment_close_summary":{"bind":"set-card-summary-close"},"card_credit_card_payment_set_selected":{"bind":"card-credit-card-payment-update-selected-amount"},"card_credit_card_payment_step_recipient_selector_set_products":{"bind":"step-recipient-selector-set-products"},"card_credit_card_payment_parsed_payment_methods_channel":{"bind":"parsed-payment-methods-changed"},"card_credit_card_payment_currencies_list_channel":{"bind":"currencies-list-changed"},"card_credit_card_payment_radio_buttons_config_channel":{"bind":"radio-buttons-config-changed"},"card_credit_card_payment_max_limit_channel":{"bind":"max-limit-changed"},"card_credit_card_payment_navigate_card_detail":{"bind":"navigate-to-card-detail","backStep":true},"card_credit_card_payment_saved_accounts":{"bind":"set-saved-accounts"},"card_credit_card_payment_product_max_limit_amount":{"bind":"set-max-limit"},"card_credit_card_payment_set_simulation_result":{"bind":"set-simulation-result"},"global_card_credit_card_payment_show_close_confirm":{"bind":"show-close-confirm"},"card_credit_card_payment_card_granted_credits_channel":{"bind":"card-granted-credits-changed"},"card_credit_card_payment_card_disposed_balance_amount_channel":{"bind":"card-disposed-balance-amount-changed"},"card_credit_card_payment_show_positive_balance_channel":{"bind":"show-positive-balance-message-changed"},"card_credit_card_payment_reset_accounts":{"bind":"reset-accounts"},"card_credit_card_payment_reset_accounts_collapsed":{"bind":"accounts-collapsed"},"card_credit_card_payment_can_execute":{"bind":"can-execute-changed"},"card_credit_card_payment_summary_open":{"bind":"set-card-summary"},"card_credit_card_payment_summary_view_title":{"bind":"set-summary-view-title"},"card_credit_card_payment_summary_button_label":{"bind":"set-summary-button-label"},"card_credit_card_payment_set_selected_account":{"bind":"only-one-selected"},"card_credit_card_payment_set_fixed_account":{"bind":"set-fixed-account"},"card_credit_card_payment_set_amount_decorated":{"bind":"set-amount-decorated"},"open_control_veil":{"bind":"open-control-veil"},"close_control_veil":{"bind":"close-control-veil"},"card_credit_card_payment_make_own_transfer_channel":{"bind":"make-own-transfer"},"navigate_to_credit_card_payment_review":{"bind":"navigate-to-credit-card-payment-review","link":{"page":"creditCardPaymentReview"}},"global_card_credit_card_payment_own_tranfer_error":{"bind":"own-tranfer-error"},"global_card_detail_data_refresh":{"bind":"success-bbva-card-payment-message"},"global_refresh_dashboard_generic":{"bind":"financial-overview-refresh","forward-to-native":true},"global_card_detail_data_retry_get_card_detail":{"bind":"retry-card-detail"},"global_error_tsec_invalid":{"bind":"tsec-invalid","forward-to-native":false},"global_error_tsec_expired":{"bind":"tsec-expired","forward-to-native":true},"global_error_tsec_cancelled":{"bind":"tsec-cancelled","forward-to-native":false},"global_error_wrong_access_key":{"bind":"wrong-access-key","forward-to-native":false},"global_error_user_blocked":{"bind":"user-blocked","forward-to-native":false},"global_error_user_blocked_cause_retrials":{"bind":"user-blocked-cause-retrials","forward-to-native":false},"global_error_wrong_otp_sms":{"bind":"wrong-otp-sms","forward-to-native":false}},"params":{"defaultSourceId":"productId","creditCardPaymentResult":"creditCardPaymentResult"}}}},{"zone":"app__main","tag":"cells-step-recipient-selector","type":"UI","properties":{"currentStep":1,"maxSteps":3,"stepTitle":"card-credit-card-payment-step-recipient-selector-title","initWithDefaultProductSelected":true,"notInitializeWithAttached":true,"className":"show-header with-additional-info","localCurrency":"MXN","defaultImage":"./images/cards/cardFrontDefault.png","nameRightToImage":true,"imgWidth":48,"imgHeight":32,"cellsConnections":{"in":{"card_credit_card_payment_init_page":{"bind":"initialize"},"card_credit_card_payment_reset_page":{"bind":"reset"},"card_credit_card_payment_scroll_complete":{"bind":"scrollComplete"},"card_credit_card_payment_step_recipient_selector_set_products":{"bind":"products"}},"out":{"card_credit_card_payment_register_step_channel":{"bind":"register-step"},"card_credit_card_payment_change_step_state_channel":{"bind":"change-step-state"}}}}},{"zone":"app__main","tag":"cells-step-enter-amount-credit-card","type":"UI","properties":{"currentStep":2,"maxSteps":3,"stepTitle":"credit-card-payment-step-amount","className":"not-border-bottom","notInitializeWithAttached":true,"resetAmountOnChange":true,"textDefaultMessage":false,"disablePreviousStepAnimation":true,"showDebtsWithRadioButtons":true,"showOverDraftMessage":true,"enableChangeStep":true,"showNoDebtInfoMessage":false,"showSameDayDeadlineInfoMessage":false,"hideAmountHelpButton":true,"notExtraActionClosed":true,"localCurrency":"MXN","changeLabel":"glomo-common-operatives-change","textTypePayment":"card-credit-card-payment-choose-amount-label","language":"es-MX","cellsConnections":{"in":{"card_credit_card_payment_init_page":{"bind":"initialize"},"global_card_credit_card_payment_exit":{"bind":"reset"},"card_credit_card_payment_reset_page":{"bind":"reset"},"card_credit_card_payment_scroll_complete":{"bind":"scrollComplete"},"card_credit_card_payment_parsed_payment_methods_channel":{"bind":"paymentMethodTypes"},"card_credit_card_payment_currencies_list_channel":{"bind":"currenciesList"},"card_credit_card_payment_radio_buttons_config_channel":{"bind":"configDebtsRadioButtons"},"card_credit_card_payment_max_limit_channel":{"bind":"maxLimit"},"card_credit_card_payment_card_granted_credits_channel":{"bind":"availableBalance"},"card_credit_card_payment_card_disposed_balance_amount_channel":{"bind":"minimumAmount"},"card_credit_card_payment_show_positive_balance_channel":{"bind":"showSameDayDeadlineInfoMessage"},"card_credit_card_payment_set_amount_decorated":{"bind":"decorated"},"card_credit_card_payment_set_selected":{"bind":"selected"}},"out":{"card_credit_card_payment_register_step_channel":{"bind":"register-step"},"card_credit_card_payment_change_step_state_channel":{"bind":"change-step-state"},"card_credit_card_payment_keep_last_selection":{"bind":"dont-change-and-continue"},"card_credit_card_payment_selected_amount":{"bind":"selected-amount"},"card_credit_card_payment_clean-amount":{"bind":"clean-amount"}}}}},{"zone":"app__main","tag":"cells-step-product-selector","type":"UI","properties":{"currentStep":3,"className":"card-credit-card-payment-account-selector selected-product","notInitializeWithAttached":true,"disabledUpdateTitleOnChangeProduct":true,"maxSteps":3,"header":"card-credit-card-payment-step-product-selector-header","stepTitle":"card-credit-card-payment-step-product-selector-title","productsListLabel":"card-credit-card-payment-step-product-accounts-selector-title","localCurrency":"MXN","changeLabel":"glomo-common-operatives-change","errorMessage":"card-credit-card-payment-account-insufficient-funds","errorTextMessage":"card-credit-card-payment-account-insufficient-funds","maxProducts":2,"cellsConnections":{"in":{"card_credit_card_payment_init_page":{"bind":"initialize"},"card_credit_card_payment_reset_page":{"bind":"reset"},"card_credit_card_payment_reset_accounts":{"bind":"reset"},"card_credit_card_payment_reset_accounts_collapsed":{"bind":"collapsed"},"card_credit_card_payment_scroll_complete":{"bind":"scrollComplete"},"card_credit_card_payment_saved_accounts":{"bind":"products"},"card_credit_card_payment_set_modal_account":{"bind":"onProductSelected"},"card_credit_card_payment_product_max_limit_amount":{"bind":"maxLimit"},"card_credit_card_payment_set_selected_account":{"bind":"selected"},"card_credit_card_payment_set_fixed_account":{"bind":"fixed"}},"out":{"card_credit_card_payment_register_step_channel":{"bind":"register-step"},"card_credit_card_payment_change_step_state_channel":{"bind":"change-step-state"},"card_credit_card_payment_change_account_selected":{"bind":"on-change-product-selected"},"card_credit_card_payment_show_more_accounts":{"bind":"view-all"},"card_credit_card_payment_keep_last_selection":{"bind":"dont-change-and-continue"}}}}},{"zone":"app__transactional","tag":"cells-product-selector-modal","type":"UI","properties":{"className":"card-credit-card-payment-account-selector","modalTitle":"card-credit-card-payment-step-product-accounts-selector-title","visibleChars":4,"localCurrency":"MXN","showCloseModalButton":true,"errorMessage":"card-credit-card-payment-account-insufficient-funds","closeButtonLabel":"card-credit-card-payment-step-product-accounts-close-button","cellsConnections":{"in":{"card_credit_card_payment_show_more_accounts":{"bind":"treatProducts"}},"out":{"card_credit_card_payment_set_modal_account":{"bind":"selected-product"}}}}},{"zone":"app__main","type":"DM","familyPath":"cells-dm-global-apis-transfer","tag":"cells-dm-global-apis-transfer-mx","properties":{"host":"https://glomo.bancomermovil.com/SRVS_A02","native":true,"transferApiVersion":"0","requiredToken":"tsec","localCurrency":"MXN","language":"es-MX","cellsConnections":{"in":{"card_credit_card_payment_make_own_transfer_channel":{"bind":"makeOwnTransfer"}},"out":{"card_credit_card_payment_transfer_result_channel":{"bind":"transfer-result-changed"},"card_credit_card_payment_transfer_error_channel":{"bind":"transfer-error"},"global_error_tsec_invalid":{"bind":"tsec-invalid","forward-to-native":false},"global_error_tsec_expired":{"bind":"tsec-expired","forward-to-native":true},"global_error_tsec_cancelled":{"bind":"tsec-cancelled","forward-to-native":false},"global_error_wrong_access_key":{"bind":"wrong-access-key","forward-to-native":false},"global_error_user_blocked":{"bind":"user-blocked","forward-to-native":false},"global_error_user_blocked_cause_retrials":{"bind":"user-blocked-cause-retrials","forward-to-native":false},"global_error_wrong_otp_sms":{"bind":"wrong-otp-sms","forward-to-native":false}}}}}]}