{"hash":"mxcodi-enrollment","currentPage":{"url":"codi-enrollment","params":[]},"pages":{},"template":{"tag":"cells-template-coronita","properties":{"mode":"seamed","animationType":"verticalUp","cellsConnections":{}}},"components":[{"zone":"app__overlay","tag":"cells-spinner-veil","properties":{"className":"core-blue-light","withMask":false,"size":72,"cellsConnections":{"in":{"open_control_veil":{"bind":"openVeil"},"close_control_veil":{"bind":"closeVeil"},"global_error_tsec_expired":{"bind":"closeVeil"},"OPEN_LOAN_PAYMENTS_VEIL":{"bind":"openVeil"},"CLOSE_LOAN_PAYMENTS_VEIL":{"bind":"closeVeil"},"GAS_RESPONSE_ACCOUNT_STATEMENTS_LIST_ACCOUNTS":{"bind":"closeVeil"},"GAS_RESPONSE_ACCOUNT_STATEMENTS_LIST_CARDS":{"bind":"closeVeil"},"GAS_ERROR_ACCOUNT_STATEMENTS_LIST_ACCOUNTS":{"bind":"closeVeil"},"GAS_ERROR_ACCOUNT_STATEMENTS_LIST_CARDS":{"bind":"closeVeil"},"GAS_RESPONSE_ACCOUNT_STATEMENTS_PDF_CARDS":{"bind":"closeVeil"},"GAS_ERROR_ACCOUNT_STATEMENTS_PDF_CARDS":{"bind":"closeVeil"},"GAS_RESPONSE_ACCOUNT_STATEMENTS_PDF_ACCOUNTS":{"bind":"closeVeil"},"GAS_ERROR_ACCOUNT_STATEMENTS_PDF_ACCOUNTS":{"bind":"closeVeil"},"RESPONSE_ERROR_ACCOUNT_STATEMENTS_PDF_ACCOUNTS":{"bind":"closeVeil"},"RESPONSE_ERROR_ACCOUNT_STATEMENTS_PDF_CARDS":{"bind":"closeVeil"},"CCL_OPEN_CONTROL_VEIL":{"bind":"openVeil"},"ICAP_OPEN_CONTROL_VEIL":{"bind":"openVeil"},"ASSISTANCE_SECTION_INIT_OPEN_SPINNER":{"bind":"openVeil"},"payrollAdvance_GET_OPEN_CONTROL_VEIL":{"bind":"openVeil"},"payrollAdvance_SIMULATE_OPEN_CONTROL_VEIL":{"bind":"openVeil"},"payrollAdvance_POST_OPEN_CONTROL_VEIL":{"bind":"openVeil"},"OTP_SCREEN_CANCEL_CHANNEL":{"bind":"closeVeil"},"CODI_OPEN_CONTROL_VEIL_KEYSOURCE":{"bind":"openVeil"},"CODI_OPEN_CONTROL_VEIL_DECRYPT":{"bind":"openVeil"},"CODI_OPEN_CONTROL_VEIL_VALID":{"bind":"openVeil"},"CCL_CLOSE_CONTROL_VEIL":{"bind":"closeVeil"},"CCL_DOCUMENT_CONTENT_ERROR":{"bind":"closeVeil"},"CCL_DOCUMENT_UNAUTHORIZED_ERROR":{"bind":"closeVeil"},"ICAP_CLOSE_CONTROL_VEIL":{"bind":"closeVeil"},"payrollAdvance_GET_CLOSE_CONTROL_VEIL":{"bind":"closeVeil"},"payrollAdvance_SIMULATE_CLOSE_CONTROL_VEIL":{"bind":"closeVeil"},"payrollAdvance_API_ERROR_CLOSE_CONTROL_VEIL":{"bind":"closeVeil"},"payrollAdvance_DOC_FETCH_FAILURE":{"bind":"closeVeil"},"PAPO_RECEIVE_PORTABILITY_OPEN_CONTROL_VEIL":{"bind":"openVeil"},"payrollPortability_CURRENT_PAYROLL_SEARCH_BUTTON_PRESSED":{"bind":"openVeil"},"PAPO_LISTEN_CURRENT_OPEN_CONTROL_VEIL":{"bind":"openVeil"},"PAPO_SET_ACOUNT_OPEN_CONTROL_VEIL":{"bind":"openVeil"},"PAPO_PORTABILITY_CREATION_OPEN_CONTROL_VEIL":{"bind":"openVeil"},"PAPO_SET_LIST_CLOSE_CONTROL_VEIL":{"bind":"closeVeil"},"payrollPortability_CURRENT_PAYROLL_DATA_HAS_ORDERED":{"bind":"closeVeil"},"PAPO_MANAGE_RECEIVERS_ERROR_CLOSE_CONTROL_VEIL":{"bind":"closeVeil"},"PAPO_OTP_SCREEN_CANCEL_CLOSE_CONTROL_VEIL":{"bind":"closeVeil"},"PAPO_CLEAN_SETTLED_CLOSE_CONTROL_VEIL":{"bind":"closeVeil"},"CALL_ME_BACK_REQUEST_INMEDIATE":{"bind":"openVeil"},"CALL_ME_BACK_REQUEST_SCHEDULE":{"bind":"openVeil"},"CALL_ME_BACK_RESPONSE_LIST":{"bind":"closeVeil"},"CALL_ME_BACK_CLOSE":{"bind":"closeVeil"},"POCKETS_LIST_REQUEST_DATA":{"bind":"openVeil"},"POCKETS_LIST_REQUEST_POCKET_UPDATE":{"bind":"openVeil"},"POCKETS_LIST_DATA_RECEIVED":{"bind":"closeVeil"},"POCKETS_LIST_POCKET_UPDATE_SUCCESS":{"bind":"closeVeil"},"POCKETS_LIST_GET_ERROR":{"bind":"closeVeil"},"POCKETS_LIST_POCKET_UPDATE_ERROR":{"bind":"closeVeil"},"POCKET_EDIT_PATCH_REQUEST":{"bind":"openVeil"},"pocketsCreate_success_channel":{"bind":"closeVeil"},"pin_request_OPEN_CONTROL_VEIN":{"bind":"openVeil"},"pin_request_HIDE_CONTROL_VEIN":{"bind":"closeVeil"},"POCKET_EDIT_PATCH_ERROR":{"bind":"closeVeil"},"POCKETS_LIST_ADD_MONEY_NAVIGATION":{"bind":"openVeil"},"POCKET_ADD_WITHDRAWAL_MONEY_SUCCESS":{"bind":"closeVeil"},"POCKETS_LIST_WITH_DRAWAL_MONEY_NAVIGATION":{"bind":"openVeil"},"POCKET_WITHDRAWAL_MONEY_SUCCESS":{"bind":"closeVeil"},"POCKETS_LIST_DELETE_NAVIGATION":{"bind":"openVeil"},"pocketsDelete_DATA_TO_UI":{"bind":"closeVeil"},"pocket_DATA_TO_UI":{"bind":"closeVeil"},"POCKET_DELETE_SUCCESS":{"bind":"closeVeil"},"POCKETS_MOVEMENT_LIST_NAVIGATION":{"bind":"openVeil"},"POCKET_MOVEMENT_SUCCESS":{"bind":"closeVeil"},"POCKET_POST_CREATE_SPINNER":{"bind":"openVeil"},"POCKET_POST_ADD_MONEY_SPINNER":{"bind":"openVeil"},"POCKET_POST_ADD_MONEY_HIDE_SPINNER":{"bind":"closeVeil"},"POCKET_POST_WITHDRAWAL_SPINNER":{"bind":"openVeil"},"POCKET_POST_DELETE_SPINNER":{"bind":"openVeil"},"pocketsDelete_POST_FAILURE":{"bind":"closeVeil"},"POCKET_POST_DELETE_ERROR":{"bind":"closeVeil"},"POCKET_ACCEPT_BUTTON_CLICKED":{"bind":"openVeil"},"pocket_CREATE_POST_FAILURE":{"bind":"closeVeil"},"pocket_WITHDRAWL_POST_FAILURE":{"bind":"closeVeil"},"pocket_ADD_MONEY_POST_FAILURE":{"bind":"closeVeil"},"pocket_UPDATE_POST_FAILURE":{"bind":"closeVeil"},"MORTGAGE_LOANPAYMENT_OPEN_VEIL":{"bind":"openVeil"},"MORTGAGE_LOANPAYMENT_CLOSE_VEIL":{"bind":"closeVeil"},"CAR_LOANPAYMENT_SHOW_SPINNER_FOOTER":{"bind":"openVeil"},"CAR_LOANPAYMENT_HIDE_SPINNER_INSTALLMENTS":{"bind":"closeVeil"},"UNPROGRAMMED_POCKET_EDIT_PAYLOAD_RECEIVED":{"bind":"closeVeil"},"RESPONSE_HEALTH_DATA":{"bind":"closeVeil"},"RESPONSE_HEALTH_DATA_ERROR":{"bind":"closeVeil"}}}}},{"zone":"app__main","tag":"cells-handle-life-cycle","type":"UI","properties":{"cellsConnections":{"in":{"__bridge_app":{"bind":"navigation"}},"out":{"codiEnroll_page_init_page":{"bind":"init-page"}}}}},{"zone":"app__main","tag":"glomo-codi-crypto-dm","properties":{"generatePasswordValues":{"lengthPassword":[1,2,3,4,5,6,7,8],"charset":"0123456789","retVal":""},"cellsConnections":{"in":{"codiEnroll_decrypt_postponed_payment_channel":{"bind":"_postponedPayment"},"codiEnroll_create_codi_data_channel":{"bind":"_createKeySource"},"codiEnroll_set_firebase_data_channel":{"bind":"_afterFirebase"},"codiEnroll_qr_reader_data_channel":{"bind":"_decryptQrData"},"codiEnroll_decrypt_to_web_channel":{"bind":"_decryptPaymentData"},"codiEnroll_get_hmac_validate_account_channel":{"bind":"_createHmacValidateAccount"},"codiEnroll_get_qr_code_encrypted_channel":{"bind":"_createQr"},"codiEnroll_set_notification_encrypt_data_channel":{"bind":"_accountQueryValidationResponse"},"codiEnroll_get_data_push_channel":{"bind":"_getDataPush"},"codiEnroll_get_hmac_history_payment_channel":{"bind":"_createHmacPaymentHistory"},"codiEnroll_page_init_page":{"bind":"_createKeySource"},"codiEnroll_get_hmac_query_validate_account_channel":{"bind":"_createHmacQueryValidateAccount"},"codiEnroll_send_data_payment_history_channel":{"bind":"_decryptPaymentHistory"}},"out":{"codiEnroll_send_postponed_data_payment_channel":{"bind":"send-decrypted-postponed-payment-event","forward-to-native":true},"codiEnroll_send_google_id_channel":{"bind":"send-google-id-event","forward-to-native":true},"codiEnroll_send_error_sms_channel":{"bind":"error-get-data-sms","forward-to-native":true},"codiEnroll_send_google_id_error_channel":{"bind":"error-sms-event","forward-to-native":true},"codiEnroll_send_error_decrypt_message_channel":{"bind":"error-decrypt-message-event","forward-to-native":true},"codiEnroll_open_native_page_channel":{"bind":"open-succes-page","forward-to-native":true},"codiEnroll_decrypt_to_native_channel":{"bind":"decrypt-to-native","forward-to-native":true},"codiEnroll_send_save_data_channel":{"bind":"return-save-data-event","forward-to-native":true},"codiEnroll_set_hmac_validate_account_channel":{"bind":"send-hmac-to-native-event","forward-to-native":true},"codiEnroll_set_hmac_history_payment_channel":{"bind":"send-hmac-history-payment-event","forward-to-native":true},"codiEnroll_set_qr_code_decrypted_channel":{"bind":"send-encrypted-qr-to-native","forward-to-native":true},"codiEnroll_send_data_decrypted_push_channel":{"bind":"send-decrypted-data-push-event","forward-to-native":true},"codiEnroll_send_data_decrypted_history_channel":{"bind":"send-decrypted-data-history-event","forward-to-native":true},"codiEnroll_qr_to_native_channel":{"bind":"decrypt-qr-to-native-event","forward-to-native":true},"CODI_OPEN_CONTROL_VEIL_KEYSOURCE":{"bind":"create-key-source-loader"},"CODI_OPEN_CONTROL_VEIL_DECRYPT":{"bind":"decrypt-qr-data-loader"},"CODI_OPEN_CONTROL_VEIL_VALID":{"bind":"account-query-validation-response-loader"},"codiEnroll_set_hmac_query_validate_account_channel":{"bind":"send-hmac-query-validate-account-event","forward-to-native":true},"codiEnroll_send_payment_history_decrypt_channel":{"bind":"send-history-payment-event","forward-to-native":true}}}}}]}