{"hash":"mxcredit-card-payment-review","currentPage":{"url":"/credit-card-payment/review","params":[]},"pages":{},"template":{"tag":"cells-template-coronita","properties":{"animationType":"static","drawerWidth":"100%","className":"bg-light-grey","disableScrollLock":true,"hasFooter":true,"footerHeight":100,"disableEdgeSwipe":true,"extraHeaderClass":"darker-green-bg","cellsConnections":{"in":{"credit_card_payment_review_init_page":{"bind":"recalculateHeader"},"credit_card_payment_review_reset_scroll":{"bind":"resetLayerScroll"}}}}},"components":[{"zone":"app__overlay","tag":"cells-spinner-veil","properties":{"withMask":true,"size":72,"cellsConnections":{"in":{"open_control_veil":{"bind":"openVeil"},"close_control_veil":{"bind":"closeVeil"},"global_error_tsec_expired":{"bind":"closeVeil"},"OPEN_LOAN_PAYMENTS_VEIL":{"bind":"openVeil"},"CLOSE_LOAN_PAYMENTS_VEIL":{"bind":"closeVeil"},"GAS_RESPONSE_ACCOUNT_STATEMENTS_LIST_ACCOUNTS":{"bind":"closeVeil"},"GAS_RESPONSE_ACCOUNT_STATEMENTS_LIST_CARDS":{"bind":"closeVeil"},"GAS_ERROR_ACCOUNT_STATEMENTS_LIST_ACCOUNTS":{"bind":"closeVeil"},"GAS_ERROR_ACCOUNT_STATEMENTS_LIST_CARDS":{"bind":"closeVeil"},"GAS_RESPONSE_ACCOUNT_STATEMENTS_PDF_CARDS":{"bind":"closeVeil"},"GAS_ERROR_ACCOUNT_STATEMENTS_PDF_CARDS":{"bind":"closeVeil"},"GAS_RESPONSE_ACCOUNT_STATEMENTS_PDF_ACCOUNTS":{"bind":"closeVeil"},"GAS_ERROR_ACCOUNT_STATEMENTS_PDF_ACCOUNTS":{"bind":"closeVeil"},"RESPONSE_ERROR_ACCOUNT_STATEMENTS_PDF_ACCOUNTS":{"bind":"closeVeil"},"RESPONSE_ERROR_ACCOUNT_STATEMENTS_PDF_CARDS":{"bind":"closeVeil"},"CCL_OPEN_CONTROL_VEIL":{"bind":"openVeil"},"ICAP_OPEN_CONTROL_VEIL":{"bind":"openVeil"},"ASSISTANCE_SECTION_INIT_OPEN_SPINNER":{"bind":"openVeil"},"payrollAdvance_GET_OPEN_CONTROL_VEIL":{"bind":"openVeil"},"payrollAdvance_SIMULATE_OPEN_CONTROL_VEIL":{"bind":"openVeil"},"payrollAdvance_POST_OPEN_CONTROL_VEIL":{"bind":"openVeil"},"OTP_SCREEN_CANCEL_CHANNEL":{"bind":"closeVeil"},"CODI_OPEN_CONTROL_VEIL_KEYSOURCE":{"bind":"openVeil"},"CODI_OPEN_CONTROL_VEIL_DECRYPT":{"bind":"openVeil"},"CODI_OPEN_CONTROL_VEIL_VALID":{"bind":"openVeil"},"CCL_CLOSE_CONTROL_VEIL":{"bind":"closeVeil"},"CCL_DOCUMENT_CONTENT_ERROR":{"bind":"closeVeil"},"CCL_DOCUMENT_UNAUTHORIZED_ERROR":{"bind":"closeVeil"},"ICAP_CLOSE_CONTROL_VEIL":{"bind":"closeVeil"},"payrollAdvance_GET_CLOSE_CONTROL_VEIL":{"bind":"closeVeil"},"payrollAdvance_SIMULATE_CLOSE_CONTROL_VEIL":{"bind":"closeVeil"},"payrollAdvance_API_ERROR_CLOSE_CONTROL_VEIL":{"bind":"closeVeil"},"payrollAdvance_DOC_FETCH_FAILURE":{"bind":"closeVeil"},"PAPO_RECEIVE_PORTABILITY_OPEN_CONTROL_VEIL":{"bind":"openVeil"},"payrollPortability_CURRENT_PAYROLL_SEARCH_BUTTON_PRESSED":{"bind":"openVeil"},"PAPO_LISTEN_CURRENT_OPEN_CONTROL_VEIL":{"bind":"openVeil"},"PAPO_SET_ACOUNT_OPEN_CONTROL_VEIL":{"bind":"openVeil"},"PAPO_PORTABILITY_CREATION_OPEN_CONTROL_VEIL":{"bind":"openVeil"},"PAPO_SET_LIST_CLOSE_CONTROL_VEIL":{"bind":"closeVeil"},"payrollPortability_CURRENT_PAYROLL_DATA_HAS_ORDERED":{"bind":"closeVeil"},"PAPO_MANAGE_RECEIVERS_ERROR_CLOSE_CONTROL_VEIL":{"bind":"closeVeil"},"PAPO_OTP_SCREEN_CANCEL_CLOSE_CONTROL_VEIL":{"bind":"closeVeil"},"PAPO_CLEAN_SETTLED_CLOSE_CONTROL_VEIL":{"bind":"closeVeil"},"CALL_ME_BACK_REQUEST_INMEDIATE":{"bind":"openVeil"},"CALL_ME_BACK_REQUEST_SCHEDULE":{"bind":"openVeil"},"CALL_ME_BACK_RESPONSE_LIST":{"bind":"closeVeil"},"CALL_ME_BACK_CLOSE":{"bind":"closeVeil"},"POCKETS_LIST_REQUEST_DATA":{"bind":"openVeil"},"POCKETS_LIST_REQUEST_POCKET_UPDATE":{"bind":"openVeil"},"POCKETS_LIST_DATA_RECEIVED":{"bind":"closeVeil"},"POCKETS_LIST_POCKET_UPDATE_SUCCESS":{"bind":"closeVeil"},"POCKETS_LIST_GET_ERROR":{"bind":"closeVeil"},"POCKETS_LIST_POCKET_UPDATE_ERROR":{"bind":"closeVeil"},"POCKET_EDIT_PATCH_REQUEST":{"bind":"openVeil"},"pocketsCreate_success_channel":{"bind":"closeVeil"},"pin_request_OPEN_CONTROL_VEIN":{"bind":"openVeil"},"pin_request_HIDE_CONTROL_VEIN":{"bind":"closeVeil"},"POCKET_EDIT_PATCH_ERROR":{"bind":"closeVeil"},"POCKETS_LIST_ADD_MONEY_NAVIGATION":{"bind":"openVeil"},"POCKET_ADD_WITHDRAWAL_MONEY_SUCCESS":{"bind":"closeVeil"},"POCKETS_LIST_WITH_DRAWAL_MONEY_NAVIGATION":{"bind":"openVeil"},"POCKET_WITHDRAWAL_MONEY_SUCCESS":{"bind":"closeVeil"},"POCKETS_LIST_DELETE_NAVIGATION":{"bind":"openVeil"},"pocketsDelete_DATA_TO_UI":{"bind":"closeVeil"},"pocket_DATA_TO_UI":{"bind":"closeVeil"},"POCKET_DELETE_SUCCESS":{"bind":"closeVeil"},"POCKETS_MOVEMENT_LIST_NAVIGATION":{"bind":"openVeil"},"POCKET_MOVEMENT_SUCCESS":{"bind":"closeVeil"},"POCKET_POST_CREATE_SPINNER":{"bind":"openVeil"},"POCKET_POST_ADD_MONEY_SPINNER":{"bind":"openVeil"},"POCKET_POST_ADD_MONEY_HIDE_SPINNER":{"bind":"closeVeil"},"POCKET_POST_WITHDRAWAL_SPINNER":{"bind":"openVeil"},"POCKET_POST_DELETE_SPINNER":{"bind":"openVeil"},"pocketsDelete_POST_FAILURE":{"bind":"closeVeil"},"POCKET_POST_DELETE_ERROR":{"bind":"closeVeil"},"POCKET_ACCEPT_BUTTON_CLICKED":{"bind":"openVeil"},"pocket_CREATE_POST_FAILURE":{"bind":"closeVeil"},"pocket_WITHDRAWL_POST_FAILURE":{"bind":"closeVeil"},"pocket_ADD_MONEY_POST_FAILURE":{"bind":"closeVeil"},"pocket_UPDATE_POST_FAILURE":{"bind":"closeVeil"},"MORTGAGE_LOANPAYMENT_OPEN_VEIL":{"bind":"openVeil"},"MORTGAGE_LOANPAYMENT_CLOSE_VEIL":{"bind":"closeVeil"},"CAR_LOANPAYMENT_SHOW_SPINNER_FOOTER":{"bind":"openVeil"},"CAR_LOANPAYMENT_HIDE_SPINNER_INSTALLMENTS":{"bind":"closeVeil"},"UNPROGRAMMED_POCKET_EDIT_PAYLOAD_RECEIVED":{"bind":"closeVeil"},"RESPONSE_HEALTH_DATA":{"bind":"closeVeil"},"RESPONSE_HEALTH_DATA_ERROR":{"bind":"closeVeil"}}}}},{"zone":"app__main","tag":"cells-handle-life-cycle","type":"UI","properties":{"pageName":"creditCardPaymentReview","private":true,"tokenName":"tsec","customInitEvents":{"swipe-menu-enabled":false},"cellsConnections":{"in":{"__bridge_page_creditCardPaymentReview":{"bind":"init"}},"out":{"credit_card_payment_review_init_page":{"bind":"init-page"},"global_get_offer_banner":{"bind":"init-page"},"credit_card_payment_review_reset_page":{"bind":"reset"},"app_error_access_token":{"bind":"access-token-error"},"global_enable_menu_swipe":{"bind":"swipe-menu-enabled","forward-to-native":true}}}}},{"zone":"app__header","type":"UI","tag":"cells-molecule-header","properties":{"className":"header--dark-success","secondaryClass":"header--core","rightIcon":"coronita:close","titleName":"card-credit-card-payment-review-title","cellsConnections":{"in":{"credit_card_payment_review_add_header_config":{"bind":"setSecondaryClass"},"credit_card_payment_review_remove_header_config":{"bind":"removeSecondaryClass"}},"out":{"navigation_credit_card_payment_review_to_continue":{"bind":"click-right-button","backStep":true,"link":{"page":"cardDetail","params":{"productId":"productId","continue":"continue"},"cleanUntil":"cardDetail"}}}}}},{"zone":"app__header","type":"UI","tag":"glomo-credit-card-payment-router","properties":{"cellsConnections":{"in":{"credit_card_payment_review_do_another_credit_card_payment":{"bind":"doAnotherPayment"},"navigation_credit_card_payment_review_to_continue":{"bind":"navigate"},"credit_card_payment_review_to_continue":{"bind":"navigate"},"navigation_credit_card_review_to_save_frequent_operation":{"bind":"createFrequentOperation"}},"out":{"navigation_credit_card_payment_review_to_dashboard":{"bind":"navigation-to-dashboard-product-id","backStep":true},"navigation_account_credit_card_payment_product_id":{"bind":"navigation-to-account-product-id","backStep":true},"navigation_card_credit_card_payment_product_id":{"bind":"navigation-to-card-product-id","backStep":true},"navigation_review_to_credit_card_payment_account_access":{"bind":"do-another-credit-card-payment-account-access","link":{"page":"accountCreditCardPayment","params":{"productId":"productId","continue":"continue"},"cleanUntil":"accountCreditCardPayment"}},"navigation_review_to_credit_card_payment_card_access":{"bind":"do-another-credit-card-payment-card-access","link":{"page":"cardCreditCardPayment","params":{"productId":"productId","continue":"continue"},"cleanUntil":"cardCreditCardPayment"}},"navigation_credit_card_payment_review_to_frequent_operations_creation":{"bind":"create-credit-card-payment-frequent-operation","link":{"page":"frequentOperationsCreation"}},"global_credit_card_payment_create_frequent_operation":{"bind":"create-credit-card-payment-frequent-operation"}},"params":{"productId":"productId","continue":"continue","accountId":"nextPaymentAccountId","cardId":"nextPaymentCardId","currencyCode":"nextPaymentCurrencyCode","defaultAccountId":"defaultAccountId","defaultCardId":"defaultCardId","defaultCurrencyCode":"defaultCurrencyCode","creditCardPaymentResult":"creditCardPaymentResult"}}}},{"zone":"app__main","tag":"cells-share-card-payment-receipt","familyPath":"cells-share-operative-receipt","type":"UI","properties":{"localCurrency":"MXN","language":"es-MX","country":"mx","headerReceipt":true,"lengthPan":5,"cellsConnections":{"in":{"credit_card_payment_review_share_receipt":{"bind":"captureReceipt"},"credit_card_payment_review_init_page":{"bind":"reset"}},"out":{"mobile_manage_operation":{"bind":"receipt-captured","forward-to-native":true},"open_control_veil":{"bind":"open-control-veil"},"close_control_veil":{"bind":"close-control-veil"},"global_share_receipt_error_modal":{"bind":"share-receipt-show-modal-error"}},"params":{"result":"creditCardPaymentResult"}}}},{"zone":"app__main","tag":"cells-successful-response","type":"UI","properties":{"headerTitle":"glomo-transfer-header-title","localCurrency":"MXN","unmasked":false,"hideExchangeRateValueBaseCurrency":true,"language":"es-MX","vsibleChars":"4","page":"AccountCreditCardPayment","canceledSrcImg":"/images/general_error.svg","errorOriginAvatarSrc":"./images/icon_card.svg","disableButtons":true,"animateFromTo":true,"className":"list-card-payment","formatDate":"DD MMMM YYYY, HH:mm [h]","screenShotEnabled":true,"operationsListLayout":"review","showPayedAmountAsMainAmount":false,"cellsConnections":{"in":{"credit_card_payment_review_first_filtered_offer":{"bind":"bannerConfig"},"credit_card_payment_review_set_receipt_screenshot_response":{"bind":"screenShotResultResponse"},"credit_card_payment_review_set_receipt_screenshot_error":{"bind":"screenShotResultError"}},"out":{"credit_card_payment_review_reset_scroll":{"bind":"reset-layer-scroll"},"credit_card_payment_review_confirm_buttons_config":{"bind":"set-confirm-buttons-config"},"credit_card_payment_review_share_receipt":{"bind":"share-receipt-capture"},"credit_card_payment_review_do_another_credit_card_payment":{"bind":"on-click-message"},"credit_card_payment_review_add_header_config":{"bind":"data-status-success"},"credit_card_payment_review_remove_header_config":{"bind":"data-status-pending"},"navigation_credit_card_review_to_save_frequent_operation":{"bind":"save-frequent-operation"}},"params":{"result":"creditCardPaymentResult","productId":"productId"}}}},{"zone":"app__footer","tag":"cells-confirm-buttons","type":"UI","properties":{"config":{"buttons":{"primary":{"text":"cells-confirm-buttons-next","action":"exit"}}},"cellsConnections":{"in":{"credit_card_payment_review_confirm_buttons_config":{"bind":"config"}},"out":{"credit_card_payment_review_to_continue":{"bind":"cells-confirm-buttons-click-primary","backStep":true}}}}},{"zone":"app__main","tag":"cells-mobile-screenshot","type":"UI","properties":{"cellsConnections":{"in":{"credit_card_payment_review_get_receipt_screenshot":{"bind":"screenShot"}},"out":{"credit_card_payment_review_set_receipt_screenshot_response":{"bind":"receipt-screenshot-response"},"credit_card_payment_review_set_receipt_screenshot_error":{"bind":"receipt-screenshot-error"}}}}}]}