{"currentPage":{"url":"/deposit-hiring","params":"[]"},"pages":{},"template":{"tag":"glomo-opx-template","properties":{"animationType":"verticalUp","headerHeight":60,"headerFixed":true,"className":"bg-core-blue","extraHeaderClass":"dark-blue-bg","cellsConnections":{"in":{"depositHiring_SCROLL_ZONE":{"bind":"scrollItemIntoView"},"depositHiring_OPEN_CONFIRM":{"bind":"open"},"depositHiring_CLOSE_CONFIRM":{"bind":"close"},"depositHiring_CLOSE_CONFIRM_VALID_AMOUNT":{"bind":"close"},"depositHiring_SHOW_CONFIRM":{"bind":"collapseOpened"},"depositHiring_RESET_SCROLL":{"bind":"resetLayerScroll"},"depositHiring_ALL_STEPS_SCROLL":{"bind":"scrollItemIntoView"}},"out":{"depositHiring_SCROLL_COMPLETE":{"bind":"cells-scroll-complete"},"depositHiring_SCROLL_CHANNEL":{"bind":"opx-template-content-scroll"}}}}},"components":[{"zone":"app__transactional","tag":"cells-modal-pdf-viewer","type":"UI","properties":{"viewerPath":"../../bower_components/pdfjs/web/viewer.html?file=","cellsConnections":{"in":{"depositHiring_DOC_TITLE":{"bind":"docTitle"},"depositHiring_DOC_CONTENT":{"bind":"baseSrc"},"depositHiring_OPEN_PDF_MODAL":{"bind":"open"}},"out":{}}}},{"zone":"app__overlay","tag":"cells-spinner-veil","properties":{"withMask":true,"size":72,"cellsConnections":{"in":{"open_control_veil":{"bind":"openVeil"},"close_control_veil":{"bind":"closeVeil"},"global_error_tsec_expired":{"bind":"closeVeil"},"OPEN_LOAN_PAYMENTS_VEIL":{"bind":"openVeil"},"CLOSE_LOAN_PAYMENTS_VEIL":{"bind":"closeVeil"},"GAS_RESPONSE_ACCOUNT_STATEMENTS_LIST_ACCOUNTS":{"bind":"closeVeil"},"GAS_RESPONSE_ACCOUNT_STATEMENTS_LIST_CARDS":{"bind":"closeVeil"},"GAS_ERROR_ACCOUNT_STATEMENTS_LIST_ACCOUNTS":{"bind":"closeVeil"},"GAS_ERROR_ACCOUNT_STATEMENTS_LIST_CARDS":{"bind":"closeVeil"},"GAS_RESPONSE_ACCOUNT_STATEMENTS_PDF_CARDS":{"bind":"closeVeil"},"GAS_ERROR_ACCOUNT_STATEMENTS_PDF_CARDS":{"bind":"closeVeil"},"GAS_RESPONSE_ACCOUNT_STATEMENTS_PDF_ACCOUNTS":{"bind":"closeVeil"},"GAS_ERROR_ACCOUNT_STATEMENTS_PDF_ACCOUNTS":{"bind":"closeVeil"},"RESPONSE_ERROR_ACCOUNT_STATEMENTS_PDF_ACCOUNTS":{"bind":"closeVeil"},"RESPONSE_ERROR_ACCOUNT_STATEMENTS_PDF_CARDS":{"bind":"closeVeil"},"CCL_OPEN_CONTROL_VEIL":{"bind":"openVeil"},"ICAP_OPEN_CONTROL_VEIL":{"bind":"openVeil"},"ASSISTANCE_SECTION_INIT_OPEN_SPINNER":{"bind":"openVeil"},"payrollAdvance_GET_OPEN_CONTROL_VEIL":{"bind":"openVeil"},"payrollAdvance_SIMULATE_OPEN_CONTROL_VEIL":{"bind":"openVeil"},"payrollAdvance_POST_OPEN_CONTROL_VEIL":{"bind":"openVeil"},"OTP_SCREEN_CANCEL_CHANNEL":{"bind":"closeVeil"},"CODI_OPEN_CONTROL_VEIL_KEYSOURCE":{"bind":"openVeil"},"CODI_OPEN_CONTROL_VEIL_DECRYPT":{"bind":"openVeil"},"CODI_OPEN_CONTROL_VEIL_VALID":{"bind":"openVeil"},"CCL_CLOSE_CONTROL_VEIL":{"bind":"closeVeil"},"CCL_DOCUMENT_CONTENT_ERROR":{"bind":"closeVeil"},"CCL_DOCUMENT_UNAUTHORIZED_ERROR":{"bind":"closeVeil"},"ICAP_CLOSE_CONTROL_VEIL":{"bind":"closeVeil"},"payrollAdvance_GET_CLOSE_CONTROL_VEIL":{"bind":"closeVeil"},"payrollAdvance_SIMULATE_CLOSE_CONTROL_VEIL":{"bind":"closeVeil"},"payrollAdvance_API_ERROR_CLOSE_CONTROL_VEIL":{"bind":"closeVeil"},"payrollAdvance_DOC_FETCH_FAILURE":{"bind":"closeVeil"},"PAPO_RECEIVE_PORTABILITY_OPEN_CONTROL_VEIL":{"bind":"openVeil"},"payrollPortability_CURRENT_PAYROLL_SEARCH_BUTTON_PRESSED":{"bind":"openVeil"},"PAPO_LISTEN_CURRENT_OPEN_CONTROL_VEIL":{"bind":"openVeil"},"PAPO_SET_ACOUNT_OPEN_CONTROL_VEIL":{"bind":"openVeil"},"PAPO_PORTABILITY_CREATION_OPEN_CONTROL_VEIL":{"bind":"openVeil"},"PAPO_SET_LIST_CLOSE_CONTROL_VEIL":{"bind":"closeVeil"},"payrollPortability_CURRENT_PAYROLL_DATA_HAS_ORDERED":{"bind":"closeVeil"},"PAPO_MANAGE_RECEIVERS_ERROR_CLOSE_CONTROL_VEIL":{"bind":"closeVeil"},"PAPO_OTP_SCREEN_CANCEL_CLOSE_CONTROL_VEIL":{"bind":"closeVeil"},"PAPO_CLEAN_SETTLED_CLOSE_CONTROL_VEIL":{"bind":"closeVeil"},"CALL_ME_BACK_REQUEST_INMEDIATE":{"bind":"openVeil"},"CALL_ME_BACK_REQUEST_SCHEDULE":{"bind":"openVeil"},"CALL_ME_BACK_RESPONSE_LIST":{"bind":"closeVeil"},"CALL_ME_BACK_CLOSE":{"bind":"closeVeil"},"POCKETS_LIST_REQUEST_DATA":{"bind":"openVeil"},"POCKETS_LIST_REQUEST_POCKET_UPDATE":{"bind":"openVeil"},"POCKETS_LIST_DATA_RECEIVED":{"bind":"closeVeil"},"POCKETS_LIST_POCKET_UPDATE_SUCCESS":{"bind":"closeVeil"},"POCKETS_LIST_GET_ERROR":{"bind":"closeVeil"},"POCKETS_LIST_POCKET_UPDATE_ERROR":{"bind":"closeVeil"},"POCKET_EDIT_PATCH_REQUEST":{"bind":"openVeil"},"pocketsCreate_success_channel":{"bind":"closeVeil"},"pin_request_OPEN_CONTROL_VEIN":{"bind":"openVeil"},"pin_request_HIDE_CONTROL_VEIN":{"bind":"closeVeil"},"POCKET_EDIT_PATCH_ERROR":{"bind":"closeVeil"},"POCKETS_LIST_ADD_MONEY_NAVIGATION":{"bind":"openVeil"},"POCKET_ADD_WITHDRAWAL_MONEY_SUCCESS":{"bind":"closeVeil"},"POCKETS_LIST_WITH_DRAWAL_MONEY_NAVIGATION":{"bind":"openVeil"},"POCKET_WITHDRAWAL_MONEY_SUCCESS":{"bind":"closeVeil"},"POCKETS_LIST_DELETE_NAVIGATION":{"bind":"openVeil"},"pocketsDelete_DATA_TO_UI":{"bind":"closeVeil"},"pocket_DATA_TO_UI":{"bind":"closeVeil"},"POCKET_DELETE_SUCCESS":{"bind":"closeVeil"},"POCKETS_MOVEMENT_LIST_NAVIGATION":{"bind":"openVeil"},"POCKET_MOVEMENT_SUCCESS":{"bind":"closeVeil"},"POCKET_POST_CREATE_SPINNER":{"bind":"openVeil"},"POCKET_POST_ADD_MONEY_SPINNER":{"bind":"openVeil"},"POCKET_POST_ADD_MONEY_HIDE_SPINNER":{"bind":"closeVeil"},"POCKET_POST_WITHDRAWAL_SPINNER":{"bind":"openVeil"},"POCKET_POST_DELETE_SPINNER":{"bind":"openVeil"},"pocketsDelete_POST_FAILURE":{"bind":"closeVeil"},"POCKET_POST_DELETE_ERROR":{"bind":"closeVeil"},"POCKET_ACCEPT_BUTTON_CLICKED":{"bind":"openVeil"},"pocket_CREATE_POST_FAILURE":{"bind":"closeVeil"},"pocket_WITHDRAWL_POST_FAILURE":{"bind":"closeVeil"},"pocket_ADD_MONEY_POST_FAILURE":{"bind":"closeVeil"},"pocket_UPDATE_POST_FAILURE":{"bind":"closeVeil"},"MORTGAGE_LOANPAYMENT_OPEN_VEIL":{"bind":"openVeil"},"MORTGAGE_LOANPAYMENT_CLOSE_VEIL":{"bind":"closeVeil"},"CAR_LOANPAYMENT_SHOW_SPINNER_FOOTER":{"bind":"openVeil"},"CAR_LOANPAYMENT_HIDE_SPINNER_INSTALLMENTS":{"bind":"closeVeil"},"UNPROGRAMMED_POCKET_EDIT_PAYLOAD_RECEIVED":{"bind":"closeVeil"},"RESPONSE_HEALTH_DATA":{"bind":"closeVeil"},"RESPONSE_HEALTH_DATA_ERROR":{"bind":"closeVeil"}}}}},{"zone":"app__main","tag":"cells-handle-life-cycle","type":"UI","properties":{"pageName":"depositHiring","cellsConnections":{"in":{"__bridge_app":{"bind":"navigation"},"__bridge_page_depositHiring":{"bind":"init"}},"out":{"depositHiring_INIT_PAGE":{"bind":"init-page"},"depositHiring_RESET_PAGE":{"bind":"reset"}}}}},{"zone":"app__header","type":"UI","tag":"glomo-navigation-handler","properties":{"backAction":"header-left-button","cellsConnections":{"in":{"depositHiring_NAVIGATE_TO_PAGE":{"bind":"navigateToPage"}},"out":{"SHOW_DEPOSIT_HIRING_NAVIGATION_TO_SUCCESS":{"bind":"navigation-to-success","link":{"page":"depositHiringSuccess","skipHistory":true}}}}}},{"zone":"app__header","type":"UI","tag":"cells-molecule-header","properties":{"leftIcon":"coronita:close","titleName":"glomo-deposit-hiring-title","cellsConnections":{"in":{"depositHiring_BG_HEADER_CLASS":{"bind":"class"}},"out":{"depositHiring_HEADER_MODAL_EXIT_CONFIRMATION":{"bind":"click-left-button"}}}}},{"zone":"app__main","type":"DM","tag":"glomo-deposit-hiring-manager-mx","familyPath":"glomo-deposit-hiring-manager","properties":{"host":"https://glomo.bancomermovil.com/SRVS_A02","accountsApiVersion":"0","native":true,"requiredToken":"tsec","localCurrency":"MXN","currentLanguage":"es-MX","maxAvailableBalance":9999999999999,"cellsConnections":{"in":{"global_cache_channel":{"bind":"globalCacheStorage"},"global_server_config_channel":{"bind":"globalServerConfig"},"GLOMO_STANDARD_ERROR_CHANNEL":{"bind":"handleError"},"global_web_response_success_channel":{"bind":"_successResponseHandler"},"global_web_response_failure_channel":{"bind":"_errorResponseHandler"},"global_app_settings_channel":{"bind":"settings"},"depositHiring_INIT_PAGE":{"bind":"initMainHiringPage"},"DEPOSIT_HIRING_ERROR_OPERATION_SIMULATE_RETRY_ACCEPT":{"bind":"_generateDepositSimulate"},"depositHiring_OFFER_AMOUNT_CHANGED":{"bind":"offerAmountChanged"},"depositHiring_OFFER_INPUT_AMOUNT_CHANGED":{"bind":"offerInputAmountChanged"},"depositHiring_OFFER_SLIDER_CHANGED":{"bind":"offerSliderChanged"},"depositHiring_SIMULATOR_HELP_BTN_TAPPED":{"bind":"modalSimulatorHelpBtnTapped"},"depositHiring_INSTRUCTION_HELP_BTN_INFO":{"bind":"modalInstructionHelpBtnInfo"},"depositHiring_CHANGE_INSTRUCTION_SELECTED":{"bind":"changeInstructionSelected"},"depositHiring_OPEN_PRODUCT_SHEET_PDF":{"bind":"openProductSheetPdf"},"depositHiring_OPEN_PRODUCT_TERMS_PDF":{"bind":"openProductTermsPdf"},"depositHiring_ON_CHANGE_ACCOUNT_SELECTED":{"bind":"changeProductSelected"},"depositHiring_PRIMARY_CHANNEL":{"bind":"_generateDepositHiring"},"depositHiring_HEADER_MODAL_EXIT_CONFIRMATION":{"bind":"modalExitConfirmation"},"depositHiring_REGISTER_STEP":{"bind":"registerStep"},"depositHiring_GO_NEXT_STEP_OFFER_DEPOSIT":{"bind":"setStepOfferDeposit"},"depositHiring_GO_NEXT_STEP_ACCOUNTS":{"bind":"setStepAccounts"},"depositHiring_GO_NEXT_STEP_ACCOUNTS_CONTINUE":{"bind":"setStepAccounts"},"depositHiring_GO_NEXT_STEP_INSTRUCTIONS":{"bind":"setStepInstructions"},"depositHiring_GO_NEXT_STEP_TERMS":{"bind":"setStepTerms"},"depositHiring_OPEN_STEP":{"bind":"openStep"},"depositHiring_SUMMARY_CLOSED":{"bind":"summaryClosed"},"depositHiring_SUMMARY_OPEN":{"bind":"summaryOpen"},"depositHiring_CLEAN_INPUT_AMOUNT":{"bind":"cleanInputAmount"}},"out":{"global_web_response_success_channel":{"bind":"clean-success-response","forward-to-native":true},"global_web_response_failure_channel":{"bind":"clean-error-response","forward-to-native":true},"GLOMO_STANDARD_ERROR_CHANNEL":{"bind":"clean-standard-error"},"BLOCKER_ERROR_PAGE_NAVIGATION_CHANNEL":{"bind":"blocker-error-page","link":{"page":"errorPage","skipHistory":true}},"NON_BLOCKER_ERROR_PAGE_NAVIGATION_CHANNEL":{"bind":"non-blocker-error-page","link":{"page":"errorPage"}},"OPEN_ERROR_MODAL_CHANNEL":{"bind":"open-error-modal"},"OTP_SCREEN_CANCEL_CHANNEL":{"bind":"otp-screen-cancelled"},"global_web_request_channel":{"bind":"request-payload-changed","forward-to-native":true},"depositHiring_BG_HEADER_CLASS":{"bind":"header-class-changed"},"depositHiring_INPUT_AMOUNT_CHANGED":{"bind":"input-amount-changed"},"depositHiring_INPUT_AMOUNT_MIN_CHANGED":{"bind":"input-amount-min-changed"},"depositHiring_SLIDE_VALUES_CHANGED":{"bind":"slide-values-changed"},"depositHiring_SLIDE-VALUE-SELECTED_CHANGED":{"bind":"slide-value-selected-changed"},"depositHiring_DISABLE_OFFER_BUTTON_CHANGED":{"bind":"disable-offer-button-changed"},"depositHiring_DEPOSIT_LIST_CHANGED":{"bind":"deposit-list-changed"},"depositHiring_SET_MAX_AVAILABLE_BALANCE":{"bind":"set-max-available-balance"},"depositHiring_TOTAL_INTERESTS_CHANGED":{"bind":"total-interests-changed"},"depositHiring_OFFER_DATA_CHANGED":{"bind":"offer-data-changed"},"depositHiring_RATE_CHANGED":{"bind":"rate-changed"},"depositHiring_REQUEST_PRODUCT_SHEET_PDF":{"bind":"open-product-pdf"},"depositHiringREFRESH_ACCOUNTS":{"bind":"refresh-accounts"},"depositHiring_INSTRUCTIONS_CHANGED":{"bind":"set-data-instructions"},"depositHiring_MESSAGE_CONTENT_CHANGED":{"bind":"message-content-changed"},"depositHiring_OFFER_INSTRUCTION_CHANGED":{"bind":"offer-instruction-changed"},"depositHiring_SET_DATA_TERMS":{"bind":"set-data-terms"},"open_control_veil":{"bind":"deposits-start-spinner"},"close_control_veil":{"bind":"deposits-stop-spinner"},"DEPOSIT_HIRING_EXIT_CONFIRMATION":{"bind":"modal-exit-confirmation"},"DEPOSIT_HIRING_ERROR_OPERATION_SIMULATE_RETRY":{"bind":"modal-error-operation-simulate-retry"},"DEPOSIT_HIRING_ERROR_OPERATION_SIMULATE_EXIT":{"bind":"modal-error-operation-simulate-exit"},"DEPOSIT_HIRING_ERROR_OPERATION_HIRING_RETRY":{"bind":"modal-error-operation-hiring-retry"},"DEPOSIT_HIRING_ERROR_OPERATION_HIRING_EXIT":{"bind":"modal-error-operation-hiring-exit"},"DEPOSIT_HIRING_ERROR_OPERATION_OUT_TIME":{"bind":"modal-error-operation-out-time"},"DEPOSIT_HIRING_INFO_SIMULATOR":{"bind":"modal-info-simulator"},"DEPOSIT_HIRING_INFO_INSTRUCTION":{"bind":"modal-info-instruction"},"DEPOSIT_HIRING_ERROR_REQUIREMENTS":{"bind":"modal-error-requirements"},"DEPOSIT_HIRING_ERROR_MINIMUM_AMOUNT":{"bind":"modal-error-minimum-amount"},"DEPOSIT_HIRING_ERROR_NOT_PARTICIPANTS":{"bind":"modal-error-not-participants"},"DEPOSIT_HIRING_ERROR_NOT_HOLDER":{"bind":"modal-error-not-holder"},"DEPOSIT_HIRING_ERROR_NOT_HUNDRED_PERCENT":{"bind":"modal-error-not-hundred-percent"},"DEPOSIT_HIRING_ERROR_NOT_CONTRACTING_PRODUCT":{"bind":"modal-error-not-contracting-product"},"DEPOSIT_HIRING_ERROR_LEVEL_ACCOUNTS":{"bind":"modal-error-level-accounts"},"depositHiring_SCROLL_ZONE":{"bind":"cells-scroll-zone"},"depositHiring_OPEN_CONFIRM":{"bind":"open-confirm"},"depositHiring_CLOSE_CONFIRM":{"bind":"close-confirm"},"depositHiring_CLOSE_CONFIRM_VALID_AMOUNT":{"bind":"close-confirm-valid-amount"},"depositHiring_SHOW_CONFIRM":{"bind":"all-steps-collapsed"},"depositHiring_ALL_STEPS_SCROLL":{"bind":"cells-all-steps-scroll"},"depositHiring_NAVIGATE_TO_PAGE":{"bind":"deposit-navigate-to-page"},"depositHiring_RESET_STEPS":{"bind":"deposit-hiring-reset-steps"},"depositHiring_ACTIVE_STEP_ACCOUNT":{"bind":"open-step-account"},"depositHiring_OPEN_STEP_ACCOUNT":{"bind":"open-step-account"},"depositHiring_APP_PAGE_VISIT_AND_QUALIFIED_CHANNEL":{"bind":"app-page-visit","analytics":{"action":"appPageVisit","digitalData":{"product.primaryCategory":"inversiones","product.productSubtype":"plazos","page.pageInfo.pageName":"privada:personas:inversiones:deposito a plazo:1 simulacion ganancias","page.pageInfo.level1":"inversiones","page.pageInfo.level2":"deposito a plazo","page.pageInfo.level3":"1 simulacion ganancias","application.globalApplication":"oc deposits","application.application.name":"inversion a plazos","application.application.type":"contratacion","application.step":"1 simulacion ganancias","user.userState":"logado","page.pageinfo.language":"ES","page.pageInfo.area":"privada","page.pageInfo.pageIntent":"transaccion","page.pageInfo.pageSegment":"personas","siteAppName":"App BBVA Mexico","user.country":"mexico","user.state":"mexico df"}}},"depositHiring_APP_PAGE_STARTED_CHANNEL":{"bind":"app-page-started","analytics":{"action":"appStarted","digitalData":{"product.primaryCategory":"inversiones","product.productSubtype":"plazos","page.pageInfo.pageName":"privada:personas:inversiones:deposito a plazo:1 simulacion ganancias","page.pageInfo.level1":"inversiones","page.pageInfo.level2":"deposito a plazo","page.pageInfo.level3":"1 simulacion ganancias","application.globalApplication":"oc deposits","application.application.name":"inversion a plazos","application.application.type":"contratacion","application.step":"app started:cantidad a invertir","user.userState":"logado","page.pageinfo.language":"ES","page.pageInfo.area":"privada","page.pageInfo.pageIntent":"transaccion","page.pageInfo.pageSegment":"personas","siteAppName":"App BBVA Mexico","user.country":"mexico","user.state":"mexico df"}}},"depositHiring_APP_STEP2_ANALYTICS":{"bind":"app-step-2","analytics":{"action":"appStep2","digitalData":{"product.primaryCategory":"inversiones","product.productSubtype":"plazos","product.productName":"pagare bancomer","page.pageInfo.pageName":"privada:personas:inversiones:deposito a plazo:2 seleccion cuenta","page.pageInfo.level1":"inversiones","page.pageInfo.level2":"deposito a plazo","page.pageInfo.level3":"2 seleccion cuenta","application.globalApplication":"oc deposits","application.application.name":"inversion a plazos","application.application.type":"contratacion","application.step":"2 seleccion cuenta","application.currency":{"bind":"applicationCurrency"},"application.amount":{"bind":"applicationAmount"},"application.earnings":{"bind":"applicationEarnings"},"application.interestRate.rate":{"bind":"applicationInterestRate"},"application.numberOfPayments":{"bind":"applicationTerm"},"user.userState":"logado","page.pageinfo.language":"ES","page.pageInfo.area":"privada","page.pageInfo.pageIntent":"transaccion","page.pageInfo.pageSegment":"personas","siteAppName":"App BBVA Mexico","user.country":"mexico","user.state":"mexico df"}}},"depositHiring_APP_STEP3_ANALYTICS":{"bind":"app-step-3","analytics":{"action":"appStep3","digitalData":{"product.primaryCategory":"inversiones","product.productSubtype":"plazos","product.productName":"pagare bancomer","page.pageInfo.pageName":"privada:personas:inversiones:deposito a plazo:3 instruccion al vencimiento","page.pageInfo.level1":"inversiones","page.pageInfo.level2":"deposito a plazo","page.pageInfo.level3":"3 instruccion al vencimiento","application.globalApplication":"oc deposits","application.application.name":"inversion a plazos","application.application.type":"contratacion","application.step":"3 instruccion al vencimiento","application.currency":{"bind":"applicationCurrency"},"application.amount":{"bind":"applicationAmount"},"application.earnings":{"bind":"applicationEarnings"},"application.interestRate.rate":{"bind":"applicationInterestRate"},"application.numberOfPayments":{"bind":"applicationTerm"},"user.userState":"logado","page.pageinfo.language":"ES","page.pageInfo.area":"privada","page.pageInfo.pageIntent":"transaccion","page.pageInfo.pageSegment":"personas","siteAppName":"App BBVA Mexico","user.country":"mexico","user.state":"mexico df"}}},"depositHiring_APP_STEP4_ANALYTICS":{"bind":"app-step-4","analytics":{"action":"appStep4","digitalData":{"product.primaryCategory":"inversiones","product.productSubtype":"plazos","product.productName":"pagare bancomer","page.pageInfo.pageName":"privada:personas:inversiones:deposito a plazo:4 terminos y condiciones","page.pageInfo.level1":"inversiones","page.pageInfo.level2":"deposito a plazo","page.pageInfo.level3":"4 terminos y condiciones","application.globalApplication":"oc deposits","application.application.name":"inversion a plazos","application.application.type":"contratacion","application.step":"4 terminos y condiciones","application.currency":{"bind":"applicationCurrency"},"application.amount":{"bind":"applicationAmount"},"application.earnings":{"bind":"applicationEarnings"},"application.interestRate.rate":{"bind":"applicationInterestRate"},"application.numberOfPayments":{"bind":"applicationTerm"},"application.process":{"bind":"applicationInstruction"},"user.userState":"logado","page.pageinfo.language":"ES","page.pageInfo.area":"privada","page.pageInfo.pageIntent":"transaccion","page.pageInfo.pageSegment":"personas","siteAppName":"App BBVA Mexico","user.country":"mexico","user.state":"mexico df"}}},"depositHiring_APP_STEP5_ANALYTICS":{"bind":"app-step-5","analytics":{"action":"appStep5","digitalData":{"product.primaryCategory":"inversiones","product.productSubtype":"plazos","product.productName":"pagare bancomer","page.pageInfo.pageName":"privada:personas:inversiones:deposito a plazo:5 confirmacion","page.pageInfo.level1":"inversiones","page.pageInfo.level2":"deposito a plazo","page.pageInfo.level3":"5 confirmacion","application.globalApplication":"oc deposits","application.application.name":"inversion a plazos","application.application.type":"contratacion","application.step":"5 confirmacion","application.currency":{"bind":"applicationCurrency"},"application.amount":{"bind":"applicationAmount"},"application.earnings":{"bind":"applicationEarnings"},"application.interestRate.rate":{"bind":"applicationInterestRate"},"application.numberOfPayments":{"bind":"applicationTerm"},"application.process":{"bind":"applicationInstruction"},"user.userState":"logado","page.pageinfo.language":"ES","page.pageInfo.area":"privada","page.pageInfo.pageIntent":"transaccion","page.pageInfo.pageSegment":"personas","siteAppName":"App BBVA Mexico","user.country":"mexico","user.state":"mexico df"}}},"depositHiring_APP_STEP6_ANALYTICS":{"bind":"app-step-6","analytics":{"action":"appStep6","digitalData":{"product.primaryCategory":"inversiones","product.productSubtype":"plazos","product.productName":"pagare bancomer","page.pageInfo.pageName":"privada:personas:inversiones:deposito a plazo:6 otp","page.pageInfo.level1":"inversiones","page.pageInfo.level2":"deposito a plazo","page.pageInfo.level3":"6 otp","application.globalApplication":"oc deposits","application.application.name":"inversion a plazos","application.application.type":"contratacion","application.step":"6 otp","application.currency":{"bind":"applicationCurrency"},"application.amount":{"bind":"applicationAmount"},"application.earnings":{"bind":"applicationEarnings"},"application.interestRate.rate":{"bind":"applicationInterestRate"},"application.numberOfPayments":{"bind":"applicationTerm"},"application.process":{"bind":"applicationInstruction"},"user.userState":"logado","page.pageinfo.language":"ES","page.pageInfo.area":"privada","page.pageInfo.pageIntent":"transaccion","page.pageInfo.pageSegment":"personas","siteAppName":"App BBVA Mexico","user.country":"mexico","user.state":"mexico df"}}},"depositHiring_APP_COMPLETED_SUCCESS_ANALYTICS":{"bind":"app-page-completed-success","analytics":{"action":"appCompleted","digitalData":{"product.primaryCategory":"inversiones","product.productSubtype":"plazos","product.productName":"pagare bancomer","application.state":"contratado","application.operationNumber":{"bind":"applicationOperationNumber"},"page.pageInfo.pageName":"privada:personas:inversiones:deposito a plazo:pagina exitosa","page.pageInfo.level1":"inversiones","page.pageInfo.level2":"deposito a plazo","page.pageInfo.level3":"pagina exitosa","application.globalApplication":"oc deposits","application.application.name":"inversion a plazos","application.application.type":"contratacion","application.step":"pagina exitosa","application.currency":{"bind":"applicationCurrency"},"application.amount":{"bind":"applicationAmount"},"application.earnings":{"bind":"applicationEarnings"},"application.interestRate.rate":{"bind":"applicationInterestRate"},"application.numberOfPayments":{"bind":"applicationTerm"},"application.process":{"bind":"applicationInstruction"},"user.userState":"logado","page.pageinfo.language":"ES","page.pageInfo.area":"privada","page.pageInfo.pageIntent":"transaccion","page.pageInfo.pageSegment":"personas","siteAppName":"App BBVA Mexico","user.country":"mexico","user.state":"mexico df"}}},"depositHiring_APP_COMPLETED_ERROR_ANALYTICS":{"bind":"app-page-completed-error","analytics":{"action":"appCompleted","digitalData":{"product.primaryCategory":"inversiones","product.productSubtype":"plazos","product.productName":"pagare bancomer","application.state":"rechazado","page.pageInfo.pageName":"privada:personas:inversiones:deposito a plazo:pagina exitosa","page.pageInfo.level1":"inversiones","page.pageInfo.level2":"deposito a plazo","page.pageInfo.level3":"pagina exitosa","application.globalApplication":"oc deposits","application.application.name":"inversion a plazos","application.application.type":"contratacion","application.step":"pagina exitosa","application.currency":{"bind":"applicationCurrency"},"application.amount":{"bind":"applicationAmount"},"application.earnings":{"bind":"applicationEarnings"},"application.interestRate.rate":{"bind":"applicationInterestRate"},"application.numberOfPayments":{"bind":"applicationTerm"},"application.process":{"bind":"applicationInstruction"},"user.userState":"logado","page.pageinfo.language":"ES","page.pageInfo.area":"privada","page.pageInfo.pageIntent":"transaccion","page.pageInfo.pageSegment":"personas","siteAppName":"App BBVA Mexico","user.country":"mexico","user.state":"mexico df"}}},"depositHiring_DISABLE_PRIMARY_BTN_ACCOUNTS":{"bind":"disable-primary-btn-accounts"},"depositHiring_DISABLE_SECONDARY_BTN_ACCOUNTS":{"bind":"disable-secondary-btn-accounts"}}}}},{"zone":"app__main","type":"DM","tag":"glomo-documents-dm","properties":{"cellsConnections":{"in":{"global_cache_channel":{"bind":"globalCacheStorage"},"global_server_config_channel":{"bind":"globalServerConfig"},"GLOMO_STANDARD_ERROR_CHANNEL":{"bind":"handleError"},"global_web_response_success_channel":{"bind":"successResponse"},"global_web_response_failure_channel":{"bind":"errorResponse"},"depositHiring_REQUEST_PRODUCT_SHEET_PDF":{"bind":"requestDocumentsForSubProduct"}},"out":{"global_web_response_success_channel":{"bind":"clean-success-response","forward-to-native":true},"global_web_response_failure_channel":{"bind":"clean-error-response","forward-to-native":true},"GLOMO_STANDARD_ERROR_CHANNEL":{"bind":"clean-standard-error"},"BLOCKER_ERROR_PAGE_NAVIGATION_CHANNEL":{"bind":"blocker-error-page","link":{"page":"errorPage","skipHistory":true}},"NON_BLOCKER_ERROR_PAGE_NAVIGATION_CHANNEL":{"bind":"non-blocker-error-page","link":{"page":"errorPage"}},"OPEN_ERROR_MODAL_CHANNEL":{"bind":"open-error-modal"},"OTP_SCREEN_CANCEL_CHANNEL":{"bind":"otp-screen-cancelled"},"global_web_request_channel":{"bind":"request-payload-changed","forward-to-native":true},"depositHiring_DOC_TITLE":{"bind":"doc-title-changed"},"depositHiring_DOC_CONTENT":{"bind":"base-src-changed"},"depositHiring_OPEN_PDF_MODAL":{"bind":"pdf-request-in-process"},"depositHiring_DOC_FETCH_FAILURE":{"bind":"document-fetch-failed"},"open_control_veil":{"bind":"pdf-request-in-process"},"close_control_veil":{"bind":"pdf-request-completed"}}}}},{"zone":"app__main","type":"UI","tag":"cells-step-deposits-offer-page","properties":{"active":true,"amountLabel":"cells-step-deposits-offer-page-amount-label","amountInfoMessage":"cells-step-deposits-offer-page-info-limit-amount","amountSubHeader":"cells-step-deposits-offer-page-amount-sub-header","changeDataText":"","changeLabel":"deposits-step-product-selector-change","className":"deposit-hiring","currentStep":1,"enterAmountHeader":"cells-step-deposits-offer-page-enter-amount-header","headerImageSrc":"./images/card-hiring.svg","infoMessage":"cells-step-deposits-offer-page-info-message","inputCurrencyDescription":"cells-step-deposits-offer-page-select-currency-description","inputCurrencyHeader":"cells-step-deposits-offer-page-select-currency-header","isFatcaActive":true,"liquidationItems":[],"maxSteps":4,"productSummaryText":"cells-step-deposits-offer-page-summary-text","rateIcon":"","showOfferData":true,"summaryViewWithTerm":true,"stepId":"step1","stepTitle":"cells-step-deposits-offer-page-step-title","cellsConnections":{"in":{"depositHiring_INIT_PAGE":{"bind":"initialize"},"depositHiring_INPUT_AMOUNT_CHANGED":{"bind":"amount"},"depositHiring_INPUT_AMOUNT_MIN_CHANGED":{"bind":"min"},"depositHiring_SET_MAX_AVAILABLE_BALANCE":{"bind":"maxAvailableBalance"},"depositHiring_SLIDE_VALUES_CHANGED":{"bind":"sliderValues"},"depositHiring_SLIDE-VALUE-SELECTED_CHANGED":{"bind":"selectedSliderIndex"},"depositHiring_DISABLE_OFFER_BUTTON_CHANGED":{"bind":"disabledNextButton"},"depositHiring_DEPOSIT_LIST_CHANGED":{"bind":"depositList"},"depositHiring_TOTAL_INTERESTS_CHANGED":{"bind":"totalInterests"},"depositHiring_OFFER_DATA_CHANGED":{"bind":"offerData"},"depositHiring_RATE_CHANGED":{"bind":"rate"},"depositHiring_SCROLL_COMPLETE":{"bind":"scrollComplete"}},"out":{"depositHiring_CLEAN_INPUT_AMOUNT":{"bind":"amount-input-focus"},"depositHiring_OFFER_AMOUNT_CHANGED":{"bind":"amount-changed-on-blur"},"depositHiring_OFFER_INPUT_AMOUNT_CHANGED":{"bind":"amount-input-changed"},"depositHiring_OFFER_SLIDER_CHANGED":{"bind":"current-slider-value"},"depositHiring_SIMULATOR_HELP_BTN_TAPPED":{"bind":"simulator-help-btn-tapped-event"},"depositHiring_OPEN_PRODUCT_SHEET_PDF":{"bind":"cells-lists-link-clicked"},"depositHiring_REGISTER_STEP":{"bind":"register-step"},"depositHiring_GO_NEXT_STEP_OFFER_DEPOSIT":{"bind":"summary-closed"},"depositHiring_OPEN_STEP":{"bind":"change-pressed"},"depositHiring_SUMMARY_CLOSED":{"bind":"summary-closed"},"depositHiring_SUMMARY_OPEN":{"bind":"change-pressed"}}}}},{"zone":"app__main","type":"UI","tag":"cells-step-product-selector","properties":{"changeLabel":"glomo-deposit-hiring-terms-step-change-label","className":"selected-product deposit-hiring","currentStep":2,"description":"glomo-deposit-hiring-accounts-step-description","disabledUpdateTitleOnChangeProduct":true,"disableSeparation":false,"hideCurrentStepLabel":true,"localCurrency":"MXN","maxSteps":4,"productsListLabel":"glomo-deposit-hiring-accounts-step-list-label","showSeparator":true,"stepClickDisable":true,"stepTitle":"glomo-deposit-hiring-accounts-step-title","cellsConnections":{"in":{"depositHiring_INIT_PAGE":{"bind":"initialize"},"depositHiring_RESET_STEPS":{"bind":"reset"},"depositHiring_OPEN_STEP_ACCOUNT":{"bind":"collapsed"},"depositHiring_ACTIVE_STEP_ACCOUNT":{"bind":"active"},"depositHiringREFRESH_ACCOUNTS":{"bind":"products"},"depositHiring_MODAL_SELECTED_ACCOUNT":{"bind":"onProductSelected"},"depositHiring_SCROLL_COMPLETE":{"bind":"scrollComplete"},"depositHiring_DISABLE_PRIMARY_BTN_ACCOUNTS":{"bind":"primaryButtonDisabled"},"depositHiring_DISABLE_SECONDARY_BTN_ACCOUNTS":{"bind":"secondaryButtonDisabled"}},"out":{"depositHiring_REGISTER_STEP":{"bind":"register-step"},"depositHiring_GO_NEXT_STEP_ACCOUNTS":{"bind":"on-change-product-selected"},"depositHiring_GO_NEXT_STEP_ACCOUNTS_CONTINUE":{"bind":"dont-change-and-continue"},"depositHiring_OPEN_STEP":{"bind":"change-step-state"},"depositHiring_VIEW_ALL_PRODUCTS":{"bind":"view-all"},"depositHiring_ON_CHANGE_ACCOUNT_SELECTED":{"bind":"on-change-product-selected"}}}}},{"zone":"app__overlay","type":"UI","tag":"cells-product-selector-modal","properties":{"className":"selected-product selector-hiring deposit-hiring","showCloseModalButton":true,"modalTitle":"glomo-deposit-hiring-accounts-step-selector-modal-title","closeButtonLabel":"glomo-deposit-hiring-accounts-step-selector-modal-button","localCurrency":"MXN","cellsConnections":{"in":{"depositHiring_VIEW_ALL_PRODUCTS":{"bind":"treatProducts"}},"out":{"depositHiring_MODAL_SELECTED_ACCOUNT":{"bind":"select-product"},"depositHiring_GO_NEXT_STEP_ACCOUNTS":{"bind":"select-product"}}}}},{"zone":"app__main","type":"UI","tag":"cells-step-radio-buttons","properties":{"className":"deposit-hiring","stepChangeLabel":"glomo-deposit-hiring-instructions-step-change-label","currentStep":3,"maxSteps":4,"title":"glomo-deposit-hiring-instructions-step-title","description":"glomo-deposit-hiring-instructions-step-subtitle","disableChange":false,"disableSeparation":false,"notInitializeWithAttached":true,"hideCurrentStepLabel":true,"buttonLabel":"glomo-deposit-hiring-instructions-btn-continue","cellsConnections":{"in":{"depositHiring_INIT_PAGE":{"bind":"initialize"},"depositHiring_RESET_STEPS":{"bind":"reset"},"depositHiring_INSTRUCTIONS_CHANGED":{"bind":"radioButtonList"},"depositHiring_MESSAGE_CONTENT_CHANGED":{"bind":"infoMessage"},"depositHiring_OFFER_INSTRUCTION_CHANGED":{"bind":"selected"},"depositHiring_SCROLL_COMPLETE":{"bind":"scrollComplete"}},"out":{"depositHiring_REGISTER_STEP":{"bind":"register-step"},"depositHiring_GO_NEXT_STEP_INSTRUCTIONS":{"bind":"continue-pressed"},"depositHiring_OPEN_STEP":{"bind":"change-pressed"},"depositHiring_INSTRUCTION_HELP_BTN_INFO":{"bind":"cells-step-radio-button-icon-help-clicked"},"depositHiring_CHANGE_INSTRUCTION_SELECTED":{"bind":"changed-radio-button-selected"}}}}},{"zone":"app__main","type":"UI","tag":"cells-step-card-checklist-contract","properties":{"className":"deposit-hiring","loading":true,"hideCurrentStepLabel":true,"currentStep":4,"maxSteps":4,"stepTitle":"glomo-deposit-hiring-terms-step-title","stepChangeLabel":"glomo-deposit-hiring-terms-step-change-label","buttonText":"glomo-deposit-hiring-terms-btn-continue","isButtonDisabled":true,"consultText":"glomo-deposit-hiring-terms-step-message-description","cellsConnections":{"in":{"depositHiring_INIT_PAGE":{"bind":"initialize"},"depositHiring_SET_DATA_TERMS":{"bind":"setProperties"},"depositHiring_SCROLL_COMPLETE":{"bind":"scrollComplete"}},"out":{"depositHiring_OPEN_PRODUCT_TERMS_PDF":{"bind":"request-pdf"},"depositHiring_REGISTER_STEP":{"bind":"register-step"},"depositHiring_GO_NEXT_STEP_TERMS":{"bind":"continue-pressed"},"depositHiring_OPEN_STEP":{"bind":"change-pressed"}}}}},{"zone":"app__confirm","type":"UI","tag":"cells-glomo-cta-container","properties":{"className":"deposit-hiring","primaryButtonEnable":true,"showButtons":true,"primaryButtonText":"glomo-deposit-hiring-cta-btn","cellsConnections":{"out":{"depositHiring_PRIMARY_CHANNEL":{"bind":"cta-container-primary-btn-tapped"}}}}},{"zone":"app__main","type":"CC","tag":"glomo-adtm-analytics","properties":{"native":true,"analyticsLibSrc":"https://assets.adobedtm.com/95bb966a4c61b200a089c37679aaf96e22114787/satelliteLib-d0e3030220638b22c533bac481790e8952ae0bf4.js","pageInstanceID":"pro","cellsConnections":{"in":{"__bridge_app":{"bind":"init"},"global_cache_channel":{"bind":"globalCacheStorage"}}}}},{"zone":"app__main","type":"CC","tag":"glomo-access-manager","properties":{"avoidCheckSessionExpired":true,"avoidCheckOffers":true,"cellsConnections":{"in":{"register_device":{"bind":"registerDevice"},"global_login_success":{"bind":"checkForRegisterDevice"},"modal_change_user_accept":{"bind":"cleanUserInfo"},"session_timeout_expired":{"bind":"setSessionExpiredState"},"reset_session_expired":{"bind":"cleanSessionExpiredState"},"global_navigation_to_atms":{"bind":"checkFirstTimeAtmLocator"},"global_atm_locator_welcome_accept":{"bind":"setFirstTimeAtmLocator"},"global_campaigns_position_get_closed_offers":{"bind":"getClosedOffers"},"global_dashboard_oc_banner_close":{"bind":"setOfferAsClosed"},"global_logout_success":{"bind":"logoutSuccess"},"global_login_error_blocked_user_change_user":{"bind":"cleanUserInfo"}},"out":{"user_cached":{"bind":"user-cached-changed"},"session_expired_message":{"bind":"open-session-expired-message"},"global_atm_locator_not_first_time":{"bind":"atm-locator-not-first-time","link":{"page":"atmLocator"}},"global_atm_locator_first_time":{"bind":"atm-locator-first-time"},"global_campaigns_closed_offers":{"bind":"campaigns-closed-offers"}}}}},{"zone":"app__transactional","type":"CC","tag":"glomo-alert-manager","properties":{"phoneNumber":"+51015950000","native":true,"cellsConnections":{"in":{"global_alert_modal_close":{"bind":"close"},"global_error_tsec_expired":{"bind":"openTsecExpiredError"},"cardlessWithdrawalOperation_SUCCESS_PAGE_CHANNEL":{"bind":"openWithSettings"},"cardlessWithdrawalOperation_ERROR_QR_PAGE_CHANNEL":{"bind":"openWithSettings"},"cardlessWithdrawalOperation_NO_CARDLESS_WITHDRAWAL_CHANNEL":{"bind":"openWithSettings"},"confirm_logout_automatic_message":{"bind":"toggleAutomaticLogout"},"cardless_withdrawal_error":{"bind":"openCardlessWithdrawalWrong"},"mobile_top_up_error_response":{"bind":"openMobileTopUpWrong"},"account_product_link_notification_spei":{"bind":"openSpeiLinkWarning"},"login_change_user":{"bind":"openChangeUser"},"login_error":{"bind":"openDataError"},"customers_error":{"bind":"openWithSettings"},"session_expired_message":{"bind":"openSessionExpired"},"credit_card_payment_open_modal_info_min_amount":{"bind":"minimumAmountPayment"},"credit_card_payment_open_modal_info_min_amount_interest":{"bind":"minimumAmountToAvoidInterest"},"credit_card_payment_open_modal_info_last_period_amount":{"bind":"totalAmountPayment"},"credit_card_payment_error":{"bind":"openCreditCardPaymentWrong"},"card_product_detail_error_patch_activations":{"bind":"openCardDetailPatchActivationError"},"cardless_withdrawal_detail_open_modal_status":{"bind":"openRenewKeyTransaction"},"cardless_withdrawal_detail_resend_number_transaction_error":{"bind":"openRenewKeyTransactionError"},"profile_change_email_set_email_error":{"bind":"openServiceError"},"cardless_withdrawal_historic_error":{"bind":"openCardlessWithdrawalHistoricError"},"global_atm_locator_first_time":{"bind":"openAtmLocatorWelcome"},"global_change_password_default_error":{"bind":"openChangePasswordDefaultError"},"global_change_password_used_before":{"bind":"openChangePasswordUsedBefore"},"global_change_password_tried_error":{"bind":"openChangePasswordTriedError"},"global_atm_locator_pois_retrieved_error":{"bind":"openWithSettings"},"global_atm_locator_location_permission_denied":{"bind":"locationPermissionDenied"},"card_activations_open_switch_info_modal":{"bind":"openCardSwitchInfo"},"card_activations_open_ecomerce_activation":{"bind":"openEcomerceActivation"},"card_activations_open_foreign_purchases_activation":{"bind":"openForeignPurchasesActivation"},"card_activations_open_cashwithdrawal_activation":{"bind":"openCashwithdrawalActivation"},"global_edit_alias_offline_error":{"bind":"openNetworkError"},"loan_offer_requested_assistance_call_success":{"bind":"openLoanOfferAssistanceCall"},"global_exit_operative":{"bind":"openExitOperative"},"global_open_transfer_error":{"bind":"openTransferError"},"global_open_bill_payment_error":{"bind":"openBillPaymentError"},"global_open_profile_info_bottom_modal":{"bind":"openBottomModalProfileInfo"},"global_open_personal_loan_offer_bottom_modal":{"bind":"openLoanOfferError"},"global_open_personal_loan_offer_assistance_bottom_modal":{"bind":"openLoanOfferAssistanceError"},"global_open_increase_credit_card_limit_bottom_modal":{"bind":"openIncreaseCreditLimitError"},"global_efi_cash_bottom_modal":{"bind":"openEfiCashError"},"global_card_info_bottom_modal":{"bind":"openWithSettings"},"global_service_data_info_bottom_modal":{"bind":"openServiceDataInfo"},"global_transfer_summary_open_exchange_rate":{"bind":"openExchangeRateInfo"},"global_transfer_repeated_error_magic_query":{"bind":"openWithSettings"},"global_card_payment_data_help":{"bind":"openProductDetailCreditCards"},"global_transfer_wrong_second_factor":{"bind":"openWithSettings"},"transfer_otp_not_available_error":{"bind":"openWithSettings"},"global_hanlder_native_back_button":{"bind":"handleNativeBackButton"},"global_transfer_close_full_error_modal":{"bind":"close"},"credit_card_upgrade_help_Info":{"bind":"openWithSettings"},"credit_card_upgrade_error_modal":{"bind":"openWithSettings"},"payrollAdvance_POST_LOAN_DECLINED_CHANNEL":{"bind":"openWithSettings"},"payrollAdvance_POST_LOAN_INCOMPLETE_CHANNEL":{"bind":"openWithSettings"},"payrollAdvance_ALERT_MODAL_CHANNEL":{"bind":"openWithSettings"},"payrollAdvance_LOAN_INITIAL_DATA_ERROR_MODAL":{"bind":"openWithSettings"},"payrollAdvance_LOAN_SIMULATE_DATA_ERROR_MODAL":{"bind":"openWithSettings"},"payrollAdvance_POST_LOAN_ERROR_MODAL":{"bind":"openWithSettings"},"pocket_CREATE_HELP_MODAL":{"bind":"openWithSettings"},"POCKETS_LIST_GET_ERROR":{"bind":"openWithSettings"},"pocket_CREATE_POST_FAILURE":{"bind":"openWithSettings"},"pocket_ADD_MONEY_POST_FAILURE":{"bind":"openWithSettings"},"pocket_WITHDRAWL_POST_FAILURE":{"bind":"openWithSettings"},"pocket_UPDATE_POST_FAILURE":{"bind":"openWithSettings"},"pocketsDelete_POST_FAILURE":{"bind":"openWithSettings"},"POCKET_POST_DELETE_ERROR":{"bind":"openWithSettings"},"global_glomo_signature_open_modal_error":{"bind":"openWithSettings"},"CARLOAN_OFFER_ERROR_CHANNEL":{"bind":"openWithSettings"},"CARLOAN_SIMULATE_ERROR_CHANNEL":{"bind":"openWithSettings"},"CARLOAN_EXIT_INFO_CHANNEL":{"bind":"openWithSettings"},"CARLOAN_HELP_INFO_CHANNEL":{"bind":"openWithSettings"},"CP_INFO_MODAL":{"bind":"openWithSettings"},"CP_ERROR_MODAL":{"bind":"openWithSettings"},"CP_MODAL_CONFIRM_HIDE_EQUITY":{"bind":"openWithSettings"},"pin_request_OPEN_EXIT_MODAL":{"bind":"openWithSettings"},"pin_request_WRONG_CVV_MODAL_ERROR":{"bind":"openWithSettings"},"pin_request_OPEN_ACTIVATE_ERROR_MODAL":{"bind":"openWithSettings"},"pin_request_PIN_HELP_MODAL":{"bind":"openWithSettings"},"codiWelcome_SET_DATA_INFO_WELCOME_PAGE_CHANNEL":{"bind":"openWithSettings"},"codiSmsInfo_SET_DATA_INFO_SMS_PAGE_CHANNEL":{"bind":"openWithSettings"},"codiAccountValidation_SET_DATA_CODI_ACCOUNT_VALIDATION_PAGE_CHANNEL":{"bind":"openWithSettings"},"MORTGAGE_HELP_INFO_CHANNEL":{"bind":"openWithSettings"},"MORTGAGE_OFFER_ERROR_CHANNEL":{"bind":"openWithSettings"},"MORTGAGE_SIMULATE_ERROR_CHANNEL":{"bind":"openWithSettings"},"MORTGAGE_EXIT_INFO_CHANNEL":{"bind":"openWithSettings"},"OC_LOAN_HELP_INFO_BACKSTEP_CHANNEL":{"bind":"close"},"OC_LOAN_HELP_INFO_CANCEL_CHANNEL":{"bind":"close"},"OC_LOAN_EXIT_INFO_BACKSTEP_CHANNEL":{"bind":"close"},"OC_LOAN_OFFER_ERROR_CHANNEL":{"bind":"close"},"OC_LOAN_SIMULATE_ERROR_CHANNEL":{"bind":"close"},"OC_LOAN_EXIT_INFO_CANCEL_CHANNEL":{"bind":"close"},"OC_LOAN_OFFER_ERROR_CANCEL_CHANNEL":{"bind":"close"},"CCHP_HELP_INFO_CHANNEL":{"bind":"openWithSettings"},"PCP_HELP_INFO_CHANNEL":{"bind":"openWithSettings"},"PEP_HELP_INFO_CHANNEL":{"bind":"openWithSettings"},"connection_status_login_offline":{"bind":"openNoConnectionError"},"connection_status_login_online":{"bind":"close"},"global_alert_generation_card_error":{"bind":"openWithSettings"},"global_cardGenerateTerms_close_error_modal":{"bind":"close"},"CCL_DOCUMENT_CONTENT_ERROR":{"bind":"openWithSettings"},"CALL_ME_BACK_SUCCESS":{"bind":"openWithSettings"},"CALL_ME_BACK_ALREADY":{"bind":"openWithSettings"},"POCKET_MOVEMENT_ERROR_MODAL_PAYLOAD":{"bind":"openWithSettings"},"deposit_open_transaction_detail_help_modal":{"bind":"openWithSettings"},"payrollPortability_BIRTHDAY_CONFIRMATION_MODAL":{"bind":"openWithSettings"},"payrollPortability_INCORRECT_BIRTHDAY_CHANNEL":{"bind":"close"},"payrollPortability_CORRECT_BIRTHDAY_NEXT_STEP_CHANNEL":{"bind":"close"},"depositImpositionUpdate_EXIT_CONFIRMATION":{"bind":"openWithSettings"},"depositImpositionUpdate_INFO_INSTRUCTION":{"bind":"openWithSettings"},"depositImpositionUpdate_DAY_OF_EXPIRATION":{"bind":"openWithSettings"},"depositImpositionUpdate_ERROR_OPERATION_IMPOSITION_RETRY":{"bind":"openWithSettings"},"depositImpositionUpdate_ERROR_OPERATION_IMPOSITION_EXIT":{"bind":"openWithSettings"},"depositImpositionUpdate_ERROR_OPERATION_OUT_TIME":{"bind":"openWithSettings"},"depositsPurchaseSale_EXIT_CONFIRMATION":{"bind":"openWithSettings"},"depositsPurchaseSale_INFO_SIMULATOR":{"bind":"openWithSettings"},"depositsPurchaseSale_INFO_INSTRUCTION":{"bind":"openWithSettings"},"depositsPurchaseSale_ERROR_MINIMUN_AMOUNT":{"bind":"openWithSettings"},"depositsPurchaseSale_ERROR_INSUFFICIENT_AMOUNT":{"bind":"openWithSettings"},"depositsPurchaseSale_ERROR_OPERATION_SIMULATE_RETRY":{"bind":"openWithSettings"},"depositsPurchaseSale_ERROR_OPERATION_SIMULATE_EXIT":{"bind":"openWithSettings"},"depositsPurchaseSale_ERROR_OPERATION_IMPOSITION_RETRY":{"bind":"openWithSettings"},"depositsPurchaseSale_ERROR_OPERATION_IMPOSITION_EXIT":{"bind":"openWithSettings"},"depositsPurchaseSale_ERROR_OPERATION_OUT_TIME":{"bind":"openWithSettings"},"depositsPurchaseSaleSuccess_INFO_IPAB":{"bind":"openWithSettings"},"POCKET_CREATE_PAGE_EXIT_WARNING":{"bind":"openWithSettings"},"POCKET_EDIT_PAGE_EXIT_WARNING":{"bind":"openWithSettings"},"POCKET_ADD_MONEY_PAGE_EXIT_WARNING":{"bind":"openWithSettings"},"POCKET_WITHDRAW_PAGE_EXIT_WARNING":{"bind":"openWithSettings"},"POCKET_DELETE_OPERATION_PAGE_EXIT_WARNING":{"bind":"openWithSettings"},"POCKET_NO_PAYROLL_OPERATION_PAGE_EXIT_WARNING":{"bind":"openWithSettings"},"global_profit_points_detail_modal_help":{"bind":"openWithSettings"},"DEPOSIT_HIRING_EXIT_CONFIRMATION":{"bind":"openWithSettings"},"DEPOSIT_HIRING_ERROR_OPERATION_SIMULATE_RETRY":{"bind":"openWithSettings"},"DEPOSIT_HIRING_ERROR_OPERATION_SIMULATE_EXIT":{"bind":"openWithSettings"},"DEPOSIT_HIRING_ERROR_OPERATION_HIRING_RETRY":{"bind":"openWithSettings"},"DEPOSIT_HIRING_ERROR_OPERATION_HIRING_EXIT":{"bind":"openWithSettings"},"DEPOSIT_HIRING_ERROR_OPERATION_OUT_TIME":{"bind":"openWithSettings"},"DEPOSIT_HIRING_INFO_SIMULATOR":{"bind":"openWithSettings"},"DEPOSIT_HIRING_INFO_INSTRUCTION":{"bind":"openWithSettings"},"DEPOSIT_HIRING_ERROR_REQUIREMENTS":{"bind":"openWithSettings"},"DEPOSIT_HIRING_ERROR_MINIMUM_AMOUNT":{"bind":"openWithSettings"},"DEPOSIT_HIRING_ERROR_NOT_PARTICIPANTS":{"bind":"openWithSettings"},"DEPOSIT_HIRING_ERROR_NOT_HOLDER":{"bind":"openWithSettings"},"DEPOSIT_HIRING_ERROR_NOT_HUNDRED_PERCENT":{"bind":"openWithSettings"},"DEPOSIT_HIRING_ERROR_NOT_CONTRACTING_PRODUCT":{"bind":"openWithSettings"},"DEPOSIT_HIRING_ERROR_LEVEL_ACCOUNTS":{"bind":"openWithSettings"},"DEPOSIT_HIRING_INFO_IPAB":{"bind":"openWithSettings"},"FUND_FUNDS_ERROR_ON_GET_FUND_DETAIL":{"bind":"openWithSettings"},"global_mortgage_page_send_modal":{"bind":"openWithSettings"},"global_mortgage_page_send_simulate_error":{"bind":"openWithSettings"},"global_mortgage_page_open_modal_exit":{"bind":"openWithSettings"},"global_mortgage_page_exit_info_channel":{"bind":"close"},"global_mortgage_page_offer_error_channel":{"bind":"openWithSettings"},"global_card_orange_over_draft_modal":{"bind":"openWithSettings"},"global_card_detail_open_activation_error":{"bind":"openWithSettings"},"global_card_detail_open_card_activation_help":{"bind":"openWithSettings"},"global_card_detail_open_payment_details_help":{"bind":"openWithSettings"},"MC_SEND_MODAL_CONDITIONS":{"bind":"openWithSettings"},"global_mortgage_page_send_modal_conditios":{"bind":"openWithSettings"},"global_mortgage_page_send_modal_terms":{"bind":"openWithSettings"},"global_glomo_card_activations_first_access":{"bind":"openWithSettings"},"bbva_manager_card_dynamic_cvv_error":{"bind":"openWithSettings"},"global_card_credit_card_payment_show_close_confirm":{"bind":"openWithSettings"},"global_card_credit_card_payment_own_tranfer_error":{"bind":"openWithSettings"},"GLOBAL_TERMS_AND_CONDITIONS_ERROR_MODAL":{"bind":"openWithSettings"},"global_car_loan_page_open_modal_exit":{"bind":"openWithSettings"},"global_car_loan_page_loan_exit_info_channel":{"bind":"close"},"global_car_loan_page_send_modal":{"bind":"openWithSettings"},"global_car_loan_page_send_modal_terms":{"bind":"openWithSettings"},"global_car_loan_page_open_modal_not_approved":{"bind":"openWithSettings"},"global_car_loan_page_error_offer":{"bind":"openWithSettings"},"global_card_increment_open_modal_confirm":{"bind":"openWithSettings"},"global_profit_points_detail_mid_modal_external_web":{"bind":"openWithSettings"},"global_exit_interest_simulator_modal":{"bind":"openWithSettings"},"global_more_info_interest_simulator_modal":{"bind":"openWithSettings"},"global_transactions_list_modal_info_card":{"bind":"openWithSettings"},"global_transaction_detail_modal_pendings":{"bind":"openWithSettings"},"CCSP_OPEN_CONFIRM_EXIT_MODAL":{"bind":"openWithSettings"},"CCHP_SHOW_MODAL_CONFIRM_EXIT_OFFER":{"bind":"openWithSettings"},"creditCardHolderNotice_PENDING_OFFER_INFO":{"bind":"openWithSettings"},"MC_MEDIA_MODAL_CONFIG_CHANNEL":{"bind":"openWithSettings"},"BRANCH_APPOINTMENT_DETAIL_OPEN_MODAL_ERROR_RETRY":{"bind":"openWithSettings"},"BRANCH_APPOINTMENT_DETAIL_OPEN_MODAL_ERROR_EXIT":{"bind":"openWithSettings"},"EA_OPEN_MODAL_ONBOARDING_CHANNEL":{"bind":"openWithSettings"},"global_error_wrong_access_key":{"bind":"openAccessPasswordWrong"},"global_error_user_blocked_cause_retrials":{"bind":"openBlockedCauseRetrials"},"global_error_wrong_otp_sms":{"bind":"openOtpSmsWrong"}},"out":{"EA_HIDE_ONBOARDING_CH":{"bind":"alert-OPERATIONAL-ONBOARDING-INFO-accept"},"MC_SHOW_MODAL_ACCEPT_DELETE_CH":{"bind":"alert-conversation-delete-error-media-accept"},"generic_fwd_to_native_logout":{"bind":"alert-tsec-expired-accept","forward-to-native":true},"cardlessWithdrawalSuccess_ACCEPT":{"bind":"alert-cardless-withdrawal-success-accept","backStep":true},"cardlessWithdrawalSuccess_BACKSTEP":{"bind":"alert-cardless-withdrawal-success-cancel","backStep":true},"cardlessWithdrawalErrorQr_ACCEPT":{"bind":"alert-cardless-withdrawal-error-qr-accept","backStep":true},"cardlessWithdrawalErrorQr_BACKSTEP":{"bind":"alert-cardless-withdrawal-error-qr-cancel","backStep":true},"noCardlessWithdrawalErrorTechnical_ACCEPT":{"bind":"alert-no-cardless-withdrawal-error-technical-accept","backStep":true},"noCardlessWithdrawalErrorTechnical_BACKSTEP":{"bind":"alert-no-cardless-withdrawal-error-technical-cancel","backStep":true},"OC_LOAN_HELP_INFO_BACKSTEP_CHANNEL":{"bind":"alert-HELP-INFO-accept"},"OC_LOAN_HELP_INFO_CANCEL_CHANNEL":{"bind":"cancel"},"OC_LOAN_EXIT_INFO_BACKSTEP_CHANNEL":{"bind":"alert-OC-LOAN-accept","backStep":true},"OC_LOAN_EXIT_INFO_CANCEL_CHANNEL":{"bind":"alert-OC-LOAN-cancel"},"OC_LOAN_OFFER_ERROR_CHANNEL":{"bind":"alert-offer-error-accept","backStep":true},"OC_LOAN_OFFER_ERROR_CANCEL_CHANNEL":{"bind":"alert-offer-error-cancel","backStep":true},"OC_LOAN_SIMULATE_ERROR_CHANNEL":{"bind":"alert-similate-error-accept"},"register_device":{"bind":"alert-REGISTER-DEVICE-accept"},"modal_logout_automatic":{"bind":"alert-AUTOMATIC-LOGOUT-accept"},"clean_session_expired":{"bind":"session-expired-opened"},"cardless_withdrawal_retry":{"bind":"alert-CARDLESS-WITHDRAWAL-ERROR-accept"},"codiWelcome_ACTIVATE_ENROLLMENT":{"bind":"alert-codi-welcome-accept","link":{"page":"codiRegisterAccountsPage"}},"codiSmsInfo_BACKSTEP":{"bind":"alert-codi-sms-info-cancel","backStep":true},"codiWelcome_BACKSTEP":{"bind":"alert-codi-welcome-cancel","backStep":true},"codiAccountValidation_BACKSTEP":{"bind":"alert-codi-account-validation-cancel","backStep":true},"codiAccountValidation_BACKSTEP_accept":{"bind":"alert-codi-account-validation-accept","forward-to-native":true},"mobile_top_up_retry":{"bind":"alert-MOBILE-TOP-UP-ERROR-accept"},"account_product_link_notification_spei_confirm":{"bind":"alert-SPEI-LINK-WARNING-accept"},"modal_change_user_accept":{"bind":"alert-CHANGE-USER-accept"},"reset_session_expired":{"bind":"session-expired-opened"},"login_reset_user":{"bind":"alert-CHANGE-USER-accept"},"global_atm_locator_welcome_accept":{"bind":"alert-ATM-LOCATOR-WELCOME-accept"},"global_atm_locator_network_error_try":{"bind":"alert-NETWORK-ERROR-accept"},"transfer_feedback_check_show_abandon":{"bind":"alert-EXIT-OPERATIVE-accept"},"global_transfer_error_retry":{"bind":"alert-TRANSFER-ERROR-accept"},"global_bill_payment_retry":{"bind":"alert-BILL-PAYMENT-accept"},"global_personal_loan_offer_retry":{"bind":"alert-PERSONAL-LOAN-OFFER-accept"},"global_reward_operative_do_navigation_external_browser":{"bind":"alert-PROFIT-POINTS-DETAIL-EXTERNAL-WEB-accept"},"global_personal_loan_offer_assistance_retry":{"bind":"alert-PERSONAL-LOAN-OFFER-ASSISTANCE-accept"},"global_increase_credit_card_limit_retry":{"bind":"alert-INCREASE-CREDIT-LIMIT-accept"},"global_efi_cash_retry":{"bind":"alert-EFI-CASH-accept"},"atm_open_native_settings":{"bind":"open-native-settings"},"global_login_error_blocked_user_change_user":{"bind":"change-user"},"global_login_error_blocked_user_call_bbva":{"bind":"open-call-action"},"global_transfer_otp_error_accept":{"bind":"alert-OTP-ERROR-accept"},"global_exit_transfer_otp_not_available":{"bind":"alert-TRANSFER-OTP-NOT-AVAILABLE-ERROR-accept"},"global_login_open_native_settings":{"bind":"alert-NO-CONNECTION-ERROR-accept"},"global_login_exit_app":{"bind":"alert-NO-CONNECTION-ERROR-cancel"},"model_alert_link_clicked":{"bind":"alert-link-clicked"},"pin_request_EXIT_TO_NATIVE":{"bind":"alert-pin-request-exit-accept","backStep":true},"pin_request_ACTIVATE_RETRY_CHANNEL":{"bind":"alert-activate-retry-failure-accept"},"pin_request_call_bbva":{"bind":"call-bbva-line"},"pin_request_ACCEPT_LIMIT_REACHED":{"bind":"alert-activate-limit-reached-accept"},"CP_CONFIRM_UPDATE_PRODS":{"bind":"alert-cp-modal-confirm-accept"},"navigation_configure_products_page_back_request":{"bind":"alert-cp-error-out-accept","backStep":true},"payrollAdvance_rejected_accept":{"bind":"alert-payroll-advance-rejected-accept"},"payrollAdvance_rejected_cancel":{"bind":"alert-payroll-advance-rejected-cancel"},"payrollAdvance_incomplete_accept":{"bind":"alert-payroll-advance-incomplete-accept"},"payrollAdvance_incomplete_cancel":{"bind":"alert-payroll-advance-incomplete-cancel"},"global_opened_modal":{"bind":"opened-changed"},"global_card_generate_terms_error_accept":{"bind":"alert-ERROR-CARD-GENERATE-TERMS-accept"},"payrollAdvance_LOAN_INITIAL_DATA_ERROR_RETRY":{"bind":"alert-payroll-advance-initial-data-error-accept"},"payrollAdvance_LOAN_INITIAL_DATA_ERROR_CANCEL":{"bind":"alert-payroll-advance-initial-data-error-cancel","backStep":true},"payrollAdvance_POST_LOAN_ERROR_RETRY":{"bind":"alert-payroll-advance-post-loan-error-accept"},"payrollPortability_INCORRECT_BIRTHDAY_CHANNEL":{"bind":"incorrect-birthday-cancel","backStep":true},"payrollPortability_CORRECT_BIRTHDAY_NEXT_STEP_CHANNEL":{"bind":"alert-BIRTHDATE_CONFIRMATION-accept"},"send_sms_channel":{"bind":"alert-codi-sms-info-accept","forward-to-native":true},"depositImpositionUpdate_EXIT_CONFIRMATION_ACCEPT":{"bind":"alert-DEPOSIT_IMPOSITION_EXIT-accept","backStep":true},"depositImpositionUpdate_DAY_OF_EXPIRATION_ACCEPT":{"bind":"alert-DEPOSIT_DAY_OF_EXPIRATION-accept","backStep":true},"depositImpositionUpdate_DAY_OF_EXPIRATION_CANCEL":{"bind":"alert-DEPOSIT_DAY_OF_EXPIRATION-cancel","backStep":true},"depositImpositionUpdate_ERROR_OPERATION_IMPOSITION_RETRY_ACCEPT":{"bind":"alert-DEPOSIT_ERROR_OPERATION_IMPOSITION_RETRY-accept"},"depositImpositionUpdate_ERROR_OPERATION_IMPOSITION_RETRY_CANCEL":{"bind":"alert-DEPOSIT_ERROR_OPERATION_IMPOSITION_RETRY-cancel","backStep":true},"depositImpositionUpdate_ERROR_OPERATION_IMPOSITION_EXIT_ACCEPT":{"bind":"alert-DEPOSIT_ERROR_OPERATION_IMPOSITION_EXIT-accept","backStep":true},"depositImpositionUpdate_ERROR_OPERATION_IMPOSITION_EXIT_CANCEL":{"bind":"alert-DEPOSIT_ERROR_OPERATION_IMPOSITION_EXIT-cancel","backStep":true},"depositImpositionUpdate_ERROR_OPERATION_OUT_TIME_ACCEPT":{"bind":"alert-DEPOSIT_ERROR_OPERATION_OUT_TIME-accept","backStep":true},"depositImpositionUpdate_ERROR_OPERATION_OUT_TIME_CANCEL":{"bind":"alert-DEPOSIT_ERROR_OPERATION_OUT_TIME-cancel","backStep":true},"POCKETS_LIST_GET_ERROR_PRIMARY_BUTTON":{"bind":"alert-pockets-get-error-accept","backStep":true},"POCKETS_LIST_GET_NON_BLOCK_ERROR_PRIMARY_BUTTON":{"bind":"alert-pockets-non-blocking-error-accept"},"POCKETS_LIST_GET_ERROR_CLOSE_BUTTON":{"bind":"alert-pockets-non-blocking-error-cancel","backStep":true},"POCKET_MOVEMENT_ERROR_PRIMARY_BUTTON":{"bind":"alert-pocket-movements-accept","backStep":true},"POCKET_MOVEMENT_NON_BLOCK_ERROR_PRIMARY_BUTTON":{"bind":"alert-pocket-movements-non-blocking-error-accept"},"POCKET_MOVEMENT_ERROR_CLOSE_BUTTON":{"bind":"alert-pocket-movements-non-blocking-error-cancel","backStep":true},"POCKET_CREATE_BLOCKING_ERROR_PRIMARY_BUTTON":{"bind":"alert-pocket-create-post-failure-accept"},"POCKET_CREATE_BLOCKING_ERROR_CLOSE_BUTTON":{"bind":"alert-pocket-create-post-failure-non-blocking-error-cancel"},"depositsPurchaseSale_EXIT_CONFIRMATION_ACCEPT":{"bind":"alert-DEPOSIT_IMPOSITION_EXIT-accept","backStep":true},"depositsPurchaseSale_ERROR_MINIMUN_AMOUNT_ACCEPT":{"bind":"alert-DEPOSIT_ERROR_MINIMUN_AMOUNT-accept","backStep":true},"depositsPurchaseSale_ERROR_MINIMUN_AMOUNT_CANCEL":{"bind":"alert-DEPOSIT_ERROR_MINIMUN_AMOUNT-cancel","backStep":true},"depositsPurchaseSale_ERROR_INSUFFICIENT_AMOUNT_ACCEPT":{"bind":"alert-DEPOSIT_ERROR_INSUFFICIENT_AMOUNT-accept"},"depositsPurchaseSale_ERROR_INSUFFICIENT_AMOUNT_CANCEL":{"bind":"alert-DEPOSIT_ERROR_INSUFFICIENT_AMOUNT-cancel","backStep":true},"depositsPurchaseSale_ERROR_OPERATION_SIMULATE_RETRY_ACCEPT":{"bind":"alert-DEPOSIT_ERROR_OPERATION_SIMULATE_RETRY-accept"},"depositsPurchaseSale_ERROR_OPERATION_SIMULATE_RETRY_CANCEL":{"bind":"alert-DEPOSIT_ERROR_OPERATION_SIMULATE_RETRY-cancel","backStep":true},"depositsPurchaseSale_ERROR_OPERATION_SIMULATE_EXIT_ACCEPT":{"bind":"alert-DEPOSIT_ERROR_OPERATION_SIMULATE_EXIT-accept","backStep":true},"depositsPurchaseSale_ERROR_OPERATION_SIMULATE_EXIT_CANCEL":{"bind":"alert-DEPOSIT_ERROR_OPERATION_SIMULATE_EXIT-cancel","backStep":true},"depositsPurchaseSale_ERROR_OPERATION_IMPOSITION_RETRY_ACCEPT":{"bind":"alert-DEPOSIT_ERROR_OPERATION_IMPOSITION_RETRY-accept"},"depositsPurchaseSale_ERROR_OPERATION_IMPOSITION_RETRY_CANCEL":{"bind":"alert-DEPOSIT_ERROR_OPERATION_IMPOSITION_RETRY-cancel","backStep":true},"depositsPurchaseSale_ERROR_OPERATION_IMPOSITION_EXIT_ACCEPT":{"bind":"alert-DEPOSIT_ERROR_OPERATION_IMPOSITION_EXIT-accept","backStep":true},"depositsPurchaseSale_ERROR_OPERATION_IMPOSITION_EXIT_CANCEL":{"bind":"alert-DEPOSIT_ERROR_OPERATION_IMPOSITION_EXIT-cancel","backStep":true},"depositsPurchaseSale_ERROR_OPERATION_OUT_TIME_ACCEPT":{"bind":"alert-DEPOSIT_ERROR_OPERATION_OUT_TIME-accept","backStep":true},"depositsPurchaseSale_ERROR_OPERATION_OUT_TIME_CANCEL":{"bind":"alert-DEPOSIT_ERROR_OPERATION_OUT_TIME-cancel","backStep":true},"fundsWithdrawal_CONFIRM_EXIT":{"bind":"alert-EXIT-fundsWithdrawal-accept","backStep":true},"POCKET_ADD_MONEY_BLOCKING_ERROR_PRIMARY_BUTTON":{"bind":"alert-pocket-add-money-post-error-accept"},"POCKET_ADD_MONEY_BLOCKING_ERROR_CLOSE_BUTTON":{"bind":"alert-pocket-add-money-post-error-non-blocking-error-cancel"},"POCKET_WITHDRAWL_BLOCKING_ERROR_PRIMARY_BUTTON":{"bind":"alert-pocket-money-withdrawl-post-error-accept"},"POCKET_WITHDRAWL_BLOCKING_ERROR_CLOSE_BUTTON":{"bind":"alert-pocket-money-withdrawl-post-error-non-blocking-error-cancel"},"POCKET_UPDATE_BLOCKING_ERROR_PRIMARY_BUTTON":{"bind":"alert-pocket-money-update-post-error-accept"},"POCKET_UPDATE_BLOCKING_ERROR_CLOSE_BUTTON":{"bind":"alert-pocket-money-update-post-error-non-blocking-error-cancel"},"POCKET_DELETE_BLOCKING_ERROR_PRIMARY_BUTTON":{"bind":"alert-pocket-delete-post-failure-accept"},"POCKET_DELETE_BLOCKING_ERROR_CLOSE_BUTTON":{"bind":"alert-pocket-delete-post-failure-non-blocking-error-cancel"},"POCKET_CREATE_PAGE_EXIT_CONFIRMATION":{"bind":"alert-pockets-create-exit-accept"},"POCKET_WITHDRAW_PAGE_EXIT_CONFIRMATION":{"bind":"alert-pockets-withdraw-exit-accept"},"POCKET_ADD_MONEY_PAGE_EXIT_CONFIRMATION":{"bind":"alert-pockets-add-money-exit-accept"},"POCKET_EDIT_PAGE_EXIT_CONFIRMATION":{"bind":"alert-pockets-edit-exit-accept"},"POCKET_DELETE_OPERATION_PAGE_EXIT_CONFIRMATION":{"bind":"alert-pockets-delete-exit-accept"},"POCKET_NO_PAYROLL_OPERATION_PAGE_EXIT_CONFIRMATION":{"bind":"alert-pockets-edit-no-payroll-exit-accept"},"DEPOSIT_HIRING_EXIT_CONFIRMATION_ACCEPT":{"bind":"alert-deposit-hiring-exit-accept","backStep":true},"DEPOSIT_HIRING_ERROR_OPERATION_SIMULATE_RETRY_ACCEPT":{"bind":"alert-deposit-error-operation-simulate-retry-accept"},"DEPOSIT_HIRING_ERROR_OPERATION_SIMULATE_RETRY_CANCEL":{"bind":"alert-deposit-error-operation-simulate-retry-cancel","backStep":true},"DEPOSIT_HIRING_ERROR_OPERATION_SIMULATE_EXIT_ACCEPT":{"bind":"alert-deposit-error-operation-simulate-exit-accept","backStep":true},"DEPOSIT_HIRING_ERROR_OPERATION_SIMULATE_EXIT_CANCEL":{"bind":"alert-deposit-error-operation-simulate-exit-cancel","backStep":true},"DEPOSIT_HIRING_ERROR_OPERATION_HIRING_RETRY_ACCEPT":{"bind":"alert-deposit-error-operation-hiring-retry-accept"},"DEPOSIT_HIRING_ERROR_OPERATION_HIRING_RETRY_CANCEL":{"bind":"alert-deposit-error-operation-hiring-retry-cancel","backStep":true},"DEPOSIT_HIRING_ERROR_OPERATION_HIRING_EXIT_ACCEPT":{"bind":"alert-deposit-error-operation-hiring-exit-accept","backStep":true},"DEPOSIT_HIRING_ERROR_OPERATION_HIRING_EXIT_CANCEL":{"bind":"alert-deposit-error-operation-hiring-exit-cancel","backStep":true},"DEPOSIT_HIRING_ERROR_OPERATION_OUT_TIME_ACCEPT":{"bind":"alert-deposit-error-operation-out-time-accept","backStep":true},"DEPOSIT_HIRING_ERROR_OPERATION_OUT_TIME_CANCEL":{"bind":"alert-deposit-error-operation-out-time-cancel","backStep":true},"DEPOSIT_HIRING_ERROR_REQUIREMENTS_ACCEPT":{"bind":"alert-deposit-hiring-error-requirements-accept","backStep":true},"DEPOSIT_HIRING_ERROR_REQUIREMENTS_CANCEL":{"bind":"alert-deposit-hiring-error-requirements-cancel","backStep":true},"DEPOSIT_HIRING_ERROR_MINIMUM_AMOUNT_ACCEPT":{"bind":"alert-deposit-hiring-error-minimum-amount-accept","backStep":true},"DEPOSIT_HIRING_ERROR_MINIMUM_AMOUNT_CANCEL":{"bind":"alert-deposit-hiring-error-minimum-amount-cancel","backStep":true},"DEPOSIT_HIRING_ERROR_NOT_PARTICIPANTS_ACCEPT":{"bind":"alert-deposit-hiring-error-not-participants-accept","backStep":true},"DEPOSIT_HIRING_ERROR_NOT_PARTICIPANTS_CANCEL":{"bind":"alert-deposit-hiring-error-not-participants-cancel","backStep":true},"DEPOSIT_HIRING_ERROR_NOT_HOLDER_ACCEPT":{"bind":"alert-deposit-hiring-error-not-holder-accept","backStep":true},"DEPOSIT_HIRING_ERROR_NOT_HOLDER_CANCEL":{"bind":"alert-deposit-hiring-error-not-holder-cancel","backStep":true},"DEPOSIT_HIRING_ERROR_NOT_HUNDRED_PERCENT_ACCEPT":{"bind":"alert-deposit-hiring-error-not-hundred-percent-accept","backStep":true},"DEPOSIT_HIRING_ERROR_NOT_HUNDRED_PERCENT_CANCEL":{"bind":"alert-deposit-hiring-error-not-hundred-percent-cancel","backStep":true},"DEPOSIT_HIRING_ERROR_NOT_CONTRACTING_PRODUCT_ACCEPT":{"bind":"alert-deposit-hiring-error-not-contracting-product-accept","backStep":true},"DEPOSIT_HIRING_ERROR_NOT_CONTRACTING_PRODUCT_CANCEL":{"bind":"alert-deposit-hiring-error-not-contracting-product-cancel","backStep":true},"DEPOSIT_HIRING_ERROR_LEVEL_ACCOUNTS_ACCEPT":{"bind":"alert-deposit-hiring-error-level-accounts-accept","backStep":true},"DEPOSIT_HIRING_ERROR_LEVEL_ACCOUNTS_CANCEL":{"bind":"alert-deposit-hiring-error-level-accounts-cancel","backStep":true},"global_mortgage_page_exit_info_channel":{"bind":"alert-MC-LOAN-accept","backStep":true},"global_card_credit_card_payment_exit":{"bind":"alert-EXIT-CARD-CREDIT-CARD-PAYMENT-accept","backStep":true},"global_card_credit_card_payment_retry_own_tranfer":{"bind":"alert-TRANSFER-ERROR-accept"},"global_card_credit_card_payment_cancel_own_tranfer":{"bind":"alert-TRANSFER-ERROR-cancel","backStep":true},"global_card_credit_card_payment_call_own_tranfer":{"bind":"alert-CALL-TRANSFER-ERROR-accept"},"global_card_credit_card_payment_cancel_call_own_tranfer":{"bind":"alert-CALL-TRANSFER-ERROR-cancel","backStep":true},"global_card_credit_card_payment_cancel_header_own_tranfer":{"bind":"alert-TRANSFER-ERROR-CLOSE-HEADER"},"global_card_credit_card_payment_cancel_header_call_own_tranfer":{"bind":"alert-CALL-TRANSFER-ERROR-CLOSE-HEADER"},"global_card_detail_card_activation_error_retry":{"bind":"alert-card-activation-error-accept"},"global_card_detail_card_activation_error_cancel":{"bind":"alert-card-activation-error-cancel"},"global_card_detail_card_activation_error_max_retries_cancel":{"bind":"alert-card-activation-error-max-retries-accept"},"global_card_detail_card_activation_error_max_retries_call":{"bind":"alert-card-activation-error-max-retries-cancel"},"global_card_detail_card_activation_help_off":{"bind":"alert-card-activation-help-off-accept"},"global_card_detail_card_activation_help_on":{"bind":"alert-card-activation-help-on-accept"},"global_alert_card_dynamic_cvv_toggle_change":{"bind":"alert-CARD-DCVV-FROM-TOOGLE-accept"},"global_alert_card_dynamic_cvv_toggle_change_cancel":{"bind":"alert-CARD-DCVV-FROM-TOGGLE-cancel"},"global_alert_card_dynamic_cvv_help_modal_change":{"bind":"alert-CARD-DCVV-FROM-HELP-ICON-accept"},"global_alert_card_dynamic_cvv_help_modal_change_cancel":{"bind":"alert-CARD-DCVV-FROM-HELP-ICON-cancel"},"global_car_loan_page_loan_exit_info_channel":{"bind":"alert-CAR-LOAN-accept","backStep":true},"global_car_loan_page_not_approved":{"bind":"alert-car-loan-proposal-accept","backStep":true},"global_increment_card_limit_exit":{"bind":"alert-EXIT-INCREMENT-CARD-LIMIT-accept","backStep":true},"global_increment_card_limit_init_data_error_accept":{"bind":"alert-INIT-DATA-ERROR-INCREMENT-CARD-LIMIT-accept"},"global_increment_card_limit_init_data_error_cancel":{"bind":"alert-INIT-DATA-ERROR-INCREMENT-CARD-LIMIT-cancel","backStep":true},"global_increment_card_limit_customer_contact_error":{"bind":"alert-CUSTOMER-CONTACT-ERROR-INCREMENT-CARD-LIMIT-accept"},"global_increment_card_limit_put_error":{"bind":"alert-PUT-CARD-LIMIT-ERROR-INCREMENT-CARD-LIMIT-accept"},"global_increment_card_limit_put_error_cancel":{"bind":"alert-PUT-CARD-LIMIT-ERROR-INCREMENT-CARD-LIMIT-cancel"},"global_increment_card_limit_put_error_closed":{"bind":"cells-bottom-modal-backdrop-removed"},"global_increment_card_limit_customer_contact_failed_continue":{"bind":"alert-CUSTOMER-CONTACT-ERROR-INCREMENT-CARD-LIMIT-cancel"},"global_exit_card_interest_simulator_confirm":{"bind":"alert-EXIT-INTEREST-SIMULATOR-accept"},"CREDIT_CARD_HOLDER_PAGE_EXIT_PROCESS":{"bind":"alert-triple-play-offer-cancel","backStep":true,"forward-to-native":true},"CREDIT_CARD_HOLDER_SUCCESS_EXIT_PROCESS":{"bind":"alert-triple-play-offer-payroll-cancel","backStep":true,"forward-to-native":true},"PAPO_TRIPLE_PLAY_CONTINUE_PROCESS":{"bind":"alert-triple-play-offer-payroll-accept","link":{"page":"payrollPortabilityCreatePage","skipHistory":true}},"CCHP_CONTINUE_PROCESS":{"bind":"alert-triple-play-offer-accept","link":{"page":"creditCardHolderPage","skipHistory":true}},"creditCardHolderNotice_EXIT_PROCESS":{"bind":"alert-triple-play-offer-cancel","backStep":true,"forward-to-native":true},"BRANCH_APPOINTMENT_DETAIL_ERROR_RETRY_ACCEP":{"bind":"alert-request-branch-retry-accept"},"BRANCH_APPOINTMENT_DETAIL_ERROR_RETRY_CANCEL":{"bind":"alert-request-branch-retry-cancel","backStep":true},"BRANCH_APPOINTMENT_DETAIL_ERROR_EXIT_ACCEP":{"bind":"alert-request-branch-exit-accept","backStep":true}}}}},{"zone":"app__main","type":"CC","tag":"cells-connection-status","properties":{"statusByPagename":true,"cellsConnections":{"in":{"__bridge_app":{"bind":"setCurrentPage"},"__bridge_evt_template-registered":{"bind":"checkConnectionStatus"}},"out":{"connection_status_depositHiring_offline":{"bind":"cells-connection-status-depositHiring-offline"},"connection_status_depositHiring_online":{"bind":"cells-connection-status-depositHiring-online"}}}}},{"zone":"app__transactional","type":"CC","tag":"cells-sign-operation-modal","properties":{"className":"auto-softoken","clearOnClose":true,"clearPwdIcon":"coronita:close","imgSrc":"images/otp/otp-sms.png","keepOnAccept":true,"resetOnClose":true,"showAppPss":true,"togglePwdIcon":"coronita:visualize","togglePwdIconToggled":"coronita:hide","enableSpinner":true,"cellsConnections":{"in":{"sign_modal_open":{"bind":"openWithSettings"},"sign_modal_signed_status":{"bind":"signed"},"sign_modal_close":{"bind":"close"},"native_back_button_clicked_close_modal":{"bind":"close"},"sign_modal_update_settings":{"bind":"updateSettings"},"sign_modal_close_spinner":{"bind":"closeSpinner"},"global_cells_key_recovery_close_otp_modal_wrong_password":{"bind":"close"},"global_transfer_otp_error_accept":{"bind":"clearInput"},"global_transfer_frequent_operations_otp_error_accept":{"bind":"clearInput"},"global_safe_card_sign_request_error":{"bind":"close"},"global_safe_card_sign_request_fatal":{"bind":"close"},"global_life_health_insurances_sign_request_error":{"bind":"close"},"global_life_health_insurances_sign_request_fatal":{"bind":"close"},"global_deposits_insurances_sign_request_error":{"bind":"close"},"global_additional_card_hiring_api_cards_error_on_get_card_proposals":{"bind":"close"}},"out":{"sign_modal_submit_sign":{"bind":"cells-sign-operation-submit"},"sign_modal_new_sms":{"bind":"cells-sign-operation-get-new-sms"},"sign_modal_cancelled":{"bind":"cells-sign-operation-cancelled"},"close_control_veil":{"bind":"cells-sign-operation-opened"},"cells_to_native_modal_opened":{"bind":"cells-sign-operation-opened","forward-to-native":true},"cells_to_native_modal_closed":{"bind":"cells-sign-operation-cancelled","forward-to-native":true},"sign_modal_close_reset":{"bind":"close"},"global_otp_modal_loaded_analytics":{"bind":"cells-sign-operation-loaded-analytics"}}}}},{"zone":"app__main","type":"CC","tag":"cells-hybrid-session-token","properties":{"cellsConnections":{"in":{"global_tsec_channel":{"bind":"handleToken"},"global_web_token_updated":{"bind":"notifyUpdatedToken"}},"out":{"global_tsec_channel_web_to_native":{"bind":"token-updated"},"dashboard_init_loading":{"bind":"session-token-set"}}}}},{"zone":"app__main","tag":"cells-native-toast-handler","type":"CC","properties":{"cellsConnections":{"in":{"toast_success":{"bind":"success"},"toast_error":{"bind":"error"}},"out":{"global_toast_channel":{"bind":"open-toast","forward-to-native":true}}}}},{"zone":"app__main","tag":"glomo-logout-handler","type":"CC","properties":{"cellsConnections":{"in":{"global_logout_notify_channel":{"bind":"doLogout"}},"out":{}}}},{"zone":"app__main","tag":"cells-mobile-local-storage","type":"CC","properties":{"cellsConnections":{"in":{"global_get_from_storage":{"bind":"get"},"global_set_in_storage":{"bind":"set"},"global_remove_from_storage":{"bind":"remove"}},"out":{}}}}]}