{"hash":"deposit-transaction-detail-mx-","currentPage":{"url":"deposit/:productId/transaction/:transactionId/","params":[]},"template":{"tag":"cells-template-coronita","properties":{"headerFixed":true,"className":"ios-padding","disableEdgeSwipe":true,"preventScrollWithOverlay":true,"extraHeaderClass":"dark-blue-bg","headerHeight":59,"analytics":{"action":"page-view","digitalData":{"page.pageInfo.pageSegment":"Product Transaction Detail","page.pageInfo.url":"/{productType}/:productId/transaction/:transactionId","page.pageInfo.sysEnv":"web-movil","page.pageInfo.language":"ES","page.pageInfo.pageIntent":"informacion","page.pageInfo.channel":"online","user.userState":"logado","user.country":"mx"}}}},"components":[{"zone":"app__overlay","tag":"cells-spinner-veil","properties":{"withMask":true,"size":72,"cellsConnections":{"in":{"open_control_veil":{"bind":"openVeil"},"close_control_veil":{"bind":"closeVeil"},"global_error_tsec_expired":{"bind":"closeVeil"},"OPEN_LOAN_PAYMENTS_VEIL":{"bind":"openVeil"},"CLOSE_LOAN_PAYMENTS_VEIL":{"bind":"closeVeil"},"GAS_RESPONSE_ACCOUNT_STATEMENTS_LIST_ACCOUNTS":{"bind":"closeVeil"},"GAS_RESPONSE_ACCOUNT_STATEMENTS_LIST_CARDS":{"bind":"closeVeil"},"GAS_ERROR_ACCOUNT_STATEMENTS_LIST_ACCOUNTS":{"bind":"closeVeil"},"GAS_ERROR_ACCOUNT_STATEMENTS_LIST_CARDS":{"bind":"closeVeil"},"GAS_RESPONSE_ACCOUNT_STATEMENTS_PDF_CARDS":{"bind":"closeVeil"},"GAS_ERROR_ACCOUNT_STATEMENTS_PDF_CARDS":{"bind":"closeVeil"},"GAS_RESPONSE_ACCOUNT_STATEMENTS_PDF_ACCOUNTS":{"bind":"closeVeil"},"GAS_ERROR_ACCOUNT_STATEMENTS_PDF_ACCOUNTS":{"bind":"closeVeil"},"RESPONSE_ERROR_ACCOUNT_STATEMENTS_PDF_ACCOUNTS":{"bind":"closeVeil"},"RESPONSE_ERROR_ACCOUNT_STATEMENTS_PDF_CARDS":{"bind":"closeVeil"},"CCL_OPEN_CONTROL_VEIL":{"bind":"openVeil"},"ICAP_OPEN_CONTROL_VEIL":{"bind":"openVeil"},"ASSISTANCE_SECTION_INIT_OPEN_SPINNER":{"bind":"openVeil"},"payrollAdvance_GET_OPEN_CONTROL_VEIL":{"bind":"openVeil"},"payrollAdvance_SIMULATE_OPEN_CONTROL_VEIL":{"bind":"openVeil"},"payrollAdvance_POST_OPEN_CONTROL_VEIL":{"bind":"openVeil"},"OTP_SCREEN_CANCEL_CHANNEL":{"bind":"closeVeil"},"CODI_OPEN_CONTROL_VEIL_KEYSOURCE":{"bind":"openVeil"},"CODI_OPEN_CONTROL_VEIL_DECRYPT":{"bind":"openVeil"},"CODI_OPEN_CONTROL_VEIL_VALID":{"bind":"openVeil"},"CCL_CLOSE_CONTROL_VEIL":{"bind":"closeVeil"},"CCL_DOCUMENT_CONTENT_ERROR":{"bind":"closeVeil"},"CCL_DOCUMENT_UNAUTHORIZED_ERROR":{"bind":"closeVeil"},"ICAP_CLOSE_CONTROL_VEIL":{"bind":"closeVeil"},"payrollAdvance_GET_CLOSE_CONTROL_VEIL":{"bind":"closeVeil"},"payrollAdvance_SIMULATE_CLOSE_CONTROL_VEIL":{"bind":"closeVeil"},"payrollAdvance_API_ERROR_CLOSE_CONTROL_VEIL":{"bind":"closeVeil"},"payrollAdvance_DOC_FETCH_FAILURE":{"bind":"closeVeil"},"PAPO_RECEIVE_PORTABILITY_OPEN_CONTROL_VEIL":{"bind":"openVeil"},"payrollPortability_CURRENT_PAYROLL_SEARCH_BUTTON_PRESSED":{"bind":"openVeil"},"PAPO_LISTEN_CURRENT_OPEN_CONTROL_VEIL":{"bind":"openVeil"},"PAPO_SET_ACOUNT_OPEN_CONTROL_VEIL":{"bind":"openVeil"},"PAPO_PORTABILITY_CREATION_OPEN_CONTROL_VEIL":{"bind":"openVeil"},"PAPO_SET_LIST_CLOSE_CONTROL_VEIL":{"bind":"closeVeil"},"payrollPortability_CURRENT_PAYROLL_DATA_HAS_ORDERED":{"bind":"closeVeil"},"PAPO_MANAGE_RECEIVERS_ERROR_CLOSE_CONTROL_VEIL":{"bind":"closeVeil"},"PAPO_OTP_SCREEN_CANCEL_CLOSE_CONTROL_VEIL":{"bind":"closeVeil"},"PAPO_CLEAN_SETTLED_CLOSE_CONTROL_VEIL":{"bind":"closeVeil"},"CALL_ME_BACK_REQUEST_INMEDIATE":{"bind":"openVeil"},"CALL_ME_BACK_REQUEST_SCHEDULE":{"bind":"openVeil"},"CALL_ME_BACK_RESPONSE_LIST":{"bind":"closeVeil"},"CALL_ME_BACK_CLOSE":{"bind":"closeVeil"},"POCKETS_LIST_REQUEST_DATA":{"bind":"openVeil"},"POCKETS_LIST_REQUEST_POCKET_UPDATE":{"bind":"openVeil"},"POCKETS_LIST_DATA_RECEIVED":{"bind":"closeVeil"},"POCKETS_LIST_POCKET_UPDATE_SUCCESS":{"bind":"closeVeil"},"POCKETS_LIST_GET_ERROR":{"bind":"closeVeil"},"POCKETS_LIST_POCKET_UPDATE_ERROR":{"bind":"closeVeil"},"POCKET_EDIT_PATCH_REQUEST":{"bind":"openVeil"},"pocketsCreate_success_channel":{"bind":"closeVeil"},"pin_request_OPEN_CONTROL_VEIN":{"bind":"openVeil"},"pin_request_HIDE_CONTROL_VEIN":{"bind":"closeVeil"},"POCKET_EDIT_PATCH_ERROR":{"bind":"closeVeil"},"POCKETS_LIST_ADD_MONEY_NAVIGATION":{"bind":"openVeil"},"POCKET_ADD_WITHDRAWAL_MONEY_SUCCESS":{"bind":"closeVeil"},"POCKETS_LIST_WITH_DRAWAL_MONEY_NAVIGATION":{"bind":"openVeil"},"POCKET_WITHDRAWAL_MONEY_SUCCESS":{"bind":"closeVeil"},"POCKETS_LIST_DELETE_NAVIGATION":{"bind":"openVeil"},"pocketsDelete_DATA_TO_UI":{"bind":"closeVeil"},"pocket_DATA_TO_UI":{"bind":"closeVeil"},"POCKET_DELETE_SUCCESS":{"bind":"closeVeil"},"POCKETS_MOVEMENT_LIST_NAVIGATION":{"bind":"openVeil"},"POCKET_MOVEMENT_SUCCESS":{"bind":"closeVeil"},"POCKET_POST_CREATE_SPINNER":{"bind":"openVeil"},"POCKET_POST_ADD_MONEY_SPINNER":{"bind":"openVeil"},"POCKET_POST_ADD_MONEY_HIDE_SPINNER":{"bind":"closeVeil"},"POCKET_POST_WITHDRAWAL_SPINNER":{"bind":"openVeil"},"POCKET_POST_DELETE_SPINNER":{"bind":"openVeil"},"pocketsDelete_POST_FAILURE":{"bind":"closeVeil"},"POCKET_POST_DELETE_ERROR":{"bind":"closeVeil"},"POCKET_ACCEPT_BUTTON_CLICKED":{"bind":"openVeil"},"pocket_CREATE_POST_FAILURE":{"bind":"closeVeil"},"pocket_WITHDRAWL_POST_FAILURE":{"bind":"closeVeil"},"pocket_ADD_MONEY_POST_FAILURE":{"bind":"closeVeil"},"pocket_UPDATE_POST_FAILURE":{"bind":"closeVeil"},"MORTGAGE_LOANPAYMENT_OPEN_VEIL":{"bind":"openVeil"},"MORTGAGE_LOANPAYMENT_CLOSE_VEIL":{"bind":"closeVeil"},"CAR_LOANPAYMENT_SHOW_SPINNER_FOOTER":{"bind":"openVeil"},"CAR_LOANPAYMENT_HIDE_SPINNER_INSTALLMENTS":{"bind":"closeVeil"},"UNPROGRAMMED_POCKET_EDIT_PAYLOAD_RECEIVED":{"bind":"closeVeil"},"RESPONSE_HEALTH_DATA":{"bind":"closeVeil"},"RESPONSE_HEALTH_DATA_ERROR":{"bind":"closeVeil"}}}}},{"zone":"app__header","tag":"cells-molecule-header","type":"UI","properties":{"className":"header--dark","leftIcon":"coronita:return-12","titleName":"cells-transaction-detail-deposit-header-title","cellsConnections":{"in":{},"out":{"deposit_navigation_transation_detail_to_continue":{"bind":"click-left-button","backStep":true}}}}},{"zone":"app__main","tag":"cells-handle-life-cycle","type":"UI","properties":{"pageName":"depositTransactionDetail","private":true,"tokenName":"tsec","customInitEvents":{"swipe-menu-enabled":false},"cellsConnections":{"in":{"__bridge_app":{"bind":"navigation"},"__bridge_page_depositTransactionDetail":{"bind":"init"}},"out":{"app_error_access_token":{"bind":"access-token-error"},"deposit_product_transaction_detail_init_page":{"bind":"init-page"},"global_enable_menu_swipe":{"bind":"swipe-menu-enabled","forward-to-native":true}}}}},{"zone":"app__main","type":"UI","tag":"cells-clipboard-manager","properties":{"cellsConnections":{"in":{"deposit_more_info_clipboard_channel":{"bind":"text"}},"out":{"deposit_transaction_detail_clipboard_success":{"bind":"text-copied"},"deposit_transaction_detail_clipboard_error":{"bind":"clipboard-error"}}}}},{"zone":"app__transactional","type":"UI","tag":"cells-bottom-modal-message","properties":{"autoHide":true,"time":3000,"type":"success","fullHeight":false,"cellsConnections":{"in":{"deposittransaction_detail_item_key":{"bind":"open"}},"out":{}}}},{"zone":"app__main","type":"UI","tag":"cells-transaction-detail","properties":{"images":"","localCurrency":"MXN","hideDetail":false,"showStatus":true,"showAlwaysSamePendingImage":false,"showPendingStatusOnly":true,"showClaimsExisting":true,"shareTransaction":true,"className":"depoist-investment-detail","amountClass":"amount-huge","language":"es-MX","cellsConnections":{"in":{"__bridge_page_depositTransactionDetail":{"bind":"init"},"card_Detail_manager_product_id":{"bind":"productId"},"deposit_main_transaction_detail":{"bind":"mainTransaction"},"deposit_product_set_transaction_detail":{"bind":"transaction"},"deposit_navigation_transation_detail_to_continue":{"bind":"reset"},"deposit_transaction_detail_error":{"bind":"errorHandler"},"deposit_claims_existing":{"bind":"claimsExisting"},"deposit_is_claim_received":{"bind":"isClaimReceived"},"deposit_is_claim_available":{"bind":"isClaimAvailable"},"deposit_transaction_detail_clipboard_success":{"bind":"launchKey"}},"out":{"deposit_retry_load_transaction_detail":{"bind":"retry-load-transaction-detail"},"depositstatus_info_clicked":{"bind":"on-click-status-icon"},"deposit_on_click_claim_transaction_icon":{"bind":"on-click-claim-transaction-icon"},"deposit_more_info_clipboard_channel":{"bind":"cells-transaction-detail-copy-button-click"},"deposittransaction_detail_item_key":{"bind":"cells-transaction_detail-info-key"},"deposit_transaction_detail_help_Info":{"bind":"help-icon-tapped"},"deposit_detail_amount":{"bind":"get-amount-value"},"deposit_share_receipt":{"bind":"share-transaction-receipt-capture"},"deposit_on_click_deposit_imposition_update":{"bind":"navigation-to-page"},"open_uri":{"bind":"send-url","forward-to-native":true}}}}},{"zone":"app__main","tag":"cells-mobile-action-launcher","type":"UI","properties":{"cellsConnections":{"in":{"deposit_open_url":{"bind":"openURI"}},"out":{}}}},{"zone":"app__main","tag":"cells-share-generic-receipt","familyPath":"cells-share-operative-receipt","type":"UI","properties":{"country":"mx","language":"es-MX","headerReceipt":true,"unMaskAccount":true,"cellsConnections":{"in":{"deposit_share_receipt":{"bind":"captureReceipt"},"deposit_product_set_transaction_detail":{"bind":"reset"},"deposit_transaction_detail_to_receipt":{"bind":"result"}},"out":{"mobile_manage_operation":{"bind":"receipt-captured","forward-to-native":true},"open_control_veil":{"bind":"open-control-veil"},"close_control_veil":{"bind":"close-control-veil"}}}}},{"zone":"app__main","tag":"glomo-receipt-dm","type":"UI","properties":{"cellsConnections":{"in":{"deposit_set_transaction_detail":{"bind":"sendToReceipt"}},"out":{"deposit_transaction_detail_to_receipt":{"bind":"send-transaction-detail"}}}}},{"zone":"app__main","type":"UI","tag":"glomo-transactions-dm-mx","familyPath":"glomo-transactions-dm","properties":{"host":"https://glomo.bancomermovil.com/SRVS_A02","accountsApiVersion":"0","apiAggregatorApiVersion":"0","cardsApiVersion":"0","claimsApiVersion":"1","depositsApiVersion":"1","claimsWarningCodes":["MPA0348","MPA0340"],"addTransactionsType":false,"productType":"deposit","mask":{"separator":"•","chars":"5"},"concepts":["RETIRO CAJERO AUTOMATICO","PAGO CUENTA DE TERCERO","DEPOSITO DE TERCERO","TRASPASO A TERCEROS","RECARGAS Y PAQUETES BMOV","TRASPASO CUENTAS PROPIAS","BMOVIL.PAGO TDC","DISPOS.EFECTIVO","PAGO TARJETA DE CREDITO","RETIRO SIN TARJETA"],"uncategorized":"UNCATEGORIZED","locale":"MXN","localCurrency":"MXN","requiredToken":"tsec","includeModelSubheaders":true,"transactionDetailByCategory":false,"formatAmountPositive":false,"formatDate":"DD MMMM YYYY, HH:mm:ss [h]","capitalizeTransactionTitle":true,"native":true,"enableClaimSection":true,"cellsConnections":{"in":{"global_get_card_orange_data_success":{"bind":"setDataCard"},"card_Detail_manager_product_id":{"bind":"productId"},"__bridge_page_depositTransactionDetail":{"bind":"initReset"},"global_deposit_transaction_detail":{"bind":"mainTransactionDetail"},"deposit_product_transaction_detail_init_page":{"bind":"initTransactionDetail"},"deposit_retry_load_transaction_detail":{"bind":"getTransactionDetail"},"deposit_navigation_transation_detail_to_continue":{"bind":"reset"},"deposit_on_click_claim_transaction_icon":{"bind":"claimTransaction"},"deposit_transaction_detail_help_Info":{"bind":"_getHelpInfo"},"deposit_on_click_deposit_imposition_update":{"bind":"depositImpositionUpdate"},"depositstatus_info_clicked":{"bind":"_openModalPendingsTransactions"}},"out":{"deposit_product_set_transaction_detail":{"bind":"transaction-detail-changed"},"deposit_transaction_detail_error":{"bind":"error-on-get-account-transaction-detail"},"deposit_main_transaction_detail":{"bind":"main-transaction-detail"},"global_web_token_updated":{"bind":"token-update"},"deposit_claims_existing":{"bind":"claims-existing-changed"},"deposit_is_claim_received":{"bind":"is-claim-received-changed"},"deposit_is_claim_available":{"bind":"is-claim-available-changed"},"deposit_set_transaction_detail":{"bind":"set-transaction-detail"},"deposit_open_transaction_detail_help_modal":{"bind":"open-help-page-alert-modal"},"global_transaction_detail_modal_pendings":{"bind":"cells-transactions-modal-pending"},"show_clarifications_management_channel":{"bind":"claim-transaction","link":{"page":"clarificationsManagementPage"}},"navigation_product_transaction_to_deposit_imposition_update":{"bind":"navigation-product-transaction-to-deposit-imposition-update","link":{"page":"depositImpositionUpdate"}}},"params":{"productId":"productId","transactionId":"transactionId"}},"depositDetailDateFormat":"D MMMM YYYY","depositDetailReinvest":"cells-transaction-detail-deposit-investment-reinvest-label","depositDetailCreditAccount":"cells-transaction-detail-deposit-investment-credit-in-account-label","depositDetailOther":"cells-transaction-detail-deposit-investment-other-label","depositDetailDaysLabel":"cells-transaction-detail-investment-deposit-days-label"}},{"zone":"app__transactional","type":"UI","tag":"cells-modal-alert","properties":{"type":"info","icon":"coronita:info","content":"cells-modal-pending-transaction","closeOnButtonClick":true,"firstButtonLabel":"cells-modal-alert-understood","cellsConnections":{"in":{"depositstatus_info_clicked":{"bind":"open"}},"out":{}}}},{"zone":"app__main","type":"CC","tag":"glomo-adtm-analytics","properties":{"native":true,"analyticsLibSrc":"https://assets.adobedtm.com/95bb966a4c61b200a089c37679aaf96e22114787/satelliteLib-d0e3030220638b22c533bac481790e8952ae0bf4.js","pageInstanceID":"pro","cellsConnections":{"in":{"__bridge_app":{"bind":"init"},"global_cache_channel":{"bind":"globalCacheStorage"}}}}},{"zone":"app__main","type":"CC","tag":"glomo-access-manager","properties":{"avoidCheckSessionExpired":true,"avoidCheckOffers":true,"cellsConnections":{"in":{"register_device":{"bind":"registerDevice"},"global_login_success":{"bind":"checkForRegisterDevice"},"modal_change_user_accept":{"bind":"cleanUserInfo"},"session_timeout_expired":{"bind":"setSessionExpiredState"},"reset_session_expired":{"bind":"cleanSessionExpiredState"},"global_navigation_to_atms":{"bind":"checkFirstTimeAtmLocator"},"global_atm_locator_welcome_accept":{"bind":"setFirstTimeAtmLocator"},"global_campaigns_position_get_closed_offers":{"bind":"getClosedOffers"},"global_dashboard_oc_banner_close":{"bind":"setOfferAsClosed"},"global_logout_success":{"bind":"logoutSuccess"},"global_login_error_blocked_user_change_user":{"bind":"cleanUserInfo"}},"out":{"user_cached":{"bind":"user-cached-changed"},"session_expired_message":{"bind":"open-session-expired-message"},"global_atm_locator_not_first_time":{"bind":"atm-locator-not-first-time","link":{"page":"atmLocator"}},"global_atm_locator_first_time":{"bind":"atm-locator-first-time"},"global_campaigns_closed_offers":{"bind":"campaigns-closed-offers"}}}}},{"zone":"app__transactional","type":"CC","tag":"glomo-alert-manager","properties":{"phoneNumber":"+51015950000","native":true,"cellsConnections":{"in":{"global_alert_modal_close":{"bind":"close"},"global_error_tsec_expired":{"bind":"openTsecExpiredError"},"cardlessWithdrawalOperation_SUCCESS_PAGE_CHANNEL":{"bind":"openWithSettings"},"cardlessWithdrawalOperation_ERROR_QR_PAGE_CHANNEL":{"bind":"openWithSettings"},"cardlessWithdrawalOperation_NO_CARDLESS_WITHDRAWAL_CHANNEL":{"bind":"openWithSettings"},"confirm_logout_automatic_message":{"bind":"toggleAutomaticLogout"},"cardless_withdrawal_error":{"bind":"openCardlessWithdrawalWrong"},"mobile_top_up_error_response":{"bind":"openMobileTopUpWrong"},"account_product_link_notification_spei":{"bind":"openSpeiLinkWarning"},"login_change_user":{"bind":"openChangeUser"},"login_error":{"bind":"openDataError"},"customers_error":{"bind":"openWithSettings"},"session_expired_message":{"bind":"openSessionExpired"},"credit_card_payment_open_modal_info_min_amount":{"bind":"minimumAmountPayment"},"credit_card_payment_open_modal_info_min_amount_interest":{"bind":"minimumAmountToAvoidInterest"},"credit_card_payment_open_modal_info_last_period_amount":{"bind":"totalAmountPayment"},"credit_card_payment_error":{"bind":"openCreditCardPaymentWrong"},"card_product_detail_error_patch_activations":{"bind":"openCardDetailPatchActivationError"},"cardless_withdrawal_detail_open_modal_status":{"bind":"openRenewKeyTransaction"},"cardless_withdrawal_detail_resend_number_transaction_error":{"bind":"openRenewKeyTransactionError"},"profile_change_email_set_email_error":{"bind":"openServiceError"},"cardless_withdrawal_historic_error":{"bind":"openCardlessWithdrawalHistoricError"},"global_atm_locator_first_time":{"bind":"openAtmLocatorWelcome"},"global_change_password_default_error":{"bind":"openChangePasswordDefaultError"},"global_change_password_used_before":{"bind":"openChangePasswordUsedBefore"},"global_change_password_tried_error":{"bind":"openChangePasswordTriedError"},"global_atm_locator_pois_retrieved_error":{"bind":"openWithSettings"},"global_atm_locator_location_permission_denied":{"bind":"locationPermissionDenied"},"card_activations_open_switch_info_modal":{"bind":"openCardSwitchInfo"},"card_activations_open_ecomerce_activation":{"bind":"openEcomerceActivation"},"card_activations_open_foreign_purchases_activation":{"bind":"openForeignPurchasesActivation"},"card_activations_open_cashwithdrawal_activation":{"bind":"openCashwithdrawalActivation"},"global_edit_alias_offline_error":{"bind":"openNetworkError"},"loan_offer_requested_assistance_call_success":{"bind":"openLoanOfferAssistanceCall"},"global_exit_operative":{"bind":"openExitOperative"},"global_open_transfer_error":{"bind":"openTransferError"},"global_open_bill_payment_error":{"bind":"openBillPaymentError"},"global_open_profile_info_bottom_modal":{"bind":"openBottomModalProfileInfo"},"global_open_personal_loan_offer_bottom_modal":{"bind":"openLoanOfferError"},"global_open_personal_loan_offer_assistance_bottom_modal":{"bind":"openLoanOfferAssistanceError"},"global_open_increase_credit_card_limit_bottom_modal":{"bind":"openIncreaseCreditLimitError"},"global_efi_cash_bottom_modal":{"bind":"openEfiCashError"},"global_card_info_bottom_modal":{"bind":"openWithSettings"},"global_service_data_info_bottom_modal":{"bind":"openServiceDataInfo"},"global_transfer_summary_open_exchange_rate":{"bind":"openExchangeRateInfo"},"global_transfer_repeated_error_magic_query":{"bind":"openWithSettings"},"global_card_payment_data_help":{"bind":"openProductDetailCreditCards"},"global_transfer_wrong_second_factor":{"bind":"openWithSettings"},"transfer_otp_not_available_error":{"bind":"openWithSettings"},"global_hanlder_native_back_button":{"bind":"handleNativeBackButton"},"global_transfer_close_full_error_modal":{"bind":"close"},"credit_card_upgrade_help_Info":{"bind":"openWithSettings"},"credit_card_upgrade_error_modal":{"bind":"openWithSettings"},"payrollAdvance_POST_LOAN_DECLINED_CHANNEL":{"bind":"openWithSettings"},"payrollAdvance_POST_LOAN_INCOMPLETE_CHANNEL":{"bind":"openWithSettings"},"payrollAdvance_ALERT_MODAL_CHANNEL":{"bind":"openWithSettings"},"payrollAdvance_LOAN_INITIAL_DATA_ERROR_MODAL":{"bind":"openWithSettings"},"payrollAdvance_LOAN_SIMULATE_DATA_ERROR_MODAL":{"bind":"openWithSettings"},"payrollAdvance_POST_LOAN_ERROR_MODAL":{"bind":"openWithSettings"},"pocket_CREATE_HELP_MODAL":{"bind":"openWithSettings"},"POCKETS_LIST_GET_ERROR":{"bind":"openWithSettings"},"pocket_CREATE_POST_FAILURE":{"bind":"openWithSettings"},"pocket_ADD_MONEY_POST_FAILURE":{"bind":"openWithSettings"},"pocket_WITHDRAWL_POST_FAILURE":{"bind":"openWithSettings"},"pocket_UPDATE_POST_FAILURE":{"bind":"openWithSettings"},"pocketsDelete_POST_FAILURE":{"bind":"openWithSettings"},"POCKET_POST_DELETE_ERROR":{"bind":"openWithSettings"},"global_glomo_signature_open_modal_error":{"bind":"openWithSettings"},"CARLOAN_OFFER_ERROR_CHANNEL":{"bind":"openWithSettings"},"CARLOAN_SIMULATE_ERROR_CHANNEL":{"bind":"openWithSettings"},"CARLOAN_EXIT_INFO_CHANNEL":{"bind":"openWithSettings"},"CARLOAN_HELP_INFO_CHANNEL":{"bind":"openWithSettings"},"CP_INFO_MODAL":{"bind":"openWithSettings"},"CP_ERROR_MODAL":{"bind":"openWithSettings"},"CP_MODAL_CONFIRM_HIDE_EQUITY":{"bind":"openWithSettings"},"pin_request_OPEN_EXIT_MODAL":{"bind":"openWithSettings"},"pin_request_WRONG_CVV_MODAL_ERROR":{"bind":"openWithSettings"},"pin_request_OPEN_ACTIVATE_ERROR_MODAL":{"bind":"openWithSettings"},"pin_request_PIN_HELP_MODAL":{"bind":"openWithSettings"},"codiWelcome_SET_DATA_INFO_WELCOME_PAGE_CHANNEL":{"bind":"openWithSettings"},"codiSmsInfo_SET_DATA_INFO_SMS_PAGE_CHANNEL":{"bind":"openWithSettings"},"codiAccountValidation_SET_DATA_CODI_ACCOUNT_VALIDATION_PAGE_CHANNEL":{"bind":"openWithSettings"},"MORTGAGE_HELP_INFO_CHANNEL":{"bind":"openWithSettings"},"MORTGAGE_OFFER_ERROR_CHANNEL":{"bind":"openWithSettings"},"MORTGAGE_SIMULATE_ERROR_CHANNEL":{"bind":"openWithSettings"},"MORTGAGE_EXIT_INFO_CHANNEL":{"bind":"openWithSettings"},"OC_LOAN_HELP_INFO_BACKSTEP_CHANNEL":{"bind":"close"},"OC_LOAN_HELP_INFO_CANCEL_CHANNEL":{"bind":"close"},"OC_LOAN_EXIT_INFO_BACKSTEP_CHANNEL":{"bind":"close"},"OC_LOAN_OFFER_ERROR_CHANNEL":{"bind":"close"},"OC_LOAN_SIMULATE_ERROR_CHANNEL":{"bind":"close"},"OC_LOAN_EXIT_INFO_CANCEL_CHANNEL":{"bind":"close"},"OC_LOAN_OFFER_ERROR_CANCEL_CHANNEL":{"bind":"close"},"CCHP_HELP_INFO_CHANNEL":{"bind":"openWithSettings"},"PCP_HELP_INFO_CHANNEL":{"bind":"openWithSettings"},"PEP_HELP_INFO_CHANNEL":{"bind":"openWithSettings"},"connection_status_login_offline":{"bind":"openNoConnectionError"},"connection_status_login_online":{"bind":"close"},"global_alert_generation_card_error":{"bind":"openWithSettings"},"global_cardGenerateTerms_close_error_modal":{"bind":"close"},"CCL_DOCUMENT_CONTENT_ERROR":{"bind":"openWithSettings"},"CALL_ME_BACK_SUCCESS":{"bind":"openWithSettings"},"CALL_ME_BACK_ALREADY":{"bind":"openWithSettings"},"POCKET_MOVEMENT_ERROR_MODAL_PAYLOAD":{"bind":"openWithSettings"},"deposit_open_transaction_detail_help_modal":{"bind":"openWithSettings"},"payrollPortability_BIRTHDAY_CONFIRMATION_MODAL":{"bind":"openWithSettings"},"payrollPortability_INCORRECT_BIRTHDAY_CHANNEL":{"bind":"close"},"payrollPortability_CORRECT_BIRTHDAY_NEXT_STEP_CHANNEL":{"bind":"close"},"depositImpositionUpdate_EXIT_CONFIRMATION":{"bind":"openWithSettings"},"depositImpositionUpdate_INFO_INSTRUCTION":{"bind":"openWithSettings"},"depositImpositionUpdate_DAY_OF_EXPIRATION":{"bind":"openWithSettings"},"depositImpositionUpdate_ERROR_OPERATION_IMPOSITION_RETRY":{"bind":"openWithSettings"},"depositImpositionUpdate_ERROR_OPERATION_IMPOSITION_EXIT":{"bind":"openWithSettings"},"depositImpositionUpdate_ERROR_OPERATION_OUT_TIME":{"bind":"openWithSettings"},"depositsPurchaseSale_EXIT_CONFIRMATION":{"bind":"openWithSettings"},"depositsPurchaseSale_INFO_SIMULATOR":{"bind":"openWithSettings"},"depositsPurchaseSale_INFO_INSTRUCTION":{"bind":"openWithSettings"},"depositsPurchaseSale_ERROR_MINIMUN_AMOUNT":{"bind":"openWithSettings"},"depositsPurchaseSale_ERROR_INSUFFICIENT_AMOUNT":{"bind":"openWithSettings"},"depositsPurchaseSale_ERROR_OPERATION_SIMULATE_RETRY":{"bind":"openWithSettings"},"depositsPurchaseSale_ERROR_OPERATION_SIMULATE_EXIT":{"bind":"openWithSettings"},"depositsPurchaseSale_ERROR_OPERATION_IMPOSITION_RETRY":{"bind":"openWithSettings"},"depositsPurchaseSale_ERROR_OPERATION_IMPOSITION_EXIT":{"bind":"openWithSettings"},"depositsPurchaseSale_ERROR_OPERATION_OUT_TIME":{"bind":"openWithSettings"},"depositsPurchaseSaleSuccess_INFO_IPAB":{"bind":"openWithSettings"},"POCKET_CREATE_PAGE_EXIT_WARNING":{"bind":"openWithSettings"},"POCKET_EDIT_PAGE_EXIT_WARNING":{"bind":"openWithSettings"},"POCKET_ADD_MONEY_PAGE_EXIT_WARNING":{"bind":"openWithSettings"},"POCKET_WITHDRAW_PAGE_EXIT_WARNING":{"bind":"openWithSettings"},"POCKET_DELETE_OPERATION_PAGE_EXIT_WARNING":{"bind":"openWithSettings"},"POCKET_NO_PAYROLL_OPERATION_PAGE_EXIT_WARNING":{"bind":"openWithSettings"},"global_profit_points_detail_modal_help":{"bind":"openWithSettings"},"DEPOSIT_HIRING_EXIT_CONFIRMATION":{"bind":"openWithSettings"},"DEPOSIT_HIRING_ERROR_OPERATION_SIMULATE_RETRY":{"bind":"openWithSettings"},"DEPOSIT_HIRING_ERROR_OPERATION_SIMULATE_EXIT":{"bind":"openWithSettings"},"DEPOSIT_HIRING_ERROR_OPERATION_HIRING_RETRY":{"bind":"openWithSettings"},"DEPOSIT_HIRING_ERROR_OPERATION_HIRING_EXIT":{"bind":"openWithSettings"},"DEPOSIT_HIRING_ERROR_OPERATION_OUT_TIME":{"bind":"openWithSettings"},"DEPOSIT_HIRING_INFO_SIMULATOR":{"bind":"openWithSettings"},"DEPOSIT_HIRING_INFO_INSTRUCTION":{"bind":"openWithSettings"},"DEPOSIT_HIRING_ERROR_REQUIREMENTS":{"bind":"openWithSettings"},"DEPOSIT_HIRING_ERROR_MINIMUM_AMOUNT":{"bind":"openWithSettings"},"DEPOSIT_HIRING_ERROR_NOT_PARTICIPANTS":{"bind":"openWithSettings"},"DEPOSIT_HIRING_ERROR_NOT_HOLDER":{"bind":"openWithSettings"},"DEPOSIT_HIRING_ERROR_NOT_HUNDRED_PERCENT":{"bind":"openWithSettings"},"DEPOSIT_HIRING_ERROR_NOT_CONTRACTING_PRODUCT":{"bind":"openWithSettings"},"DEPOSIT_HIRING_ERROR_LEVEL_ACCOUNTS":{"bind":"openWithSettings"},"DEPOSIT_HIRING_INFO_IPAB":{"bind":"openWithSettings"},"FUND_FUNDS_ERROR_ON_GET_FUND_DETAIL":{"bind":"openWithSettings"},"global_mortgage_page_send_modal":{"bind":"openWithSettings"},"global_mortgage_page_send_simulate_error":{"bind":"openWithSettings"},"global_mortgage_page_open_modal_exit":{"bind":"openWithSettings"},"global_mortgage_page_exit_info_channel":{"bind":"close"},"global_mortgage_page_offer_error_channel":{"bind":"openWithSettings"},"global_card_orange_over_draft_modal":{"bind":"openWithSettings"},"global_card_detail_open_activation_error":{"bind":"openWithSettings"},"global_card_detail_open_card_activation_help":{"bind":"openWithSettings"},"global_card_detail_open_payment_details_help":{"bind":"openWithSettings"},"MC_SEND_MODAL_CONDITIONS":{"bind":"openWithSettings"},"global_mortgage_page_send_modal_conditios":{"bind":"openWithSettings"},"global_mortgage_page_send_modal_terms":{"bind":"openWithSettings"},"global_glomo_card_activations_first_access":{"bind":"openWithSettings"},"bbva_manager_card_dynamic_cvv_error":{"bind":"openWithSettings"},"global_card_credit_card_payment_show_close_confirm":{"bind":"openWithSettings"},"global_card_credit_card_payment_own_tranfer_error":{"bind":"openWithSettings"},"GLOBAL_TERMS_AND_CONDITIONS_ERROR_MODAL":{"bind":"openWithSettings"},"global_car_loan_page_open_modal_exit":{"bind":"openWithSettings"},"global_car_loan_page_loan_exit_info_channel":{"bind":"close"},"global_car_loan_page_send_modal":{"bind":"openWithSettings"},"global_car_loan_page_send_modal_terms":{"bind":"openWithSettings"},"global_car_loan_page_open_modal_not_approved":{"bind":"openWithSettings"},"global_car_loan_page_error_offer":{"bind":"openWithSettings"},"global_card_increment_open_modal_confirm":{"bind":"openWithSettings"},"global_profit_points_detail_mid_modal_external_web":{"bind":"openWithSettings"},"global_exit_interest_simulator_modal":{"bind":"openWithSettings"},"global_more_info_interest_simulator_modal":{"bind":"openWithSettings"},"global_transactions_list_modal_info_card":{"bind":"openWithSettings"},"global_transaction_detail_modal_pendings":{"bind":"openWithSettings"},"CCSP_OPEN_CONFIRM_EXIT_MODAL":{"bind":"openWithSettings"},"CCHP_SHOW_MODAL_CONFIRM_EXIT_OFFER":{"bind":"openWithSettings"},"creditCardHolderNotice_PENDING_OFFER_INFO":{"bind":"openWithSettings"},"MC_MEDIA_MODAL_CONFIG_CHANNEL":{"bind":"openWithSettings"},"BRANCH_APPOINTMENT_DETAIL_OPEN_MODAL_ERROR_RETRY":{"bind":"openWithSettings"},"BRANCH_APPOINTMENT_DETAIL_OPEN_MODAL_ERROR_EXIT":{"bind":"openWithSettings"},"EA_OPEN_MODAL_ONBOARDING_CHANNEL":{"bind":"openWithSettings"},"global_error_wrong_access_key":{"bind":"openAccessPasswordWrong"},"global_error_user_blocked_cause_retrials":{"bind":"openBlockedCauseRetrials"},"global_error_wrong_otp_sms":{"bind":"openOtpSmsWrong"}},"out":{"EA_HIDE_ONBOARDING_CH":{"bind":"alert-OPERATIONAL-ONBOARDING-INFO-accept"},"MC_SHOW_MODAL_ACCEPT_DELETE_CH":{"bind":"alert-conversation-delete-error-media-accept"},"generic_fwd_to_native_logout":{"bind":"alert-tsec-expired-accept","forward-to-native":true},"cardlessWithdrawalSuccess_ACCEPT":{"bind":"alert-cardless-withdrawal-success-accept","backStep":true},"cardlessWithdrawalSuccess_BACKSTEP":{"bind":"alert-cardless-withdrawal-success-cancel","backStep":true},"cardlessWithdrawalErrorQr_ACCEPT":{"bind":"alert-cardless-withdrawal-error-qr-accept","backStep":true},"cardlessWithdrawalErrorQr_BACKSTEP":{"bind":"alert-cardless-withdrawal-error-qr-cancel","backStep":true},"noCardlessWithdrawalErrorTechnical_ACCEPT":{"bind":"alert-no-cardless-withdrawal-error-technical-accept","backStep":true},"noCardlessWithdrawalErrorTechnical_BACKSTEP":{"bind":"alert-no-cardless-withdrawal-error-technical-cancel","backStep":true},"OC_LOAN_HELP_INFO_BACKSTEP_CHANNEL":{"bind":"alert-HELP-INFO-accept"},"OC_LOAN_HELP_INFO_CANCEL_CHANNEL":{"bind":"cancel"},"OC_LOAN_EXIT_INFO_BACKSTEP_CHANNEL":{"bind":"alert-OC-LOAN-accept","backStep":true},"OC_LOAN_EXIT_INFO_CANCEL_CHANNEL":{"bind":"alert-OC-LOAN-cancel"},"OC_LOAN_OFFER_ERROR_CHANNEL":{"bind":"alert-offer-error-accept","backStep":true},"OC_LOAN_OFFER_ERROR_CANCEL_CHANNEL":{"bind":"alert-offer-error-cancel","backStep":true},"OC_LOAN_SIMULATE_ERROR_CHANNEL":{"bind":"alert-similate-error-accept"},"register_device":{"bind":"alert-REGISTER-DEVICE-accept"},"modal_logout_automatic":{"bind":"alert-AUTOMATIC-LOGOUT-accept"},"clean_session_expired":{"bind":"session-expired-opened"},"cardless_withdrawal_retry":{"bind":"alert-CARDLESS-WITHDRAWAL-ERROR-accept"},"codiWelcome_ACTIVATE_ENROLLMENT":{"bind":"alert-codi-welcome-accept","link":{"page":"codiRegisterAccountsPage"}},"codiSmsInfo_BACKSTEP":{"bind":"alert-codi-sms-info-cancel","backStep":true},"codiWelcome_BACKSTEP":{"bind":"alert-codi-welcome-cancel","backStep":true},"codiAccountValidation_BACKSTEP":{"bind":"alert-codi-account-validation-cancel","backStep":true},"codiAccountValidation_BACKSTEP_accept":{"bind":"alert-codi-account-validation-accept","forward-to-native":true},"mobile_top_up_retry":{"bind":"alert-MOBILE-TOP-UP-ERROR-accept"},"account_product_link_notification_spei_confirm":{"bind":"alert-SPEI-LINK-WARNING-accept"},"modal_change_user_accept":{"bind":"alert-CHANGE-USER-accept"},"reset_session_expired":{"bind":"session-expired-opened"},"login_reset_user":{"bind":"alert-CHANGE-USER-accept"},"global_atm_locator_welcome_accept":{"bind":"alert-ATM-LOCATOR-WELCOME-accept"},"global_atm_locator_network_error_try":{"bind":"alert-NETWORK-ERROR-accept"},"transfer_feedback_check_show_abandon":{"bind":"alert-EXIT-OPERATIVE-accept"},"global_transfer_error_retry":{"bind":"alert-TRANSFER-ERROR-accept"},"global_bill_payment_retry":{"bind":"alert-BILL-PAYMENT-accept"},"global_personal_loan_offer_retry":{"bind":"alert-PERSONAL-LOAN-OFFER-accept"},"global_reward_operative_do_navigation_external_browser":{"bind":"alert-PROFIT-POINTS-DETAIL-EXTERNAL-WEB-accept"},"global_personal_loan_offer_assistance_retry":{"bind":"alert-PERSONAL-LOAN-OFFER-ASSISTANCE-accept"},"global_increase_credit_card_limit_retry":{"bind":"alert-INCREASE-CREDIT-LIMIT-accept"},"global_efi_cash_retry":{"bind":"alert-EFI-CASH-accept"},"atm_open_native_settings":{"bind":"open-native-settings"},"global_login_error_blocked_user_change_user":{"bind":"change-user"},"global_login_error_blocked_user_call_bbva":{"bind":"open-call-action"},"global_transfer_otp_error_accept":{"bind":"alert-OTP-ERROR-accept"},"global_exit_transfer_otp_not_available":{"bind":"alert-TRANSFER-OTP-NOT-AVAILABLE-ERROR-accept"},"global_login_open_native_settings":{"bind":"alert-NO-CONNECTION-ERROR-accept"},"global_login_exit_app":{"bind":"alert-NO-CONNECTION-ERROR-cancel"},"model_alert_link_clicked":{"bind":"alert-link-clicked"},"pin_request_EXIT_TO_NATIVE":{"bind":"alert-pin-request-exit-accept","backStep":true},"pin_request_ACTIVATE_RETRY_CHANNEL":{"bind":"alert-activate-retry-failure-accept"},"pin_request_call_bbva":{"bind":"call-bbva-line"},"pin_request_ACCEPT_LIMIT_REACHED":{"bind":"alert-activate-limit-reached-accept"},"CP_CONFIRM_UPDATE_PRODS":{"bind":"alert-cp-modal-confirm-accept"},"navigation_configure_products_page_back_request":{"bind":"alert-cp-error-out-accept","backStep":true},"payrollAdvance_rejected_accept":{"bind":"alert-payroll-advance-rejected-accept"},"payrollAdvance_rejected_cancel":{"bind":"alert-payroll-advance-rejected-cancel"},"payrollAdvance_incomplete_accept":{"bind":"alert-payroll-advance-incomplete-accept"},"payrollAdvance_incomplete_cancel":{"bind":"alert-payroll-advance-incomplete-cancel"},"global_opened_modal":{"bind":"opened-changed"},"global_card_generate_terms_error_accept":{"bind":"alert-ERROR-CARD-GENERATE-TERMS-accept"},"payrollAdvance_LOAN_INITIAL_DATA_ERROR_RETRY":{"bind":"alert-payroll-advance-initial-data-error-accept"},"payrollAdvance_LOAN_INITIAL_DATA_ERROR_CANCEL":{"bind":"alert-payroll-advance-initial-data-error-cancel","backStep":true},"payrollAdvance_POST_LOAN_ERROR_RETRY":{"bind":"alert-payroll-advance-post-loan-error-accept"},"payrollPortability_INCORRECT_BIRTHDAY_CHANNEL":{"bind":"incorrect-birthday-cancel","backStep":true},"payrollPortability_CORRECT_BIRTHDAY_NEXT_STEP_CHANNEL":{"bind":"alert-BIRTHDATE_CONFIRMATION-accept"},"send_sms_channel":{"bind":"alert-codi-sms-info-accept","forward-to-native":true},"depositImpositionUpdate_EXIT_CONFIRMATION_ACCEPT":{"bind":"alert-DEPOSIT_IMPOSITION_EXIT-accept","backStep":true},"depositImpositionUpdate_DAY_OF_EXPIRATION_ACCEPT":{"bind":"alert-DEPOSIT_DAY_OF_EXPIRATION-accept","backStep":true},"depositImpositionUpdate_DAY_OF_EXPIRATION_CANCEL":{"bind":"alert-DEPOSIT_DAY_OF_EXPIRATION-cancel","backStep":true},"depositImpositionUpdate_ERROR_OPERATION_IMPOSITION_RETRY_ACCEPT":{"bind":"alert-DEPOSIT_ERROR_OPERATION_IMPOSITION_RETRY-accept"},"depositImpositionUpdate_ERROR_OPERATION_IMPOSITION_RETRY_CANCEL":{"bind":"alert-DEPOSIT_ERROR_OPERATION_IMPOSITION_RETRY-cancel","backStep":true},"depositImpositionUpdate_ERROR_OPERATION_IMPOSITION_EXIT_ACCEPT":{"bind":"alert-DEPOSIT_ERROR_OPERATION_IMPOSITION_EXIT-accept","backStep":true},"depositImpositionUpdate_ERROR_OPERATION_IMPOSITION_EXIT_CANCEL":{"bind":"alert-DEPOSIT_ERROR_OPERATION_IMPOSITION_EXIT-cancel","backStep":true},"depositImpositionUpdate_ERROR_OPERATION_OUT_TIME_ACCEPT":{"bind":"alert-DEPOSIT_ERROR_OPERATION_OUT_TIME-accept","backStep":true},"depositImpositionUpdate_ERROR_OPERATION_OUT_TIME_CANCEL":{"bind":"alert-DEPOSIT_ERROR_OPERATION_OUT_TIME-cancel","backStep":true},"POCKETS_LIST_GET_ERROR_PRIMARY_BUTTON":{"bind":"alert-pockets-get-error-accept","backStep":true},"POCKETS_LIST_GET_NON_BLOCK_ERROR_PRIMARY_BUTTON":{"bind":"alert-pockets-non-blocking-error-accept"},"POCKETS_LIST_GET_ERROR_CLOSE_BUTTON":{"bind":"alert-pockets-non-blocking-error-cancel","backStep":true},"POCKET_MOVEMENT_ERROR_PRIMARY_BUTTON":{"bind":"alert-pocket-movements-accept","backStep":true},"POCKET_MOVEMENT_NON_BLOCK_ERROR_PRIMARY_BUTTON":{"bind":"alert-pocket-movements-non-blocking-error-accept"},"POCKET_MOVEMENT_ERROR_CLOSE_BUTTON":{"bind":"alert-pocket-movements-non-blocking-error-cancel","backStep":true},"POCKET_CREATE_BLOCKING_ERROR_PRIMARY_BUTTON":{"bind":"alert-pocket-create-post-failure-accept"},"POCKET_CREATE_BLOCKING_ERROR_CLOSE_BUTTON":{"bind":"alert-pocket-create-post-failure-non-blocking-error-cancel"},"depositsPurchaseSale_EXIT_CONFIRMATION_ACCEPT":{"bind":"alert-DEPOSIT_IMPOSITION_EXIT-accept","backStep":true},"depositsPurchaseSale_ERROR_MINIMUN_AMOUNT_ACCEPT":{"bind":"alert-DEPOSIT_ERROR_MINIMUN_AMOUNT-accept","backStep":true},"depositsPurchaseSale_ERROR_MINIMUN_AMOUNT_CANCEL":{"bind":"alert-DEPOSIT_ERROR_MINIMUN_AMOUNT-cancel","backStep":true},"depositsPurchaseSale_ERROR_INSUFFICIENT_AMOUNT_ACCEPT":{"bind":"alert-DEPOSIT_ERROR_INSUFFICIENT_AMOUNT-accept"},"depositsPurchaseSale_ERROR_INSUFFICIENT_AMOUNT_CANCEL":{"bind":"alert-DEPOSIT_ERROR_INSUFFICIENT_AMOUNT-cancel","backStep":true},"depositsPurchaseSale_ERROR_OPERATION_SIMULATE_RETRY_ACCEPT":{"bind":"alert-DEPOSIT_ERROR_OPERATION_SIMULATE_RETRY-accept"},"depositsPurchaseSale_ERROR_OPERATION_SIMULATE_RETRY_CANCEL":{"bind":"alert-DEPOSIT_ERROR_OPERATION_SIMULATE_RETRY-cancel","backStep":true},"depositsPurchaseSale_ERROR_OPERATION_SIMULATE_EXIT_ACCEPT":{"bind":"alert-DEPOSIT_ERROR_OPERATION_SIMULATE_EXIT-accept","backStep":true},"depositsPurchaseSale_ERROR_OPERATION_SIMULATE_EXIT_CANCEL":{"bind":"alert-DEPOSIT_ERROR_OPERATION_SIMULATE_EXIT-cancel","backStep":true},"depositsPurchaseSale_ERROR_OPERATION_IMPOSITION_RETRY_ACCEPT":{"bind":"alert-DEPOSIT_ERROR_OPERATION_IMPOSITION_RETRY-accept"},"depositsPurchaseSale_ERROR_OPERATION_IMPOSITION_RETRY_CANCEL":{"bind":"alert-DEPOSIT_ERROR_OPERATION_IMPOSITION_RETRY-cancel","backStep":true},"depositsPurchaseSale_ERROR_OPERATION_IMPOSITION_EXIT_ACCEPT":{"bind":"alert-DEPOSIT_ERROR_OPERATION_IMPOSITION_EXIT-accept","backStep":true},"depositsPurchaseSale_ERROR_OPERATION_IMPOSITION_EXIT_CANCEL":{"bind":"alert-DEPOSIT_ERROR_OPERATION_IMPOSITION_EXIT-cancel","backStep":true},"depositsPurchaseSale_ERROR_OPERATION_OUT_TIME_ACCEPT":{"bind":"alert-DEPOSIT_ERROR_OPERATION_OUT_TIME-accept","backStep":true},"depositsPurchaseSale_ERROR_OPERATION_OUT_TIME_CANCEL":{"bind":"alert-DEPOSIT_ERROR_OPERATION_OUT_TIME-cancel","backStep":true},"fundsWithdrawal_CONFIRM_EXIT":{"bind":"alert-EXIT-fundsWithdrawal-accept","backStep":true},"POCKET_ADD_MONEY_BLOCKING_ERROR_PRIMARY_BUTTON":{"bind":"alert-pocket-add-money-post-error-accept"},"POCKET_ADD_MONEY_BLOCKING_ERROR_CLOSE_BUTTON":{"bind":"alert-pocket-add-money-post-error-non-blocking-error-cancel"},"POCKET_WITHDRAWL_BLOCKING_ERROR_PRIMARY_BUTTON":{"bind":"alert-pocket-money-withdrawl-post-error-accept"},"POCKET_WITHDRAWL_BLOCKING_ERROR_CLOSE_BUTTON":{"bind":"alert-pocket-money-withdrawl-post-error-non-blocking-error-cancel"},"POCKET_UPDATE_BLOCKING_ERROR_PRIMARY_BUTTON":{"bind":"alert-pocket-money-update-post-error-accept"},"POCKET_UPDATE_BLOCKING_ERROR_CLOSE_BUTTON":{"bind":"alert-pocket-money-update-post-error-non-blocking-error-cancel"},"POCKET_DELETE_BLOCKING_ERROR_PRIMARY_BUTTON":{"bind":"alert-pocket-delete-post-failure-accept"},"POCKET_DELETE_BLOCKING_ERROR_CLOSE_BUTTON":{"bind":"alert-pocket-delete-post-failure-non-blocking-error-cancel"},"POCKET_CREATE_PAGE_EXIT_CONFIRMATION":{"bind":"alert-pockets-create-exit-accept"},"POCKET_WITHDRAW_PAGE_EXIT_CONFIRMATION":{"bind":"alert-pockets-withdraw-exit-accept"},"POCKET_ADD_MONEY_PAGE_EXIT_CONFIRMATION":{"bind":"alert-pockets-add-money-exit-accept"},"POCKET_EDIT_PAGE_EXIT_CONFIRMATION":{"bind":"alert-pockets-edit-exit-accept"},"POCKET_DELETE_OPERATION_PAGE_EXIT_CONFIRMATION":{"bind":"alert-pockets-delete-exit-accept"},"POCKET_NO_PAYROLL_OPERATION_PAGE_EXIT_CONFIRMATION":{"bind":"alert-pockets-edit-no-payroll-exit-accept"},"DEPOSIT_HIRING_EXIT_CONFIRMATION_ACCEPT":{"bind":"alert-deposit-hiring-exit-accept","backStep":true},"DEPOSIT_HIRING_ERROR_OPERATION_SIMULATE_RETRY_ACCEPT":{"bind":"alert-deposit-error-operation-simulate-retry-accept"},"DEPOSIT_HIRING_ERROR_OPERATION_SIMULATE_RETRY_CANCEL":{"bind":"alert-deposit-error-operation-simulate-retry-cancel","backStep":true},"DEPOSIT_HIRING_ERROR_OPERATION_SIMULATE_EXIT_ACCEPT":{"bind":"alert-deposit-error-operation-simulate-exit-accept","backStep":true},"DEPOSIT_HIRING_ERROR_OPERATION_SIMULATE_EXIT_CANCEL":{"bind":"alert-deposit-error-operation-simulate-exit-cancel","backStep":true},"DEPOSIT_HIRING_ERROR_OPERATION_HIRING_RETRY_ACCEPT":{"bind":"alert-deposit-error-operation-hiring-retry-accept"},"DEPOSIT_HIRING_ERROR_OPERATION_HIRING_RETRY_CANCEL":{"bind":"alert-deposit-error-operation-hiring-retry-cancel","backStep":true},"DEPOSIT_HIRING_ERROR_OPERATION_HIRING_EXIT_ACCEPT":{"bind":"alert-deposit-error-operation-hiring-exit-accept","backStep":true},"DEPOSIT_HIRING_ERROR_OPERATION_HIRING_EXIT_CANCEL":{"bind":"alert-deposit-error-operation-hiring-exit-cancel","backStep":true},"DEPOSIT_HIRING_ERROR_OPERATION_OUT_TIME_ACCEPT":{"bind":"alert-deposit-error-operation-out-time-accept","backStep":true},"DEPOSIT_HIRING_ERROR_OPERATION_OUT_TIME_CANCEL":{"bind":"alert-deposit-error-operation-out-time-cancel","backStep":true},"DEPOSIT_HIRING_ERROR_REQUIREMENTS_ACCEPT":{"bind":"alert-deposit-hiring-error-requirements-accept","backStep":true},"DEPOSIT_HIRING_ERROR_REQUIREMENTS_CANCEL":{"bind":"alert-deposit-hiring-error-requirements-cancel","backStep":true},"DEPOSIT_HIRING_ERROR_MINIMUM_AMOUNT_ACCEPT":{"bind":"alert-deposit-hiring-error-minimum-amount-accept","backStep":true},"DEPOSIT_HIRING_ERROR_MINIMUM_AMOUNT_CANCEL":{"bind":"alert-deposit-hiring-error-minimum-amount-cancel","backStep":true},"DEPOSIT_HIRING_ERROR_NOT_PARTICIPANTS_ACCEPT":{"bind":"alert-deposit-hiring-error-not-participants-accept","backStep":true},"DEPOSIT_HIRING_ERROR_NOT_PARTICIPANTS_CANCEL":{"bind":"alert-deposit-hiring-error-not-participants-cancel","backStep":true},"DEPOSIT_HIRING_ERROR_NOT_HOLDER_ACCEPT":{"bind":"alert-deposit-hiring-error-not-holder-accept","backStep":true},"DEPOSIT_HIRING_ERROR_NOT_HOLDER_CANCEL":{"bind":"alert-deposit-hiring-error-not-holder-cancel","backStep":true},"DEPOSIT_HIRING_ERROR_NOT_HUNDRED_PERCENT_ACCEPT":{"bind":"alert-deposit-hiring-error-not-hundred-percent-accept","backStep":true},"DEPOSIT_HIRING_ERROR_NOT_HUNDRED_PERCENT_CANCEL":{"bind":"alert-deposit-hiring-error-not-hundred-percent-cancel","backStep":true},"DEPOSIT_HIRING_ERROR_NOT_CONTRACTING_PRODUCT_ACCEPT":{"bind":"alert-deposit-hiring-error-not-contracting-product-accept","backStep":true},"DEPOSIT_HIRING_ERROR_NOT_CONTRACTING_PRODUCT_CANCEL":{"bind":"alert-deposit-hiring-error-not-contracting-product-cancel","backStep":true},"DEPOSIT_HIRING_ERROR_LEVEL_ACCOUNTS_ACCEPT":{"bind":"alert-deposit-hiring-error-level-accounts-accept","backStep":true},"DEPOSIT_HIRING_ERROR_LEVEL_ACCOUNTS_CANCEL":{"bind":"alert-deposit-hiring-error-level-accounts-cancel","backStep":true},"global_mortgage_page_exit_info_channel":{"bind":"alert-MC-LOAN-accept","backStep":true},"global_card_credit_card_payment_exit":{"bind":"alert-EXIT-CARD-CREDIT-CARD-PAYMENT-accept","backStep":true},"global_card_credit_card_payment_retry_own_tranfer":{"bind":"alert-TRANSFER-ERROR-accept"},"global_card_credit_card_payment_cancel_own_tranfer":{"bind":"alert-TRANSFER-ERROR-cancel","backStep":true},"global_card_credit_card_payment_call_own_tranfer":{"bind":"alert-CALL-TRANSFER-ERROR-accept"},"global_card_credit_card_payment_cancel_call_own_tranfer":{"bind":"alert-CALL-TRANSFER-ERROR-cancel","backStep":true},"global_card_credit_card_payment_cancel_header_own_tranfer":{"bind":"alert-TRANSFER-ERROR-CLOSE-HEADER"},"global_card_credit_card_payment_cancel_header_call_own_tranfer":{"bind":"alert-CALL-TRANSFER-ERROR-CLOSE-HEADER"},"global_card_detail_card_activation_error_retry":{"bind":"alert-card-activation-error-accept"},"global_card_detail_card_activation_error_cancel":{"bind":"alert-card-activation-error-cancel"},"global_card_detail_card_activation_error_max_retries_cancel":{"bind":"alert-card-activation-error-max-retries-accept"},"global_card_detail_card_activation_error_max_retries_call":{"bind":"alert-card-activation-error-max-retries-cancel"},"global_card_detail_card_activation_help_off":{"bind":"alert-card-activation-help-off-accept"},"global_card_detail_card_activation_help_on":{"bind":"alert-card-activation-help-on-accept"},"global_alert_card_dynamic_cvv_toggle_change":{"bind":"alert-CARD-DCVV-FROM-TOOGLE-accept"},"global_alert_card_dynamic_cvv_toggle_change_cancel":{"bind":"alert-CARD-DCVV-FROM-TOGGLE-cancel"},"global_alert_card_dynamic_cvv_help_modal_change":{"bind":"alert-CARD-DCVV-FROM-HELP-ICON-accept"},"global_alert_card_dynamic_cvv_help_modal_change_cancel":{"bind":"alert-CARD-DCVV-FROM-HELP-ICON-cancel"},"global_car_loan_page_loan_exit_info_channel":{"bind":"alert-CAR-LOAN-accept","backStep":true},"global_car_loan_page_not_approved":{"bind":"alert-car-loan-proposal-accept","backStep":true},"global_increment_card_limit_exit":{"bind":"alert-EXIT-INCREMENT-CARD-LIMIT-accept","backStep":true},"global_increment_card_limit_init_data_error_accept":{"bind":"alert-INIT-DATA-ERROR-INCREMENT-CARD-LIMIT-accept"},"global_increment_card_limit_init_data_error_cancel":{"bind":"alert-INIT-DATA-ERROR-INCREMENT-CARD-LIMIT-cancel","backStep":true},"global_increment_card_limit_customer_contact_error":{"bind":"alert-CUSTOMER-CONTACT-ERROR-INCREMENT-CARD-LIMIT-accept"},"global_increment_card_limit_put_error":{"bind":"alert-PUT-CARD-LIMIT-ERROR-INCREMENT-CARD-LIMIT-accept"},"global_increment_card_limit_put_error_cancel":{"bind":"alert-PUT-CARD-LIMIT-ERROR-INCREMENT-CARD-LIMIT-cancel"},"global_increment_card_limit_put_error_closed":{"bind":"cells-bottom-modal-backdrop-removed"},"global_increment_card_limit_customer_contact_failed_continue":{"bind":"alert-CUSTOMER-CONTACT-ERROR-INCREMENT-CARD-LIMIT-cancel"},"global_exit_card_interest_simulator_confirm":{"bind":"alert-EXIT-INTEREST-SIMULATOR-accept"},"CREDIT_CARD_HOLDER_PAGE_EXIT_PROCESS":{"bind":"alert-triple-play-offer-cancel","backStep":true,"forward-to-native":true},"CREDIT_CARD_HOLDER_SUCCESS_EXIT_PROCESS":{"bind":"alert-triple-play-offer-payroll-cancel","backStep":true,"forward-to-native":true},"PAPO_TRIPLE_PLAY_CONTINUE_PROCESS":{"bind":"alert-triple-play-offer-payroll-accept","link":{"page":"payrollPortabilityCreatePage","skipHistory":true}},"CCHP_CONTINUE_PROCESS":{"bind":"alert-triple-play-offer-accept","link":{"page":"creditCardHolderPage","skipHistory":true}},"creditCardHolderNotice_EXIT_PROCESS":{"bind":"alert-triple-play-offer-cancel","backStep":true,"forward-to-native":true},"BRANCH_APPOINTMENT_DETAIL_ERROR_RETRY_ACCEP":{"bind":"alert-request-branch-retry-accept"},"BRANCH_APPOINTMENT_DETAIL_ERROR_RETRY_CANCEL":{"bind":"alert-request-branch-retry-cancel","backStep":true},"BRANCH_APPOINTMENT_DETAIL_ERROR_EXIT_ACCEP":{"bind":"alert-request-branch-exit-accept","backStep":true}}}}},{"zone":"app__main","type":"CC","tag":"cells-connection-status","properties":{"statusByPagename":true,"cellsConnections":{"in":{"__bridge_app":{"bind":"setCurrentPage"},"__bridge_evt_template-registered":{"bind":"checkConnectionStatus"}},"out":{"connection_status_depositTransactionDetail_offline":{"bind":"cells-connection-status-depositTransactionDetail-offline"},"connection_status_depositTransactionDetail_online":{"bind":"cells-connection-status-depositTransactionDetail-online"}}}}},{"zone":"app__transactional","type":"CC","tag":"cells-sign-operation-modal","properties":{"className":"auto-softoken","clearOnClose":true,"clearPwdIcon":"coronita:close","imgSrc":"images/otp/otp-sms.png","keepOnAccept":true,"resetOnClose":true,"showAppPss":true,"togglePwdIcon":"coronita:visualize","togglePwdIconToggled":"coronita:hide","enableSpinner":true,"cellsConnections":{"in":{"sign_modal_open":{"bind":"openWithSettings"},"sign_modal_signed_status":{"bind":"signed"},"sign_modal_close":{"bind":"close"},"native_back_button_clicked_close_modal":{"bind":"close"},"sign_modal_update_settings":{"bind":"updateSettings"},"sign_modal_close_spinner":{"bind":"closeSpinner"},"global_cells_key_recovery_close_otp_modal_wrong_password":{"bind":"close"},"global_transfer_otp_error_accept":{"bind":"clearInput"},"global_transfer_frequent_operations_otp_error_accept":{"bind":"clearInput"},"global_safe_card_sign_request_error":{"bind":"close"},"global_safe_card_sign_request_fatal":{"bind":"close"},"global_life_health_insurances_sign_request_error":{"bind":"close"},"global_life_health_insurances_sign_request_fatal":{"bind":"close"},"global_deposits_insurances_sign_request_error":{"bind":"close"},"global_additional_card_hiring_api_cards_error_on_get_card_proposals":{"bind":"close"}},"out":{"sign_modal_submit_sign":{"bind":"cells-sign-operation-submit"},"sign_modal_new_sms":{"bind":"cells-sign-operation-get-new-sms"},"sign_modal_cancelled":{"bind":"cells-sign-operation-cancelled"},"close_control_veil":{"bind":"cells-sign-operation-opened"},"cells_to_native_modal_opened":{"bind":"cells-sign-operation-opened","forward-to-native":true},"cells_to_native_modal_closed":{"bind":"cells-sign-operation-cancelled","forward-to-native":true},"sign_modal_close_reset":{"bind":"close"},"global_otp_modal_loaded_analytics":{"bind":"cells-sign-operation-loaded-analytics"}}}}},{"zone":"app__main","type":"CC","tag":"cells-hybrid-session-token","properties":{"cellsConnections":{"in":{"global_tsec_channel":{"bind":"handleToken"},"global_web_token_updated":{"bind":"notifyUpdatedToken"}},"out":{"global_tsec_channel_web_to_native":{"bind":"token-updated"},"dashboard_init_loading":{"bind":"session-token-set"}}}}},{"zone":"app__main","tag":"cells-native-toast-handler","type":"CC","properties":{"cellsConnections":{"in":{"toast_success":{"bind":"success"},"toast_error":{"bind":"error"}},"out":{"global_toast_channel":{"bind":"open-toast","forward-to-native":true}}}}},{"zone":"app__main","tag":"glomo-logout-handler","type":"CC","properties":{"cellsConnections":{"in":{"global_logout_notify_channel":{"bind":"doLogout"}},"out":{}}}},{"zone":"app__main","tag":"cells-mobile-local-storage","type":"CC","properties":{"cellsConnections":{"in":{"global_get_from_storage":{"bind":"get"},"global_set_in_storage":{"bind":"set"},"global_remove_from_storage":{"bind":"remove"}},"out":{}}}}]}