{"hash":"mxfeedback","currentPage":{"url":"/generic-feedback","params":[]},"pages":{},"template":{"tag":"cells-template-coronita","properties":{"animationType":"horizontal","drawerWidth":"100%","disableScrollLock":true,"hasFooter":false,"disableEdgeSwipe":true,"headerFixed":true,"extraHeaderClass":"dark-blue-bg","className":"","cellsConnections":{"in":{"feedback_INIT_PAGE":{"bind":"recalculateHeader"}},"out":{}}}},"components":[{"zone":"app__overlay","tag":"cells-spinner-veil","properties":{"className":"solid-spinner","withMask":true,"size":72,"cellsConnections":{"in":{"open_control_veil":{"bind":"openVeil"},"close_control_veil":{"bind":"closeVeil"},"global_error_tsec_expired":{"bind":"closeVeil"},"OPEN_LOAN_PAYMENTS_VEIL":{"bind":"openVeil"},"CLOSE_LOAN_PAYMENTS_VEIL":{"bind":"closeVeil"},"GAS_RESPONSE_ACCOUNT_STATEMENTS_LIST_ACCOUNTS":{"bind":"closeVeil"},"GAS_RESPONSE_ACCOUNT_STATEMENTS_LIST_CARDS":{"bind":"closeVeil"},"GAS_ERROR_ACCOUNT_STATEMENTS_LIST_ACCOUNTS":{"bind":"closeVeil"},"GAS_ERROR_ACCOUNT_STATEMENTS_LIST_CARDS":{"bind":"closeVeil"},"GAS_RESPONSE_ACCOUNT_STATEMENTS_PDF_CARDS":{"bind":"closeVeil"},"GAS_ERROR_ACCOUNT_STATEMENTS_PDF_CARDS":{"bind":"closeVeil"},"GAS_RESPONSE_ACCOUNT_STATEMENTS_PDF_ACCOUNTS":{"bind":"closeVeil"},"GAS_ERROR_ACCOUNT_STATEMENTS_PDF_ACCOUNTS":{"bind":"closeVeil"},"RESPONSE_ERROR_ACCOUNT_STATEMENTS_PDF_ACCOUNTS":{"bind":"closeVeil"},"RESPONSE_ERROR_ACCOUNT_STATEMENTS_PDF_CARDS":{"bind":"closeVeil"},"CCL_OPEN_CONTROL_VEIL":{"bind":"openVeil"},"ICAP_OPEN_CONTROL_VEIL":{"bind":"openVeil"},"ASSISTANCE_SECTION_INIT_OPEN_SPINNER":{"bind":"openVeil"},"payrollAdvance_GET_OPEN_CONTROL_VEIL":{"bind":"openVeil"},"payrollAdvance_SIMULATE_OPEN_CONTROL_VEIL":{"bind":"openVeil"},"payrollAdvance_POST_OPEN_CONTROL_VEIL":{"bind":"openVeil"},"OTP_SCREEN_CANCEL_CHANNEL":{"bind":"closeVeil"},"CODI_OPEN_CONTROL_VEIL_KEYSOURCE":{"bind":"openVeil"},"CODI_OPEN_CONTROL_VEIL_DECRYPT":{"bind":"openVeil"},"CODI_OPEN_CONTROL_VEIL_VALID":{"bind":"openVeil"},"CCL_CLOSE_CONTROL_VEIL":{"bind":"closeVeil"},"CCL_DOCUMENT_CONTENT_ERROR":{"bind":"closeVeil"},"CCL_DOCUMENT_UNAUTHORIZED_ERROR":{"bind":"closeVeil"},"ICAP_CLOSE_CONTROL_VEIL":{"bind":"closeVeil"},"payrollAdvance_GET_CLOSE_CONTROL_VEIL":{"bind":"closeVeil"},"payrollAdvance_SIMULATE_CLOSE_CONTROL_VEIL":{"bind":"closeVeil"},"payrollAdvance_API_ERROR_CLOSE_CONTROL_VEIL":{"bind":"closeVeil"},"payrollAdvance_DOC_FETCH_FAILURE":{"bind":"closeVeil"},"PAPO_RECEIVE_PORTABILITY_OPEN_CONTROL_VEIL":{"bind":"openVeil"},"payrollPortability_CURRENT_PAYROLL_SEARCH_BUTTON_PRESSED":{"bind":"openVeil"},"PAPO_LISTEN_CURRENT_OPEN_CONTROL_VEIL":{"bind":"openVeil"},"PAPO_SET_ACOUNT_OPEN_CONTROL_VEIL":{"bind":"openVeil"},"PAPO_PORTABILITY_CREATION_OPEN_CONTROL_VEIL":{"bind":"openVeil"},"PAPO_SET_LIST_CLOSE_CONTROL_VEIL":{"bind":"closeVeil"},"payrollPortability_CURRENT_PAYROLL_DATA_HAS_ORDERED":{"bind":"closeVeil"},"PAPO_MANAGE_RECEIVERS_ERROR_CLOSE_CONTROL_VEIL":{"bind":"closeVeil"},"PAPO_OTP_SCREEN_CANCEL_CLOSE_CONTROL_VEIL":{"bind":"closeVeil"},"PAPO_CLEAN_SETTLED_CLOSE_CONTROL_VEIL":{"bind":"closeVeil"},"CALL_ME_BACK_REQUEST_INMEDIATE":{"bind":"openVeil"},"CALL_ME_BACK_REQUEST_SCHEDULE":{"bind":"openVeil"},"CALL_ME_BACK_RESPONSE_LIST":{"bind":"closeVeil"},"CALL_ME_BACK_CLOSE":{"bind":"closeVeil"},"POCKETS_LIST_REQUEST_DATA":{"bind":"openVeil"},"POCKETS_LIST_REQUEST_POCKET_UPDATE":{"bind":"openVeil"},"POCKETS_LIST_DATA_RECEIVED":{"bind":"closeVeil"},"POCKETS_LIST_POCKET_UPDATE_SUCCESS":{"bind":"closeVeil"},"POCKETS_LIST_GET_ERROR":{"bind":"closeVeil"},"POCKETS_LIST_POCKET_UPDATE_ERROR":{"bind":"closeVeil"},"POCKET_EDIT_PATCH_REQUEST":{"bind":"openVeil"},"pocketsCreate_success_channel":{"bind":"closeVeil"},"pin_request_OPEN_CONTROL_VEIN":{"bind":"openVeil"},"pin_request_HIDE_CONTROL_VEIN":{"bind":"closeVeil"},"POCKET_EDIT_PATCH_ERROR":{"bind":"closeVeil"},"POCKETS_LIST_ADD_MONEY_NAVIGATION":{"bind":"openVeil"},"POCKET_ADD_WITHDRAWAL_MONEY_SUCCESS":{"bind":"closeVeil"},"POCKETS_LIST_WITH_DRAWAL_MONEY_NAVIGATION":{"bind":"openVeil"},"POCKET_WITHDRAWAL_MONEY_SUCCESS":{"bind":"closeVeil"},"POCKETS_LIST_DELETE_NAVIGATION":{"bind":"openVeil"},"pocketsDelete_DATA_TO_UI":{"bind":"closeVeil"},"pocket_DATA_TO_UI":{"bind":"closeVeil"},"POCKET_DELETE_SUCCESS":{"bind":"closeVeil"},"POCKETS_MOVEMENT_LIST_NAVIGATION":{"bind":"openVeil"},"POCKET_MOVEMENT_SUCCESS":{"bind":"closeVeil"},"POCKET_POST_CREATE_SPINNER":{"bind":"openVeil"},"POCKET_POST_ADD_MONEY_SPINNER":{"bind":"openVeil"},"POCKET_POST_ADD_MONEY_HIDE_SPINNER":{"bind":"closeVeil"},"POCKET_POST_WITHDRAWAL_SPINNER":{"bind":"openVeil"},"POCKET_POST_DELETE_SPINNER":{"bind":"openVeil"},"pocketsDelete_POST_FAILURE":{"bind":"closeVeil"},"POCKET_POST_DELETE_ERROR":{"bind":"closeVeil"},"POCKET_ACCEPT_BUTTON_CLICKED":{"bind":"openVeil"},"pocket_CREATE_POST_FAILURE":{"bind":"closeVeil"},"pocket_WITHDRAWL_POST_FAILURE":{"bind":"closeVeil"},"pocket_ADD_MONEY_POST_FAILURE":{"bind":"closeVeil"},"pocket_UPDATE_POST_FAILURE":{"bind":"closeVeil"},"MORTGAGE_LOANPAYMENT_OPEN_VEIL":{"bind":"openVeil"},"MORTGAGE_LOANPAYMENT_CLOSE_VEIL":{"bind":"closeVeil"},"CAR_LOANPAYMENT_SHOW_SPINNER_FOOTER":{"bind":"openVeil"},"CAR_LOANPAYMENT_HIDE_SPINNER_INSTALLMENTS":{"bind":"closeVeil"},"UNPROGRAMMED_POCKET_EDIT_PAYLOAD_RECEIVED":{"bind":"closeVeil"},"RESPONSE_HEALTH_DATA":{"bind":"closeVeil"},"RESPONSE_HEALTH_DATA_ERROR":{"bind":"closeVeil"},"feedback_OPEN_CONTROL_VEIL":{"bind":"show"},"feedback_TIMEOUT_ERROR":{"bind":"hide"},"feedback_CLOSE_CONTROL_VEIL":{"bind":"hide"},"feedback_error":{"bind":"hide"},"__BRIDGE_PAGE_feedback":{"bind":"show"}}},"open":true}},{"zone":"app__main","tag":"cells-handle-life-cycle","type":"UI","properties":{"pageName":"feedback","tokenName":"tsec","customInitEvents":{"swipe-menu-enabled":false},"cellsConnections":{"in":{"__bridge_app":{"bind":"navigation"},"__BRIDGE_PAGE_feedback":{"bind":"init"}},"out":{"feedback_INIT_PAGE":{"bind":"init-page"},"global_feedback_init_page":{"bind":"init-page"},"feedback_RESET_PAGE":{"bind":"reset"},"global_enable_menu_swipe":{"bind":"swipe-menu-enabled","forward-to-native":true}}}}},{"zone":"app__header","type":"UI","tag":"cells-molecule-header","properties":{"className":"header--dark about-text","titleName":"glomo-feedback-header-title","back":true,"leftIcon":"coronita:return-12","cellsConnections":{"in":{},"out":{"feedback_CLOSE_CONTROL_VEIL":{"bind":"click-left-button"},"GLOBAL_FEEDBACK_NAVIGATE_EXIT_URL":{"bind":"click-left-button"}}}}},{"zone":"app__transactional","type":"DM","tag":"glomo-opinator-iframe-manager","familyPath":"glomo-opinator-iframe-manager","properties":{"loadingTimeout":3000000,"minRateToAlert":3,"cellsConnections":{"in":{"feedback_RECEIVE_IFRAME_EVENT":{"bind":"iframeReceiveFrame"},"__BRIDGE_PAGE_feedback":{"bind":"init"}},"out":{"feedback_OPEN_CONTROL_VEIL":{"bind":"open-veil"},"feedback_CLOSE_CONTROL_VEIL":{"bind":"close-veil"},"feedback_INIT_IFRAME":{"bind":"init-iframe"},"feedback_IFRAME_LOADED":{"bind":"iframe-loaded"},"feedback_TIMEOUT_ERROR":{"bind":"opinator-timeout-error"},"feedback_SET_SRC_IFRAME":{"bind":"set-src-iframe"},"GLOBAL_FEEDBACK_NAVIGATE_EXIT_URL":{"bind":"glomo-opinator-exit"},"feedback_show_rate_the_app":{"bind":"glomo-opinator-rate-the-app","forward-to-native":true},"logout_success":{"bind":"logout-success","forward-to-native":true},"global_show_snackbar":{"bind":"message-snackbar","forward-to-native":true},"global_error_tsec_invalid":{"bind":"tsec-invalid","forward-to-native":false},"global_error_tsec_expired":{"bind":"tsec-expired","forward-to-native":true},"global_error_tsec_cancelled":{"bind":"tsec-cancelled","forward-to-native":false},"global_error_wrong_access_key":{"bind":"wrong-access-key","forward-to-native":false},"global_error_user_blocked":{"bind":"user-blocked","forward-to-native":false},"global_error_user_blocked_cause_retrials":{"bind":"user-blocked-cause-retrials","forward-to-native":false},"global_error_wrong_otp_sms":{"bind":"wrong-otp-sms","forward-to-native":false}},"params":{"src":"feedbackLink"}}}},{"zone":"app__main","type":"UI","tag":"cells-iframe","properties":{"cellsConnections":{"in":{"feedback_SET_SRC_IFRAME":{"bind":"src"},"feedback_INIT_IFRAME":{"bind":"init"},"feedback_RESET_PAGE":{"bind":"reset"},"feedback_error":{"bind":"reset"},"feedback_TIMEOUT_ERROR":{"bind":"reset"},"feedback_IFRAME_LOADED":{"bind":"iframeLoaded"}},"out":{"feedback_RECEIVE_IFRAME_EVENT":{"bind":"iframe-event-fire"}}}}},{"zone":"app__transactional","type":"UI","tag":"glomo-alert-manager","properties":{"id":"feedback-glomo-alert-manager","native":true,"className":"","cellsConnections":{"in":{"feedback_error":{"bind":"openWithSettings"},"feedback_TIMEOUT_ERROR":{"bind":"openWithSettings"}},"out":{"feedback_error_accept":{"bind":"alert-FEEDBACK-ERROR-accept"},"feedback_error_cancel":{"bind":"alert-FEEDBACK-ERROR-cancel"}}}}},{"zone":"app__header","tag":"glomo-navigation-handler","type":"UI","properties":{"openedModal":true,"currentPage":"feedback","cellsConnections":{"in":{"__bridge_cancelled_back_navigation":{"bind":"handleNativeBackButton"}},"out":{"GLOBAL_FEEDBACK_NAVIGATE_EXIT_URL":{"bind":"navigate-native-back-button"},"navigation_feedback_to_previous_page":{"bind":"navigate-to-previous-page"}}}}}]}