{"hash":"mxfunds-contribution","currentPage":{"url":"/funds-contribution","params":[]},"pages":{},"template":{"tag":"diy-step-opx-template","properties":{"delayScrollTop":300,"className":"funds-investment","headerFixed":false,"topOnConfirm":true,"extraHeaderClass":"dark-blue-bg","cellsConnections":{"in":{"FUNDS_CONTRIBUTION_SHOW_BUTTON_FINISH_STEPS":{"bind":"showConfirm"},"FUNDS_CONTRIBUTION_INIT_PAGE":{"bind":"resetLayerScroll"},"FUNDS_CONTRIBUTION_CONFIRM_ANIMATION":{"bind":"collapseOpened"},"FUNDS_CONTRIBUTION_RESET_SCROLL":{"bind":"resetLayerScroll"},"FUNDS_CONTRIBUTION_SCROLL_ZONE":{"bind":"scrollItemIntoView"}},"out":{"FUNDS_CONTRIBUTION_SCOLL_TEMPLATE":{"bind":"opx-template-content-scroll"},"FUNDS_CONTRIBUTION_SCROLL_COMPLETE":{"bind":"cells-scroll-complete"}}}}},"components":[{"zone":"app__overlay","tag":"cells-spinner-veil","properties":{"withMask":true,"size":72,"cellsConnections":{"in":{"open_control_veil":{"bind":"openVeil"},"close_control_veil":{"bind":"closeVeil"},"global_error_tsec_expired":{"bind":"closeVeil"},"OPEN_LOAN_PAYMENTS_VEIL":{"bind":"openVeil"},"CLOSE_LOAN_PAYMENTS_VEIL":{"bind":"closeVeil"},"GAS_RESPONSE_ACCOUNT_STATEMENTS_LIST_ACCOUNTS":{"bind":"closeVeil"},"GAS_RESPONSE_ACCOUNT_STATEMENTS_LIST_CARDS":{"bind":"closeVeil"},"GAS_ERROR_ACCOUNT_STATEMENTS_LIST_ACCOUNTS":{"bind":"closeVeil"},"GAS_ERROR_ACCOUNT_STATEMENTS_LIST_CARDS":{"bind":"closeVeil"},"GAS_RESPONSE_ACCOUNT_STATEMENTS_PDF_CARDS":{"bind":"closeVeil"},"GAS_ERROR_ACCOUNT_STATEMENTS_PDF_CARDS":{"bind":"closeVeil"},"GAS_RESPONSE_ACCOUNT_STATEMENTS_PDF_ACCOUNTS":{"bind":"closeVeil"},"GAS_ERROR_ACCOUNT_STATEMENTS_PDF_ACCOUNTS":{"bind":"closeVeil"},"RESPONSE_ERROR_ACCOUNT_STATEMENTS_PDF_ACCOUNTS":{"bind":"closeVeil"},"RESPONSE_ERROR_ACCOUNT_STATEMENTS_PDF_CARDS":{"bind":"closeVeil"},"CCL_OPEN_CONTROL_VEIL":{"bind":"openVeil"},"ICAP_OPEN_CONTROL_VEIL":{"bind":"openVeil"},"ASSISTANCE_SECTION_INIT_OPEN_SPINNER":{"bind":"openVeil"},"payrollAdvance_GET_OPEN_CONTROL_VEIL":{"bind":"openVeil"},"payrollAdvance_SIMULATE_OPEN_CONTROL_VEIL":{"bind":"openVeil"},"payrollAdvance_POST_OPEN_CONTROL_VEIL":{"bind":"openVeil"},"OTP_SCREEN_CANCEL_CHANNEL":{"bind":"closeVeil"},"CODI_OPEN_CONTROL_VEIL_KEYSOURCE":{"bind":"openVeil"},"CODI_OPEN_CONTROL_VEIL_DECRYPT":{"bind":"openVeil"},"CODI_OPEN_CONTROL_VEIL_VALID":{"bind":"openVeil"},"CCL_CLOSE_CONTROL_VEIL":{"bind":"closeVeil"},"CCL_DOCUMENT_CONTENT_ERROR":{"bind":"closeVeil"},"CCL_DOCUMENT_UNAUTHORIZED_ERROR":{"bind":"closeVeil"},"ICAP_CLOSE_CONTROL_VEIL":{"bind":"closeVeil"},"payrollAdvance_GET_CLOSE_CONTROL_VEIL":{"bind":"closeVeil"},"payrollAdvance_SIMULATE_CLOSE_CONTROL_VEIL":{"bind":"closeVeil"},"payrollAdvance_API_ERROR_CLOSE_CONTROL_VEIL":{"bind":"closeVeil"},"payrollAdvance_DOC_FETCH_FAILURE":{"bind":"closeVeil"},"PAPO_RECEIVE_PORTABILITY_OPEN_CONTROL_VEIL":{"bind":"openVeil"},"payrollPortability_CURRENT_PAYROLL_SEARCH_BUTTON_PRESSED":{"bind":"openVeil"},"PAPO_LISTEN_CURRENT_OPEN_CONTROL_VEIL":{"bind":"openVeil"},"PAPO_SET_ACOUNT_OPEN_CONTROL_VEIL":{"bind":"openVeil"},"PAPO_PORTABILITY_CREATION_OPEN_CONTROL_VEIL":{"bind":"openVeil"},"PAPO_SET_LIST_CLOSE_CONTROL_VEIL":{"bind":"closeVeil"},"payrollPortability_CURRENT_PAYROLL_DATA_HAS_ORDERED":{"bind":"closeVeil"},"PAPO_MANAGE_RECEIVERS_ERROR_CLOSE_CONTROL_VEIL":{"bind":"closeVeil"},"PAPO_OTP_SCREEN_CANCEL_CLOSE_CONTROL_VEIL":{"bind":"closeVeil"},"PAPO_CLEAN_SETTLED_CLOSE_CONTROL_VEIL":{"bind":"closeVeil"},"CALL_ME_BACK_REQUEST_INMEDIATE":{"bind":"openVeil"},"CALL_ME_BACK_REQUEST_SCHEDULE":{"bind":"openVeil"},"CALL_ME_BACK_RESPONSE_LIST":{"bind":"closeVeil"},"CALL_ME_BACK_CLOSE":{"bind":"closeVeil"},"POCKETS_LIST_REQUEST_DATA":{"bind":"openVeil"},"POCKETS_LIST_REQUEST_POCKET_UPDATE":{"bind":"openVeil"},"POCKETS_LIST_DATA_RECEIVED":{"bind":"closeVeil"},"POCKETS_LIST_POCKET_UPDATE_SUCCESS":{"bind":"closeVeil"},"POCKETS_LIST_GET_ERROR":{"bind":"closeVeil"},"POCKETS_LIST_POCKET_UPDATE_ERROR":{"bind":"closeVeil"},"POCKET_EDIT_PATCH_REQUEST":{"bind":"openVeil"},"pocketsCreate_success_channel":{"bind":"closeVeil"},"pin_request_OPEN_CONTROL_VEIN":{"bind":"openVeil"},"pin_request_HIDE_CONTROL_VEIN":{"bind":"closeVeil"},"POCKET_EDIT_PATCH_ERROR":{"bind":"closeVeil"},"POCKETS_LIST_ADD_MONEY_NAVIGATION":{"bind":"openVeil"},"POCKET_ADD_WITHDRAWAL_MONEY_SUCCESS":{"bind":"closeVeil"},"POCKETS_LIST_WITH_DRAWAL_MONEY_NAVIGATION":{"bind":"openVeil"},"POCKET_WITHDRAWAL_MONEY_SUCCESS":{"bind":"closeVeil"},"POCKETS_LIST_DELETE_NAVIGATION":{"bind":"openVeil"},"pocketsDelete_DATA_TO_UI":{"bind":"closeVeil"},"pocket_DATA_TO_UI":{"bind":"closeVeil"},"POCKET_DELETE_SUCCESS":{"bind":"closeVeil"},"POCKETS_MOVEMENT_LIST_NAVIGATION":{"bind":"openVeil"},"POCKET_MOVEMENT_SUCCESS":{"bind":"closeVeil"},"POCKET_POST_CREATE_SPINNER":{"bind":"openVeil"},"POCKET_POST_ADD_MONEY_SPINNER":{"bind":"openVeil"},"POCKET_POST_ADD_MONEY_HIDE_SPINNER":{"bind":"closeVeil"},"POCKET_POST_WITHDRAWAL_SPINNER":{"bind":"openVeil"},"POCKET_POST_DELETE_SPINNER":{"bind":"openVeil"},"pocketsDelete_POST_FAILURE":{"bind":"closeVeil"},"POCKET_POST_DELETE_ERROR":{"bind":"closeVeil"},"POCKET_ACCEPT_BUTTON_CLICKED":{"bind":"openVeil"},"pocket_CREATE_POST_FAILURE":{"bind":"closeVeil"},"pocket_WITHDRAWL_POST_FAILURE":{"bind":"closeVeil"},"pocket_ADD_MONEY_POST_FAILURE":{"bind":"closeVeil"},"pocket_UPDATE_POST_FAILURE":{"bind":"closeVeil"},"MORTGAGE_LOANPAYMENT_OPEN_VEIL":{"bind":"openVeil"},"MORTGAGE_LOANPAYMENT_CLOSE_VEIL":{"bind":"closeVeil"},"CAR_LOANPAYMENT_SHOW_SPINNER_FOOTER":{"bind":"openVeil"},"CAR_LOANPAYMENT_HIDE_SPINNER_INSTALLMENTS":{"bind":"closeVeil"},"UNPROGRAMMED_POCKET_EDIT_PAYLOAD_RECEIVED":{"bind":"closeVeil"},"RESPONSE_HEALTH_DATA":{"bind":"closeVeil"},"RESPONSE_HEALTH_DATA_ERROR":{"bind":"closeVeil"}}}}},{"zone":"app__main","type":"DM","tag":"glomo-analytics-funds-withdrawal-manager","properties":{"config":{"buttons":{"continue":"continuar"},"steps":{"2":"app-step-2","3":"app-step-3","4":"app-step-4","simulationGenerated":"app-step-simulation-created","last":"app-step-confirmation","receipt":"receipt-success"}},"cellsConnections":{"in":{"FUND_CONTRACTED_DETAIL_SHOW_CONTRIBUTION_FLOW":{"bind":"fireFirstStep"},"FUNDS_CONTRIBUTION_NEXT_STEP":{"bind":"fireButtonAppStarted"},"FUNDS_CONTRIBUTION_ASSOCIATED_ACCOUNT_INFO":{"bind":"fireStepLoaded"},"FUNDS_CONTRIBUTION_DETAIL-SIMULATION-EVENT":{"bind":"fireSimulationGeneratedStep"},"FUNDS_CONTRIBUTION_FOCUS_IN":{"bind":"onStep"},"FUNDS_CONTRIBUTION_PARTIAL_SELECTED":{"bind":"operationSelectedPartial"},"FUNDS_CONTRIBUTION_TOTAL_SELECTED":{"bind":"operationSelectedTotal"},"FUNDS_CONTRIBUTION_SHOW_BUTTON_FINISH_STEPS":{"bind":"confirmationStep"},"NAVIGATE_TO_FUNDS_INVESTMENTS_CONTRIBUTION_SUCCESS":{"bind":"fireReceipt"}},"out":{"FUNDS_CONTRIBUTION_ANALYTICS_INIT_PAGE":{"bind":"analytics-page-visit","analytics":{"action":"appPageVisit","digitalData":{"product.primaryCategory":"inversiones","product.productSubtype":"fondos inversion","product.productName":{"bind":"productName"},"application.offer":{"bind":"offer"},"page.pageInfo.pageName":"privada:personas:fondos:compra fondos:1 cuenta asociada","page.pageInfo.level1":"fondos","page.pageInfo.level2":"compra fondos","page.pageInfo.level3":"1 caracteristicas","application.globalApplication":"funds contribution","application.application.name":"compra fondos","application.application.type":"operativa","user.userState":"logado","page.pageInfo.area":"privada","page.pageInfo.pageSegment":"personas","application.step":"1 caracteristicas","application.typology":"deuda corto plazo","user.segment.profile":{"bind":"profile"},"application.fulfillmentModel":"online","page.pageinfo.pageIntent":"transaccion","page.pageinfo.language":"ES","siteEnvironment":"online:app:de:web","page.pageInfo.channel":"online","pageInstanceID":"de","page.pageInfo.version":"1","page.pageInfo.sysEnv":"app","user.segment.global":"1001","user.profileID":"1234567890","loadTime":"31","maxPercentViewed":"100","initialPercentViewed":"100","verticalPixels":"120","timeParting":"2018-03-06|06|3|03|23:18|evening|10|2018","returningVisitor":"Repeat","page.pageInfo.bussinessUnit":"BBVA Mexico","siteAppName":"App BBVA Mexico","previousSiteSection L1":"fondos","user.gender":"female","user.country":"mexico","user.state":"ciudad de mexico","mcid":"90935011211628978872531618458877490031","previousPage":"privada:personas:fondos:compra fondos:1 caracteristicas","previousPageType":"informacion"}}},"FUNDS_CONTRIBUTION_ANALYTICS_APP_STARTED":{"bind":"analytics-app-started","analytics":{"action":"app started","digitalData":{"product.primaryCategory":"inversiones","product.productSubtype":"fondos inversion","product.productName":{"bind":"productName"},"application.offer":{"bind":"offer"},"page.pageInfo.pageName":"privada:personas:fondos:compra fondos:1 cuenta asociada","page.pageInfo.level1":"fondos","page.pageInfo.level2":"compra fondos","page.pageInfo.level3":"1 caracteristicas","application.globalApplication":"funds contribution","application.application.name":"compra fondos","application.application.type":"operativa","user.userState":"logado","page.pageInfo.area":"privada","page.pageInfo.pageSegment":"personas","application.step":"app started:continuar","application.typology":"deuda corto plazo","user.segment.profile":{"bind":"profile"},"application.fulfillmentModel":"online","page.pageinfo.pageIntent":"transaccion","page.pageinfo.language":"ES","siteEnvironment":"online:app:de:web","page.pageInfo.channel":"online","pageInstanceID":"de","page.pageInfo.version":"1","page.pageInfo.sysEnv":"app","user.segment.global":"1001","user.profileID":"1234567890","loadTime":"31","maxPercentViewed":"100","initialPercentViewed":"100","verticalPixels":"120","timeParting":"2018-03-06|06|3|03|23:18|evening|10|2018","returningVisitor":"Repeat","page.pageInfo.bussinessUnit":"BBVA Mexico","siteAppName":"App BBVA Mexico","previousSiteSection L1":"fondos","user.gender":"female","user.country":"mexico","user.state":"ciudad de mexico","mcid":"90935011211628978872531618458877490031","customLink":"AMACTION:compra fondos:app started:lo quiero","previousPageType":"trasaccion"}}},"FUNDS_CONTRIBUTION_ANALYTICS_ACCOUNT_SELECTED":{"bind":"analytics-app-step-2","analytics":{"action":"app step 2","digitalData":{"product.primaryCategory":"inversiones","product.productSubtype":"fondos inversion","product.productName":{"bind":"productName"},"application.offer":{"bind":"offer"},"page.pageInfo.pageName":"privada:personas:fondos:compra fondos:2 importe","page.pageInfo.level1":"fondos","page.pageInfo.level2":"compra fondos","page.pageInfo.level3":"2 importe","application.globalApplication":"funds contribution","application.application.name":"compra fondos","application.application.type":"operativa","user.userState":"logado","page.pageInfo.area":"privada","page.pageInfo.pageSegment":"personas","application.step":"2 importe","application.typology":"deuda corto plazo","user.segment.profile":{"bind":"profile"},"application.fulfillmentModel":"online","page.pageinfo.pageIntent":"transaccion","page.pageinfo.language":"ES","siteEnvironment":"online:app:de:web","page.pageInfo.channel":"online","pageInstanceID":"de","page.pageInfo.version":"1","page.pageInfo.sysEnv":"app","user.segment.global":"1001","user.profileID":"1234567890","loadTime":"31","maxPercentViewed":"100","initialPercentViewed":"100","verticalPixels":"120","timeParting":"2018-03-06|06|3|03|23:18|evening|10|2018","returningVisitor":"Repeat","page.pageInfo.bussinessUnit":"BBVA Mexico","siteAppName":"App BBVA Mexico","previousSiteSection L1":"fondos","user.gender":"female","user.country":"mexico","user.state":"ciudad de mexico","mcid":"90935011211628978872531618458877490031","previousPage":"privada:personas:fondos:compra fondos:1 cuenta asociada","previousPageType":"trasaccion"}}},"FUNDS_CONTRIBUTION_ANALYTICS_SELECT_OPERATION":{"bind":"analytics-app-step-3","analytics":{"action":"app step 3","digitalData":{"product.primaryCategory":"inversiones","product.productSubtype":"fondos inversion","product.productName":{"bind":"productName"},"application.offer":{"bind":"offer"},"page.pageInfo.pageName":"privada:personas:fondos:compra fondos:3 cuenta asociada","page.pageInfo.level1":"fondos","page.pageInfo.level2":"compra fondos","page.pageInfo.level3":"3 cuenta asociada","application.globalApplication":"funds contribution","application.application.name":"compra fondos","application.application.type":"operativa","user.userState":"logado","page.pageInfo.area":"privada","page.pageInfo.pageSegment":"personas","application.step":"3 cuenta asociada","application.currency":{"bind":"currency"},"application.amount":{"bind":"amount"},"application.typology":"deuda corto plazo","user.segment.profile":{"bind":"profile"},"application.fulfillmentModel":"online","page.pageinfo.pageIntent":"transaccion","page.pageinfo.language":"ES","siteEnvironment":"online:app:de:web","page.pageInfo.channel":"online","pageInstanceID":"de","page.pageInfo.version":"1","page.pageInfo.sysEnv":"app","user.segment.global":"1001","user.profileID":"1234567890","loadTime":"31","maxPercentViewed":"100","initialPercentViewed":"100","verticalPixels":"120","timeParting":"2018-03-06|06|3|03|23:18|evening|10|2018","returningVisitor":"Repeat","page.pageInfo.bussinessUnit":"BBVA Mexico","siteAppName":"App BBVA Mexico","previousSiteSection L1":"fondos","user.gender":"female","user.country":"mexico","user.state":"ciudad de mexico","mcid":"90935011211628978872531618458877490031","previousPage":"privada:personas:fondos:compra fondos:2 tipo de compra","previousPageType":"trasaccion"}}},"FUNDS_CONTRIBUTION_ANALYTICS_ENTER_AMOUT":{"bind":"analytics-app-step-4"},"FUNDS_CONTRIBUTION_ANALYTICS_INFORMATION_SIMULATION":{"bind":"analytics-app-step-simulation-created","analytics":{"action":"huellaAvanzada","digitalData":{"page.pageInfo.pageName":"privada:personas:fondos:compra fondos:simulacion","page.pageInfo.level1":"fondos","page.pageInfo.level2":"compra fondos","page.pageInfo.level3":"simulacion","user.userState":"logado","page.pageInfo.area":"privada","page.pageinfo.pageIntent":"informacion","page.pageinfo.language":"ES","siteEnvironment":"online:app:de:web","page.pageInfo.channel":"online","pageInstanceID":"de","page.pageInfo.version":"1","page.pageInfo.sysEnv":"app","user.segment.global":"1001","user.profileID":"1234567890","loadTime":"31","maxPercentViewed":"100","initialPercentViewed":"100","verticalPixels":"120","timeParting":"2018-03-06|06|3|03|23:18|evening|10|2018","returningVisitor":"Repeat","page.pageInfo.bussinessUnit":"BBVA Mexico","siteAppName":"App BBVA Mexico","previousSiteSection L1":"fondos","user.gender":"female","user.country":"mexico","user.state":"ciudad de mexico","mcid":"90935011211628978872531618458877490031","page.pageInfo.pageSegment":"personas","previousPage":"privada:personas:fondos:compra fondos:importe","previousPageType":"trasaccion"}}},"FUNDS_CONTRIBUTION_ANALYTICS_FINISH_STEP":{"bind":"analytics-app-step-confirmation"},"FUNDS_CONTRIBUTION_ANALYTICS_RECEIPT":{"bind":"analytics-app-step-confirmation-success","analytics":{"action":"app completed","digitalData":{"product.primaryCategory":"inversiones","product.productSubtype":"fondos inversion","product.productName":{"bind":"productName"},"application.offer":{"bind":"offer"},"application.state":"finalizado","application.operationNumber":"","page.pageInfo.pageName":"privada:personas:fondos:compra fondos:pagina exitosa","page.pageInfo.level1":"fondos","page.pageInfo.level2":"compra fondos","page.pageInfo.level3":"pagina exitosa","application.globalApplication":"funds contribution","application.application.name":"compra fondos","application.application.type":"operativa","user.userState":"logado","page.pageInfo.area":"privada","page.pageInfo.pageSegment":"personas","application.step":"pagina exitosa","application.currency":"MXN","application.amount":"","application.typology":"deuda corto plazo","user.segment.profile":{"bind":"profile"},"application.fulfillmentModel":"online","application.process":{"bind":"process"},"page.pageinfo.language":"ES","page.pageinfo.pageIntent":"transaccion","siteEnvironment":"online:app:de:web","page.pageInfo.channel":"online","pageInstanceID":"de","page.pageInfo.version":"1","page.pageInfo.sysEnv":"app","user.segment.global":"1001","user.profileID":"1234567890","loadTime":"31","maxPercentViewed":"100","initialPercentViewed":"100","verticalPixels":"120","timeParting":"2018-03-06|06|3|03|23:18|evening|10|2018","returningVisitor":"Repeat","page.pageInfo.bussinessUnit":"BBVA Mexico","siteAppName":"App BBVA Mexico","previousSiteSection L1":"fondos","user.gender":"female","user.country":"mexico","user.state":"ciudad de mexico","mcid":"90935011211628978872531618458877490031","previousPage":"privada:personas:fondos:compra fondos:4 otp","previousPageType":"trasaccion"}}}}}}},{"zone":"app__header","type":"UI","tag":"cells-molecule-header","properties":{"continue":"dashboard","className":"header--grey","secondaryClass":"header--core","leftIcon":"coronita:close","leftIconSize":"22","titleName":"cells-funds-withdrawal-header-title-purchase","cellsConnections":{"in":{"add_header_class":{"bind":"setSecondaryClass"},"remove_header_class":{"bind":"removeSecondaryClass"},"global_FUNDS_CONTRIBUTION_EXIT_ACCEPT":{"bind":"removeSecondaryClass"},"FUNDS_CONTRIBUTION_GO_BACK":{"bind":"removeSecondaryClass"}},"out":{"FUNDS_CONTRIBUTION_GO_BACK_NAVIGATION":{"bind":"click-left-button"}}}}},{"zone":"app__main","tag":"cells-handle-life-cycle","type":"UI","properties":{"pageName":"fundsContribution","private":true,"tokenName":"tsec","customInitEvents":{"swipe-menu-enabled":false},"cellsConnections":{"in":{"__bridge_app":{"bind":"navigation"},"__bridge_page_fundsContribution":{"bind":"init"}},"out":{"FUNDS_CONTRIBUTION_INIT_PAGE":{"bind":"init-page"}}}}},{"zone":"app__main","tag":"diy-step-opx-dm","type":"DM","properties":{"lang":"es-MX","autoActivateStep":false,"repeatOperative":true,"decorateSteps":true,"operativeName":"FUNDSPURCHASE","cellsConnections":{"in":{"FUNDS_CONTRIBUTION_INIT_PAGE":{"bind":"setHeaderOriginColor"},"FUNDS_CONTRIBUTION_GO_BACK_NAVIGATION":{"bind":"manageBackButton"},"FUNDS_CONTRIBUTION_HANDLED_NAVIGATION_BACK":{"bind":"manageBackButton"},"FUNDS_CONTRIBUTION_COLLAPSE_OTHER_STEP":{"bind":"goToStep"},"FUNDS_CONTRIBUTION_NEXT_STEP":{"bind":"goToNext"},"FUNDS_CONTRIBUTION_REGISTER_STEP_CHANNEL":{"bind":"registerStep"},"FUNDS_CONTRIBUTION_NAVIGATION_TO_FUNDS_CONTRIBUTION_LIST":{"bind":"reset"},"global_FUNDS_CONTRIBUTION_EXIT_ACCEPT":{"bind":"reset"},"FUNDS_CONTRIBUTION_GO_BACK":{"bind":"reset"},"FUNDS_CONTRIBUTION_ACEPT_MODAL_EXIT_CONFIRM":{"bind":"reset"},"NAVIGATE_TO_FUNDS_INVESTMENTS_CONTRIBUTION_SUCCESS":{"bind":"reset"},"navigation_investment_funds_to_dashboard":{"bind":"reset"},"FUNDS_CONTRIBUTION_ACCEPT_MODAL_ERROR_SIMULATION":{"bind":"reset"},"FUNDS_CONTRIBUTION_OFFER_PAGE_NEXT_STEP":{"bind":"showExitConfirm"}},"out":{"FUNDS_CONTRIBUTION_SHOW_BUTTON_FINISH_STEPS":{"bind":"can-execute-changed"},"FUNDS_CONTRIBUTION_GO_BACK":{"bind":"navigate-back-button","backStep":true},"FUNDS_CONTRIBUTION_OPEN_MODAL_EXIT_CONFIRM":{"bind":"show-close-confirm"},"FUNDS_CONTRIBUTION_SCROLL_ZONE":{"bind":"cells-scroll-zone"}}}}},{"zone":"app__main","type":"DM","tag":"cells-dm-global-apis-investment-funds","properties":{"host":"https://glomo.bancomermovil.com/SRVS_A02","investmentFundsApiVersion":"0","native":true,"requiredToken":"tsec","cellsConnections":{"in":{"FUNDS_CONTRIBUTION_POST_SIMULATE_SUBSCRIPTION":{"bind":"postFundSimulateSubscription"}},"out":{"FUNDS_CONTRIBUTION_SUCCES_POST_SUBSCRIPTION_SIMULATE":{"bind":"success-on-post-subscriptions-simulate"},"FUNDS_CONTRIBUTION_ERROR_POST_SUBSCRIPTION_SIMULATE":{"bind":"error-on-post-subscriptions-simulate"}}}}},{"zone":"app__main","type":"DM","tag":"cells-glomo-dm-investment-funds","properties":{"cellsConnections":{"in":{"global_cache_channel":{"bind":"globalCacheStorage"},"global_server_config_channel":{"bind":"globalServerConfig"},"GLOMO_STANDARD_ERROR_CHANNEL":{"bind":"handleError"},"global_web_response_success_channel":{"bind":"successResponseHandler"},"global_web_response_failure_channel":{"bind":"errorResponseHandler"},"FUNDS_CONTRIBUTION_REQUEST_SUBSCRIPTION_DETAIL":{"bind":"requestFundSubscription"}},"out":{"global_web_response_success_channel":{"bind":"clean-success-response","forward-to-native":true},"global_web_response_failure_channel":{"bind":"clean-error-response","forward-to-native":true},"GLOMO_STANDARD_ERROR_CHANNEL":{"bind":"clean-standard-error"},"BLOCKER_ERROR_PAGE_NAVIGATION_CHANNEL":{"bind":"blocker-error-page","link":{"page":"errorPage","skipHistory":true}},"NON_BLOCKER_ERROR_PAGE_NAVIGATION_CHANNEL":{"bind":"non-blocker-error-page","link":{"page":"errorPage"}},"OPEN_ERROR_MODAL_CHANNEL":{"bind":"open-error-modal"},"OTP_SCREEN_CANCEL_CHANNEL":{"bind":"otp-screen-cancelled"},"global_web_request_channel":{"bind":"request-payload-changed","forward-to-native":true},"FUNDS_CONTRIBUTION_SUCCESS_SUBSCRIPTION_FROM_DM":{"bind":"fund-subscriptions-detail-from-dm"},"FUNDS_CONTRIBUTION_ERROR_SUBSCRIPTION_FROM_DM":{"bind":"fund-subscriptions-error"}}}}},{"zone":"app__main","tag":"cells-step-card-offer-page","type":"UI","properties":{"id":"cells-step-card-offer-page","currentStep":1,"className":"funds-purchase funds-investment","localCurrency":"MXN","language":"en","digitalNumber":5,"stepChangeLabel":"cells-funds-withdrawal-step-card-offer-page-link-collapsed","featuresText":"cells-funds-withdrawal-characteristics","availableLineText":"cells-funds-withdrawal-balance-fund","keepInMindText":"cells-funds-withdrawal-requirements","infoMessageType":"warning","stepTitle":"cells-funds-withdrawal-fund-data-step-header","wantButtonText":"cells-funds-withdrawal-offerpage-button","hideCollapsedBenefits":true,"showContractNumberCollapsed":true,"showSmallAmountAvailableLine":true,"showInfoMessage":true,"hideImageCollapsed":true,"hideBenefitsSubHeader":true,"active":true,"showSummary":true,"enableConfirmButton":true,"cellsConnections":{"in":{"FUNDS_CONTRIBUTION_INIT_PAGE":{"bind":"initialize"},"FUNDS_CONTRIBUTION_INITIAL_INFO_CONTRACT_CARD_OFFER":{"bind":"cardOffer"},"FUNDS_CONTRIBUTION_INITIAL_INFO_CONTRACT_OFFER_TAXES":{"bind":"taxesInfo"},"FUNDS_CONTRIBUTION_INITIAL_INFO_INFO_MESSAGE":{"bind":"infoMessageDescription"},"FUNDS_CONTRIBUTION_OFFER_ERROR_MESSAGE":{"bind":"errorMessage"},"FUNDS_CONTRIBUTION_SCROLL_COMPLETE":{"bind":"scrollComplete"}},"out":{"FUNDS_CONTRIBUTION_REGISTER_STEP_CHANNEL":{"bind":"register-step"},"FUNDS_CONTRIBUTION_NEXT_STEP":{"bind":"continue-pressed"},"FUNDS_CONTRIBUTION_OFFER_PAGE_NEXT_STEP":{"bind":"continue-pressed"},"FUNDS_CONTRIBUTION_COLLAPSE_OTHER_STEP":{"bind":"change-pressed"},"FUNDS_CONTRIBUTION_PROFITABILITY_DETAILS_CLICKED":{"bind":"cells-step-card-offer-page-features-link-clicked"},"add_header_class":{"bind":"continue-pressed"},"remove_header_class":{"bind":"change-pressed"},"FUNDS_CONTRIBUTION_FIRST_STEP":{"bind":"change-pressed"}}}}},{"zone":"app__main","tag":"cells-step-simulation-operation","type":"UI","properties":{"id":"cells-step-simulation-operation","currentStep":2,"localCurrency":"MXN","language":"es-MX","currency":"MXN","amountButtonText":"cells-funds-withdrawal-calculate-button-text","stepTitle":"cells-funds-withdrawal-sale-amount-step-header-purchase","stepDescription":"cells-funds-withdrawal-indication-amount-purchase","messageText":"cells-funds-withdrawal-notification-message-purchase","showSimulator":false,"showInfoMessage":true,"infoType":"info","type":"tel","rageMessageAfterNumber":"cells-funds-withdrawal-info-message-form-amount-min-fund-amount-purchase-between","amountErrorMinLimitMessage":"cells-investments-funds-amount-error-min-limit-message-contribution","amountErrorMaxLimitMessage":"cells-investments-funds-amount-error-max-limit-message-contribution","hasTextAfterAmountErrorMaxLimit":true,"messageAfterAmountErrorMaxLimit":"cells-investments-funds-message-after-amount-error-max-limit-contribution","filledAmountLabel":"cells-funds-withdrawal-summary-view-amount-operation","infoMessageSimulationValue":"cells-funds-withdrawal-redeems-message-purchase","hiddenMinLimit":true,"showTopAmountMessage":false,"showGraph":false,"keepOpened":true,"keepAmount":true,"keepValues":["showInfoMessage"],"simulationConfirmButtons":{"buttons":{"primary":{"class":"secondary","text":"cells-funds-withdrawal-withdrawal-first-button"},"secondary":{"class":"link","text":"cells-funds-withdrawal-withdrawal-second-button"}}},"changeLabel":"cells-funds-withdrawal-edit-label-step","cellsConnections":{"in":{"FUNDS_CONTRIBUTION_INIT_PAGE":{"bind":"initialize"},"FUNDS_CONTRIBUTION_SHOW_SIMULATOR":{"bind":"simulationInfo"},"FUNDS_CONTRIBUTION_BUTTONS_SIMULATOR_AND_CHNAGE_COLLAPSED":{"bind":"setProperties"},"FUNDS_CONTRIBUTION_AMOUNT_COLLAPSED":{"bind":"setProperties"},"FUNDS_CONTRIBUTION_COLLAPSED_SIMULATOR_OUT_OF_TIME_MESSAGE":{"bind":"setProperties"},"FUNDS_CONTRIBUTION_COLLAPSED_SIMULATOR_OUT_OF_TIME":{"bind":"isNotEnoughAmount"},"FUNDS_CONTRIBUTION_HIDE_SIMULATOR":{"bind":"showSimulator"},"FUNDS_CONTRIBUTION_SIMULATE_MAX_LIMIT":{"bind":"maxValue"},"FUNDS_CONTRIBUTION_MESSAGE_OTHER_LIQUIDITY":{"bind":"infoMessage"},"FUNDS_CONTRIBUTION_INITIAL_MIN_LIMIT":{"bind":"minValue"},"FUNDS_CONTRIBUTION_INITIAL_MIN_LIMIT_MESSAGE":{"bind":"rageMessageBeforeNumber"},"FUNDS_CONTRIBUTION_SCROLL_COMPLETE":{"bind":"scrollComplete"}},"out":{"FUNDS_CONTRIBUTION_REGISTER_STEP_CHANNEL":{"bind":"register-step"},"FUNDS_CONTRIBUTION_COLLAPSE_OTHER_STEP":{"bind":"change-pressed"},"FUNDS_CONTRIBUTION_FOCUS_IN":{"bind":"cells-step-focus-in"},"FUNDS_CONTRIBUTION_SEND_AMMOUNT_TO_SIMULATE":{"bind":"send-step-amount-value"},"FUNDS_CONTRIBUTION_NEXT_STEP":{"bind":"cells-confirm-buttons-click-primary"}}}}},{"zone":"app__main","tag":"cells-step-product-selector","type":"UI","properties":{"id":"cells-step-product-selector","errorMessage":"FUNDS-CONTRIBUTION-ERROR-MESSAGE","currentStep":3,"stepTitle":"cells-funds-withdrawal-account-step-header","productsListLabel":"FUNDS-CONTRIBUTION-LIST-PRODUCTS","className":"funds-investment funds-purchase","visibleChars":5,"header":"cells-funds-withdrawal-choice-account-text-purchase","changeOriginText":"cells-step-product-selector-change-selection-button-label","localCurrency":"MXN","disabled":true,"shouldHideChangeButton":true,"disableChange":true,"cellsConnections":{"in":{"FUNDS_CONTRIBUTION_INIT_PAGE":{"bind":"initialize"},"FUNDS_CONTRIBUTION_ASSOCIATED_ACCOUNT_INFO":{"bind":"products"},"FUNDS_CONTRIBUTION_SCROLL_COMPLETE":{"bind":"scrollComplete"}},"out":{"FUNDS_CONTRIBUTION_REGISTER_STEP_CHANNEL":{"bind":"register-step"},"FUNDS_CONTRIBUTION_NEXT_STEP":{"bind":"on-change-product-selected"},"FUNDS_CONTRIBUTION_FOCUS_IN":{"bind":"cells-step-focus-in"}}}}},{"zone":"app__main","type":"UI","tag":"cells-icon-message","properties":{"id":"cells-icon-message-out-of-time","type":"warning","className":"margin-l","icon":"coronita:info","class":"message-connection","hidden":true,"cellsConnections":{"in":{"FUNDS_CONTRIBUTION_SHOW_LAST_ICON_MESSAGE_OUT_OF_TIME":{"bind":"hidden"},"FUNDS_CONTRIBUTION_LAST_ICON_MESSAGE_OUT_OF_TIME":{"bind":"message"}},"out":{}}}},{"zone":"app__main","type":"UI","tag":"cells-icon-message","properties":{"id":"cells-icon-message","type":"info","className":"margin-l funds-investment-last-spacing","message":"cells-funds-withdrawal-final-info-amount-purchase","icon":"coronita:info","hidden":true,"cellsConnections":{"in":{"FUNDS_CONTRIBUTION_LAST_ICON_MESSAGE":{"bind":"hidden"}},"out":{}}}},{"zone":"app__confirm","type":"UI","tag":"cells-summary-view","properties":{"id":"cells-summary-view","showLoadingSkeleton":true,"showAddition":true,"className":"funds-investment","buttonLabel":"cells-summary-view-subscribe-purchase","summaryViewTitle":"cells-funds-withdrawal-summary-view-amount-operation","itfIcon":"coronita:help","operationAmountClass":"amount-huge-decimals","localCurrency":"MXN","hideCustomFeesMessage":true,"managmentFeesMessage":"sale-funds-withdrawal","cellsConnections":{"in":{"FUNDS_CONTRIBUTION_SET_INFO_STICKY":{"bind":"operation"}},"out":{"FUNDS_CONTRIBUTION_SET_INFO_AMOUNT_STICKY":{"bind":"summary-closed"}}}}},{"zone":"app__main","tag":"glomo-funds-operation-manager","type":"DM","properties":{"pageName":"fundsContribution","localCurrency":"MXN","cellsConnections":{"in":{"global_cache_channel":{"bind":"globalCacheStorage"},"global_server_config_channel":{"bind":"globalServerConfig"},"GLOMO_STANDARD_ERROR_CHANNEL":{"bind":"handleError"},"FUND_CONTRACTED_DETAIL_SHOW_CONTRIBUTION_FLOW":{"bind":"parseFundDetailInfo"},"FUNDS_CONTRIBUTION_SUCCESS_SUBSCRIPTION_FROM_DM":{"bind":"successContributionOperation"},"FUNDS_CONTRIBUTION_ERROR_SUBSCRIPTION_FROM_DM":{"bind":"errorContributionOperation"},"FUNDS_CONTRIBUTION_SEND_AMMOUNT_TO_SIMULATE":{"bind":"requestSimlation"},"FUNDS_CONTRIBUTION_ACTIVATE_STIKY":{"bind":"sendInfoSticky"},"FUNDS_CONTRIBUTION_SET_INFO_AMOUNT_STICKY":{"bind":"requestContribution"},"FUNDS_CONTRIBUTION_SUCCES_POST_SUBSCRIPTION_SIMULATE":{"bind":"simulationData"},"FUNDS_CONTRIBUTION_ERROR_POST_SUBSCRIPTION_SIMULATE":{"bind":"responseSimulationError"},"FUNDS_CONTRIBUTION_SHOW_BUTTON_FINISH_STEPS":{"bind":"canExecute"},"FUNDS_CONTRIBUTION_SCOLL_TEMPLATE":{"bind":"animationStiky"},"FUNDS_CONTRIBUTION_OPEN_MODAL_EXIT_CONFIRM":{"bind":"modalConfirmExit"},"__bridge_cancelled_back_navigation":{"bind":"handledOperationBack"},"product_detail_fund_flags":{"bind":"fundFlag"}},"out":{"global_web_response_success_channel":{"bind":"clean-success-response","forward-to-native":true},"global_web_response_failure_channel":{"bind":"clean-error-response","forward-to-native":true},"GLOMO_STANDARD_ERROR_CHANNEL":{"bind":"clean-standard-error"},"BLOCKER_ERROR_PAGE_NAVIGATION_CHANNEL":{"bind":"blocker-error-page","link":{"page":"errorPage","skipHistory":true}},"NON_BLOCKER_ERROR_PAGE_NAVIGATION_CHANNEL":{"bind":"non-blocker-error-page","link":{"page":"errorPage"}},"OPEN_ERROR_MODAL_CHANNEL":{"bind":"open-error-modal"},"OTP_SCREEN_CANCEL_CHANNEL":{"bind":"otp-screen-cancelled"},"FUNDS_CONTRIBUTION_REQUEST_SUBSCRIPTION_DETAIL":{"bind":"request-contribution-payload"},"FUNDS_CONTRIBUTION_INITIAL_INFO_CONTRACT_CARD_OFFER":{"bind":"set-contract-card-offer"},"FUNDS_CONTRIBUTION_INITIAL_INFO_CONTRACT_OFFER_TAXES":{"bind":"set-contract-offer-page-taxes-info"},"FUNDS_CONTRIBUTION_ASSOCIATED_ACCOUNT_INFO":{"bind":"set-associated-account-event"},"FUNDS_CONTRIBUTION_SHOW_SIMULATOR":{"bind":"set-simulation-detail-event"},"FUNDS_CONTRIBUTION_SET_INFO_STICKY":{"bind":"send-step-amount-sticky-value"},"FUNDS_CONTRIBUTION_MESSAGE_OTHER_LIQUIDITY":{"bind":"message-other-liquidity-event"},"funds_investments_success_set_title_header":{"bind":"set-header-title"},"FUNDS_CONTRIBUTION_AMOUNT_COLLAPSED":{"bind":"set-amount-collapsed-event"},"FUNDS_CONTRIBUTION_COLLAPSED_SIMULATOR_OUT_OF_TIME_MESSAGE":{"bind":"set-amount-collapsed-simulator-out-of-time-message"},"FUNDS_CONTRIBUTION_COLLAPSED_SIMULATOR_OUT_OF_TIME":{"bind":"set-amount-collapsed-simulator"},"FUNDS_CONTRIBUTION_NEXT_STEP":{"bind":"set-amount-collapsed-simulator"},"FUNDS_CONTRIBUTION_LAST_ICON_MESSAGE":{"bind":"show-last-icon-message-event"},"FUNDS_CONTRIBUTION_SHOW_LAST_ICON_MESSAGE_OUT_OF_TIME":{"bind":"show-last-icon-message-out-of-time-event"},"FUNDS_CONTRIBUTION_LAST_ICON_MESSAGE_OUT_OF_TIME":{"bind":"last-icon-message-out-of-time-event"},"open_control_veil":{"bind":"show-veil-simulation-event"},"close_control_veil":{"bind":"hide-veil-simulation-event"},"FUNDS_CONTRIBUTION_POST_SIMULATE_SUBSCRIPTION":{"bind":"request-subscriptions-simulate"},"FUNDS_CONTRIBUTION_OPEN_MODAL_EXIT_CONFIRM_DETAIL":{"bind":"open-modal-exit-confirm"},"FUNDS_CONTRIBUTION_OPEN_MODAL_ERROR_SIMULATION_DETAIL":{"bind":"open-modal-error-simulation"},"NAVIGATE_TO_FUNDS_INVESTMENTS_CONTRIBUTION_SUCCESS":{"bind":"success-transaction-screen","link":{"page":"fundsInvestmentsContributionSuccessPage"}},"remove_header_class":{"bind":"success-transaction-screen"},"FUNDS_CONTRIBUTION_SIMULATE_MAX_LIMIT":{"bind":"simulation-related-contract-max-limit"},"FUNDS_CONTRIBUTION_CONFIRM_ANIMATION":{"bind":"open-stiky-animation"},"FUNDS_CONTRIBUTION_RESET_SCROLL":{"bind":"reset-scroll"},"FUNDS_CONTRIBUTION_INITIAL_INFO_INFO_MESSAGE":{"bind":"set-info-message"},"FUNDS_CONTRIBUTION_INITIAL_MIN_LIMIT":{"bind":"found-amount-min-limit"},"FUNDS_CONTRIBUTION_INITIAL_MIN_LIMIT_MESSAGE":{"bind":"found-amount-min-limit-message"},"FUNDS_CONTRIBUTION_OPEN_MODAL_ERROR_GENERIC_DETAIL":{"bind":"error-funds-contribution-generic"},"FUNDS_CONTRIBUTION_HANDLED_NAVIGATION_BACK":{"bind":"back-navigation-pressed-dashboard"}}}}},{"zone":"app__overlay","type":"UI","tag":"glomo-alert-manager","properties":{"className":"exit-investment-funds generic-error-investment-funds","cellsConnections":{"in":{"FUNDS_CONTRIBUTION_OPEN_MODAL_EXIT_CONFIRM_DETAIL":{"bind":"openWithSettings"},"FUNDS_CONTRIBUTION_OPEN_MODAL_ERROR_SIMULATION_DETAIL":{"bind":"openWithSettings"},"FUNDS_CONTRIBUTION_OPEN_MODAL_ERROR_GENERIC_DETAIL":{"bind":"openWithSettings"},"FUNDS_CONTRIBUTION_CANCEL_MODAL_EXIT_CONFIRM":{"bind":"close"}},"out":{"FUNDS_CONTRIBUTION_CANCEL_MODAL_EXIT_CONFIRM":{"bind":"alert-LEAVE-OPERATIVE-cancel"},"FUNDS_CONTRIBUTION_ACEPT_MODAL_EXIT_CONFIRM":{"bind":"alert-LEAVE-OPERATIVE-accept","backStep":true},"FUNDS_CONTRIBUTION_ACCEPT_MODAL_ERROR_SIMULATION":{"bind":"alert-SIMULATION-ERROR-accept","link":{"page":"fundContractedDetail"}},"navigation_investment_funds_to_dashboard":{"bind":"alert-GENERIC-ERROR-accept","backStep":true,"forward-to-native":true},"remove_header_class":{"bind":"alert-LEAVE-OPERATIVE-accept"}}}}}]}