{"hash":"mxfund-contracted-detail","currentPage":{"url":"/fund-contracted-detail","params":[]},"pages":{},"template":{"tag":"cells-template-coronita","properties":{"disableEdgeSwipe":true,"headerFixed":true,"animationType":"horizontal","preventScrollWithOverlay":true,"extraHeaderClass":"dark-blue-bg","headerHeight":59,"cellsConnections":{"in":{},"out":{}}}},"components":[{"zone":"app__overlay","tag":"cells-spinner-veil","properties":{"withMask":true,"size":72,"cellsConnections":{"in":{"open_control_veil":{"bind":"openVeil"},"close_control_veil":{"bind":"closeVeil"},"global_error_tsec_expired":{"bind":"closeVeil"},"OPEN_LOAN_PAYMENTS_VEIL":{"bind":"openVeil"},"CLOSE_LOAN_PAYMENTS_VEIL":{"bind":"closeVeil"},"GAS_RESPONSE_ACCOUNT_STATEMENTS_LIST_ACCOUNTS":{"bind":"closeVeil"},"GAS_RESPONSE_ACCOUNT_STATEMENTS_LIST_CARDS":{"bind":"closeVeil"},"GAS_ERROR_ACCOUNT_STATEMENTS_LIST_ACCOUNTS":{"bind":"closeVeil"},"GAS_ERROR_ACCOUNT_STATEMENTS_LIST_CARDS":{"bind":"closeVeil"},"GAS_RESPONSE_ACCOUNT_STATEMENTS_PDF_CARDS":{"bind":"closeVeil"},"GAS_ERROR_ACCOUNT_STATEMENTS_PDF_CARDS":{"bind":"closeVeil"},"GAS_RESPONSE_ACCOUNT_STATEMENTS_PDF_ACCOUNTS":{"bind":"closeVeil"},"GAS_ERROR_ACCOUNT_STATEMENTS_PDF_ACCOUNTS":{"bind":"closeVeil"},"RESPONSE_ERROR_ACCOUNT_STATEMENTS_PDF_ACCOUNTS":{"bind":"closeVeil"},"RESPONSE_ERROR_ACCOUNT_STATEMENTS_PDF_CARDS":{"bind":"closeVeil"},"CCL_OPEN_CONTROL_VEIL":{"bind":"openVeil"},"ICAP_OPEN_CONTROL_VEIL":{"bind":"openVeil"},"ASSISTANCE_SECTION_INIT_OPEN_SPINNER":{"bind":"openVeil"},"payrollAdvance_GET_OPEN_CONTROL_VEIL":{"bind":"openVeil"},"payrollAdvance_SIMULATE_OPEN_CONTROL_VEIL":{"bind":"openVeil"},"payrollAdvance_POST_OPEN_CONTROL_VEIL":{"bind":"openVeil"},"OTP_SCREEN_CANCEL_CHANNEL":{"bind":"closeVeil"},"CODI_OPEN_CONTROL_VEIL_KEYSOURCE":{"bind":"openVeil"},"CODI_OPEN_CONTROL_VEIL_DECRYPT":{"bind":"openVeil"},"CODI_OPEN_CONTROL_VEIL_VALID":{"bind":"openVeil"},"CCL_CLOSE_CONTROL_VEIL":{"bind":"closeVeil"},"CCL_DOCUMENT_CONTENT_ERROR":{"bind":"closeVeil"},"CCL_DOCUMENT_UNAUTHORIZED_ERROR":{"bind":"closeVeil"},"ICAP_CLOSE_CONTROL_VEIL":{"bind":"closeVeil"},"payrollAdvance_GET_CLOSE_CONTROL_VEIL":{"bind":"closeVeil"},"payrollAdvance_SIMULATE_CLOSE_CONTROL_VEIL":{"bind":"closeVeil"},"payrollAdvance_API_ERROR_CLOSE_CONTROL_VEIL":{"bind":"closeVeil"},"payrollAdvance_DOC_FETCH_FAILURE":{"bind":"closeVeil"},"PAPO_RECEIVE_PORTABILITY_OPEN_CONTROL_VEIL":{"bind":"openVeil"},"payrollPortability_CURRENT_PAYROLL_SEARCH_BUTTON_PRESSED":{"bind":"openVeil"},"PAPO_LISTEN_CURRENT_OPEN_CONTROL_VEIL":{"bind":"openVeil"},"PAPO_SET_ACOUNT_OPEN_CONTROL_VEIL":{"bind":"openVeil"},"PAPO_PORTABILITY_CREATION_OPEN_CONTROL_VEIL":{"bind":"openVeil"},"PAPO_SET_LIST_CLOSE_CONTROL_VEIL":{"bind":"closeVeil"},"payrollPortability_CURRENT_PAYROLL_DATA_HAS_ORDERED":{"bind":"closeVeil"},"PAPO_MANAGE_RECEIVERS_ERROR_CLOSE_CONTROL_VEIL":{"bind":"closeVeil"},"PAPO_OTP_SCREEN_CANCEL_CLOSE_CONTROL_VEIL":{"bind":"closeVeil"},"PAPO_CLEAN_SETTLED_CLOSE_CONTROL_VEIL":{"bind":"closeVeil"},"CALL_ME_BACK_REQUEST_INMEDIATE":{"bind":"openVeil"},"CALL_ME_BACK_REQUEST_SCHEDULE":{"bind":"openVeil"},"CALL_ME_BACK_RESPONSE_LIST":{"bind":"closeVeil"},"CALL_ME_BACK_CLOSE":{"bind":"closeVeil"},"POCKETS_LIST_REQUEST_DATA":{"bind":"openVeil"},"POCKETS_LIST_REQUEST_POCKET_UPDATE":{"bind":"openVeil"},"POCKETS_LIST_DATA_RECEIVED":{"bind":"closeVeil"},"POCKETS_LIST_POCKET_UPDATE_SUCCESS":{"bind":"closeVeil"},"POCKETS_LIST_GET_ERROR":{"bind":"closeVeil"},"POCKETS_LIST_POCKET_UPDATE_ERROR":{"bind":"closeVeil"},"POCKET_EDIT_PATCH_REQUEST":{"bind":"openVeil"},"pocketsCreate_success_channel":{"bind":"closeVeil"},"pin_request_OPEN_CONTROL_VEIN":{"bind":"openVeil"},"pin_request_HIDE_CONTROL_VEIN":{"bind":"closeVeil"},"POCKET_EDIT_PATCH_ERROR":{"bind":"closeVeil"},"POCKETS_LIST_ADD_MONEY_NAVIGATION":{"bind":"openVeil"},"POCKET_ADD_WITHDRAWAL_MONEY_SUCCESS":{"bind":"closeVeil"},"POCKETS_LIST_WITH_DRAWAL_MONEY_NAVIGATION":{"bind":"openVeil"},"POCKET_WITHDRAWAL_MONEY_SUCCESS":{"bind":"closeVeil"},"POCKETS_LIST_DELETE_NAVIGATION":{"bind":"openVeil"},"pocketsDelete_DATA_TO_UI":{"bind":"closeVeil"},"pocket_DATA_TO_UI":{"bind":"closeVeil"},"POCKET_DELETE_SUCCESS":{"bind":"closeVeil"},"POCKETS_MOVEMENT_LIST_NAVIGATION":{"bind":"openVeil"},"POCKET_MOVEMENT_SUCCESS":{"bind":"closeVeil"},"POCKET_POST_CREATE_SPINNER":{"bind":"openVeil"},"POCKET_POST_ADD_MONEY_SPINNER":{"bind":"openVeil"},"POCKET_POST_ADD_MONEY_HIDE_SPINNER":{"bind":"closeVeil"},"POCKET_POST_WITHDRAWAL_SPINNER":{"bind":"openVeil"},"POCKET_POST_DELETE_SPINNER":{"bind":"openVeil"},"pocketsDelete_POST_FAILURE":{"bind":"closeVeil"},"POCKET_POST_DELETE_ERROR":{"bind":"closeVeil"},"POCKET_ACCEPT_BUTTON_CLICKED":{"bind":"openVeil"},"pocket_CREATE_POST_FAILURE":{"bind":"closeVeil"},"pocket_WITHDRAWL_POST_FAILURE":{"bind":"closeVeil"},"pocket_ADD_MONEY_POST_FAILURE":{"bind":"closeVeil"},"pocket_UPDATE_POST_FAILURE":{"bind":"closeVeil"},"MORTGAGE_LOANPAYMENT_OPEN_VEIL":{"bind":"openVeil"},"MORTGAGE_LOANPAYMENT_CLOSE_VEIL":{"bind":"closeVeil"},"CAR_LOANPAYMENT_SHOW_SPINNER_FOOTER":{"bind":"openVeil"},"CAR_LOANPAYMENT_HIDE_SPINNER_INSTALLMENTS":{"bind":"closeVeil"},"UNPROGRAMMED_POCKET_EDIT_PAYLOAD_RECEIVED":{"bind":"closeVeil"},"RESPONSE_HEALTH_DATA":{"bind":"closeVeil"},"RESPONSE_HEALTH_DATA_ERROR":{"bind":"closeVeil"}}}}},{"zone":"app__header","tag":"cells-molecule-header","type":"UI","properties":{"className":"header--dark","leftIcon":"coronita:return-12","titleName":"funds-list-detail-header-title","cellsConnections":{"in":{},"out":{"FUND_CONTRACTED_DETAIL_EXIT":{"bind":"click-left-button","backStep":true}}}}},{"zone":"app__main","type":"DM","tag":"glomo-funds-list-detail-manager-mx","familyPath":"glomo-funds-list-detail-manager","properties":{"language":"es-MX","localCurrency":"MXN","cellsConnections":{"in":{"FUND_CONTRACTED_DETAIL_SHOW_TOOLTIP":{"bind":"showTooltip"},"FUND_FUNDS_OPERATION_DATA":{"bind":"fundOperations"},"FUND_CONTRACTED_DETAIL_CONTRIBUTION-WITHDRAWAL":{"bind":"generateContributionWithdrawalObj"}},"out":{"FUND_CONTRACTED_DETAIL_SHOW_TOOLTIP_MESSAGE":{"bind":"funds-list-detail-show-tooltip-message"},"FUND_CONTRACTED_DETAIL_SHOW_CONTRIBUTION_FLOW":{"bind":"funds-list-detail-show-contribution-section","link":{"page":"fundsContribution"}},"FUND_CONTRACTED_DETAIL_SHOW_WITHDRAWAL_FLOW":{"bind":"funds-list-detail-show-withdrawal-section","link":{"page":"fundsWithdrawal"}}}}}},{"zone":"app__main","tag":"cells-product-summary","type":"UI","properties":{"className":"fund-contracted-detail full-width","hideMoreInfoButton":true,"cellsConnections":{"in":{"FUND_FUNDS_SUMMARY_DETAIL_MORE_INFO":{"bind":"setProperties"}},"out":{"FUND_CONTRACTED_DETAIL_SHOW_TOOLTIP":{"bind":"cells-product-summary-optional-items-key-icon"}}}}},{"zone":"app__main","tag":"cells-operations-list","type":"UI","properties":{"className":"fund-contracted-detail","hidden":true,"cellsConnections":{"in":{"FUND_FUNDS_ACTIVE_CONTRIBUTION_WITHDRAWAL":{"bind":"setProperties"}},"out":{"FUND_CONTRACTED_DETAIL_CONTRIBUTION-WITHDRAWAL":{"bind":"operation-click"}}}}},{"zone":"app__main","tag":"cells-product-more-info","type":"UI","properties":{"className":"fund-contracted-detail cells-product-more-info","cellsConnections":{"in":{"FUND_FUNDS_PRODUCT_DETAIL_MORE_INFO":{"bind":"setProperties"}},"out":{"FUND_CONTRACTED_DETAIL_COPY_ACCOUNT":{"bind":"cells-product-more-info-button-click"},"FUND_CONTRACTED_DETAIL_SHOW_TOOLTIP":{"bind":"cells-product-more-info-help-click"}}}}},{"zone":"app__main","tag":"cells-clipboard-manager","type":"DM","properties":{"cellsConnections":{"in":{"FUND_CONTRACTED_DETAIL_COPY_ACCOUNT":{"bind":"text"}},"out":{"FUND_CONTRACTED_DETAIL_SUCCESS_COPY_ACCOUNT":{"bind":"text-copied"}}}}},{"zone":"app__footer","tag":"cells-modal-alert","type":"UI","properties":{"toast":true,"className":"dark-success","type":"success","content":"cells-product-more-info-contact-title-copy","cellsConnections":{"in":{"FUND_CONTRACTED_DETAIL_SUCCESS_COPY_ACCOUNT":{"bind":"open"}}}}},{"zone":"app__overlay","type":"UI","tag":"glomo-alert-manager","properties":{"className":"fund-contracted-detail-p-margin","cellsConnections":{"in":{"FUND_CONTRACTED_DETAIL_SHOW_TOOLTIP_MESSAGE":{"bind":"openWithSettings"}}}}},{"zone":"app__main","type":"DM","tag":"glomo-analytics-generic-manager","properties":{"cellsConnections":{"in":{"__bridge_page_fundContractedDetail":{"bind":"firePageVisit"}},"out":{"FUND_CONTRACTED_DETAIL_ANALYTICS_PAGE_VIEW_PRODUCT_DETAIL":{"bind":"analytics-page-visit","analytics":{"action":"page-view","digitalData":{"page.pageInfo.level1":"fondos","page.pageInfo.level2":"detalle inversion","user.userState":"logado","page.pageinfo.language":"ES","page.pageInfo.area":"privada","page.pageInfo.pageIntent":"transaccion","pageInstanceID":"pro","page.pageInfo.version":"","page.pageInfo.pageSegment":"personas","page.pageInfo.sysEnv":"app","user.segment.global":"003001","page.pageInfo.bussinessUnit":"BBVA Mexico","siteAppName":"App BBVA Mexico","previousPage":"privada:personas:posicion global","previousPageType":"informacion","previousSiteSection L1":"posicion global","sessionInterval":"","mcid":"73545698998924014482164865422025109024"}}}}}}}]}