{"hash":"mx-increment-review","currentPage":{"url":"/card/:productId/increment/review","params":[]},"template":{"tag":"cells-template-coronita","properties":{"animationType":"static","drawerWidth":"100%","className":"","disableScrollLock":true,"hasFooter":true,"footerHeight":100,"disableEdgeSwipe":true,"extraHeaderClass":"darker-green-bg","cellsConnections":{"in":{"navigation_increment_to":{"bind":"resetLayerScroll"},"increment_review_init_page":{"bind":"recalculateHeader"}},"out":{}}}},"components":[{"zone":"app__main","tag":"cells-handle-life-cycle","type":"UI","properties":{"pageName":"incrementReview","private":true,"cache":[],"tokenName":"tsec","cellsConnections":{"in":{"__bridge_page_incrementReview":{"bind":"init"}},"out":{"increment_review_init_page":{"bind":"init-page"},"increment_review_reset_page":{"bind":"reset"},"app_error_access_token":{"bind":"access-token-error"}}}}},{"zone":"app__header","type":"UI","tag":"cells-molecule-header","properties":{"className":"header--dark-success","rightIcon":"coronita:close","titleName":"glomo-credit-card-limit-increase-title","cellsConnections":{"in":{},"out":{"financial_overview_service_refresh":{"bind":"click-right-button","backStep":true,"forward-to-native":true}}}}},{"zone":"app__header","type":"UI","tag":"glomo-navigation-handler","properties":{"backAction":"go-back-bridge-event","cellsConnections":{"in":{"__bridge_cancelled_back_navigation":{"bind":"goBack"}},"out":{"financial_overview_service_refresh":{"bind":"go-back-bridge-event","backStep":true,"forward-to-native":true}}}}},{"zone":"app__main","tag":"cells-successful-response","type":"UI","properties":{"className":"bill-payments","formatDate":"DD MMMM YYYY, HH:mm [h]","localCurrency":"MXN","page":"increment-review","visibleChars":"4","operationsListLayout":"review","disableButtons":true,"cellsConnections":{"in":{},"out":{"increment_review_share_receipt":{"bind":"share-receipt-capture"}},"params":{"result":"increment_result"}}}},{"zone":"app__footer","tag":"cells-confirm-buttons","type":"UI","properties":{"className":"no-shadow","config":{"buttons":{"primary":{"text":"cells-successful-response-next","action":"exit"}}},"cellsConnections":{"in":{},"out":{"financial_overview_service_refresh":{"bind":"cells-confirm-buttons-click-primary","backStep":true,"forward-to-native":true}}}}}]}