{"hash":"interest-simulator","currentPage":{"url":"card/:productId/interest-simulator","params":[]},"pages":{},"template":{"tag":"cells-template-coronita","properties":{"animationType":"verticalUp","headerFixed":false,"className":"","cellsConnections":{"in":{},"out":{}}}},"components":[{"zone":"app__overlay","tag":"cells-spinner-veil","properties":{"withMask":true,"size":72,"cellsConnections":{"in":{"open_control_veil":{"bind":"openVeil"},"close_control_veil":{"bind":"closeVeil"},"global_error_tsec_expired":{"bind":"closeVeil"},"OPEN_LOAN_PAYMENTS_VEIL":{"bind":"openVeil"},"CLOSE_LOAN_PAYMENTS_VEIL":{"bind":"closeVeil"},"GAS_RESPONSE_ACCOUNT_STATEMENTS_LIST_ACCOUNTS":{"bind":"closeVeil"},"GAS_RESPONSE_ACCOUNT_STATEMENTS_LIST_CARDS":{"bind":"closeVeil"},"GAS_ERROR_ACCOUNT_STATEMENTS_LIST_ACCOUNTS":{"bind":"closeVeil"},"GAS_ERROR_ACCOUNT_STATEMENTS_LIST_CARDS":{"bind":"closeVeil"},"GAS_RESPONSE_ACCOUNT_STATEMENTS_PDF_CARDS":{"bind":"closeVeil"},"GAS_ERROR_ACCOUNT_STATEMENTS_PDF_CARDS":{"bind":"closeVeil"},"GAS_RESPONSE_ACCOUNT_STATEMENTS_PDF_ACCOUNTS":{"bind":"closeVeil"},"GAS_ERROR_ACCOUNT_STATEMENTS_PDF_ACCOUNTS":{"bind":"closeVeil"},"RESPONSE_ERROR_ACCOUNT_STATEMENTS_PDF_ACCOUNTS":{"bind":"closeVeil"},"RESPONSE_ERROR_ACCOUNT_STATEMENTS_PDF_CARDS":{"bind":"closeVeil"},"CCL_OPEN_CONTROL_VEIL":{"bind":"openVeil"},"ICAP_OPEN_CONTROL_VEIL":{"bind":"openVeil"},"ASSISTANCE_SECTION_INIT_OPEN_SPINNER":{"bind":"openVeil"},"payrollAdvance_GET_OPEN_CONTROL_VEIL":{"bind":"openVeil"},"payrollAdvance_SIMULATE_OPEN_CONTROL_VEIL":{"bind":"openVeil"},"payrollAdvance_POST_OPEN_CONTROL_VEIL":{"bind":"openVeil"},"OTP_SCREEN_CANCEL_CHANNEL":{"bind":"closeVeil"},"CODI_OPEN_CONTROL_VEIL_KEYSOURCE":{"bind":"openVeil"},"CODI_OPEN_CONTROL_VEIL_DECRYPT":{"bind":"openVeil"},"CODI_OPEN_CONTROL_VEIL_VALID":{"bind":"openVeil"},"CCL_CLOSE_CONTROL_VEIL":{"bind":"closeVeil"},"CCL_DOCUMENT_CONTENT_ERROR":{"bind":"closeVeil"},"CCL_DOCUMENT_UNAUTHORIZED_ERROR":{"bind":"closeVeil"},"ICAP_CLOSE_CONTROL_VEIL":{"bind":"closeVeil"},"payrollAdvance_GET_CLOSE_CONTROL_VEIL":{"bind":"closeVeil"},"payrollAdvance_SIMULATE_CLOSE_CONTROL_VEIL":{"bind":"closeVeil"},"payrollAdvance_API_ERROR_CLOSE_CONTROL_VEIL":{"bind":"closeVeil"},"payrollAdvance_DOC_FETCH_FAILURE":{"bind":"closeVeil"},"PAPO_RECEIVE_PORTABILITY_OPEN_CONTROL_VEIL":{"bind":"openVeil"},"payrollPortability_CURRENT_PAYROLL_SEARCH_BUTTON_PRESSED":{"bind":"openVeil"},"PAPO_LISTEN_CURRENT_OPEN_CONTROL_VEIL":{"bind":"openVeil"},"PAPO_SET_ACOUNT_OPEN_CONTROL_VEIL":{"bind":"openVeil"},"PAPO_PORTABILITY_CREATION_OPEN_CONTROL_VEIL":{"bind":"openVeil"},"PAPO_SET_LIST_CLOSE_CONTROL_VEIL":{"bind":"closeVeil"},"payrollPortability_CURRENT_PAYROLL_DATA_HAS_ORDERED":{"bind":"closeVeil"},"PAPO_MANAGE_RECEIVERS_ERROR_CLOSE_CONTROL_VEIL":{"bind":"closeVeil"},"PAPO_OTP_SCREEN_CANCEL_CLOSE_CONTROL_VEIL":{"bind":"closeVeil"},"PAPO_CLEAN_SETTLED_CLOSE_CONTROL_VEIL":{"bind":"closeVeil"},"CALL_ME_BACK_REQUEST_INMEDIATE":{"bind":"openVeil"},"CALL_ME_BACK_REQUEST_SCHEDULE":{"bind":"openVeil"},"CALL_ME_BACK_RESPONSE_LIST":{"bind":"closeVeil"},"CALL_ME_BACK_CLOSE":{"bind":"closeVeil"},"POCKETS_LIST_REQUEST_DATA":{"bind":"openVeil"},"POCKETS_LIST_REQUEST_POCKET_UPDATE":{"bind":"openVeil"},"POCKETS_LIST_DATA_RECEIVED":{"bind":"closeVeil"},"POCKETS_LIST_POCKET_UPDATE_SUCCESS":{"bind":"closeVeil"},"POCKETS_LIST_GET_ERROR":{"bind":"closeVeil"},"POCKETS_LIST_POCKET_UPDATE_ERROR":{"bind":"closeVeil"},"POCKET_EDIT_PATCH_REQUEST":{"bind":"openVeil"},"pocketsCreate_success_channel":{"bind":"closeVeil"},"pin_request_OPEN_CONTROL_VEIN":{"bind":"openVeil"},"pin_request_HIDE_CONTROL_VEIN":{"bind":"closeVeil"},"POCKET_EDIT_PATCH_ERROR":{"bind":"closeVeil"},"POCKETS_LIST_ADD_MONEY_NAVIGATION":{"bind":"openVeil"},"POCKET_ADD_WITHDRAWAL_MONEY_SUCCESS":{"bind":"closeVeil"},"POCKETS_LIST_WITH_DRAWAL_MONEY_NAVIGATION":{"bind":"openVeil"},"POCKET_WITHDRAWAL_MONEY_SUCCESS":{"bind":"closeVeil"},"POCKETS_LIST_DELETE_NAVIGATION":{"bind":"openVeil"},"pocketsDelete_DATA_TO_UI":{"bind":"closeVeil"},"pocket_DATA_TO_UI":{"bind":"closeVeil"},"POCKET_DELETE_SUCCESS":{"bind":"closeVeil"},"POCKETS_MOVEMENT_LIST_NAVIGATION":{"bind":"openVeil"},"POCKET_MOVEMENT_SUCCESS":{"bind":"closeVeil"},"POCKET_POST_CREATE_SPINNER":{"bind":"openVeil"},"POCKET_POST_ADD_MONEY_SPINNER":{"bind":"openVeil"},"POCKET_POST_ADD_MONEY_HIDE_SPINNER":{"bind":"closeVeil"},"POCKET_POST_WITHDRAWAL_SPINNER":{"bind":"openVeil"},"POCKET_POST_DELETE_SPINNER":{"bind":"openVeil"},"pocketsDelete_POST_FAILURE":{"bind":"closeVeil"},"POCKET_POST_DELETE_ERROR":{"bind":"closeVeil"},"POCKET_ACCEPT_BUTTON_CLICKED":{"bind":"openVeil"},"pocket_CREATE_POST_FAILURE":{"bind":"closeVeil"},"pocket_WITHDRAWL_POST_FAILURE":{"bind":"closeVeil"},"pocket_ADD_MONEY_POST_FAILURE":{"bind":"closeVeil"},"pocket_UPDATE_POST_FAILURE":{"bind":"closeVeil"},"MORTGAGE_LOANPAYMENT_OPEN_VEIL":{"bind":"openVeil"},"MORTGAGE_LOANPAYMENT_CLOSE_VEIL":{"bind":"closeVeil"},"CAR_LOANPAYMENT_SHOW_SPINNER_FOOTER":{"bind":"openVeil"},"CAR_LOANPAYMENT_HIDE_SPINNER_INSTALLMENTS":{"bind":"closeVeil"},"UNPROGRAMMED_POCKET_EDIT_PAYLOAD_RECEIVED":{"bind":"closeVeil"},"RESPONSE_HEALTH_DATA":{"bind":"closeVeil"},"RESPONSE_HEALTH_DATA_ERROR":{"bind":"closeVeil"}}}}},{"zone":"app__header","tag":"cells-handle-life-cycle","type":"UI","properties":{"pageName":"interestSimulator","private":true,"tokenName":"tsec","customInitEvents":{"swipe-menu-enabled":false},"cellsConnections":{"in":{"__bridge_app":{"bind":"navigation"},"__bridge_page_interestSimulator":{"bind":"init"}},"out":{"interestSimulator_init_page":{"bind":"init-page"},"interestSimulator_reset_page":{"bind":"reset"}}}}},{"zone":"app__overlay","type":"UI","tag":"cells-modal-select-amount","properties":{"iconCode":"coronita:close","hideCancelButton":true,"className":"select-amount","verifyValueDisabled":true,"extraConfigLimitedAmount":true,"closeOn":true,"maxValueInfoMessage":"glomo-interest-simulator-modal-amount-input-after-message","maxValueErrorMessage":"glomo-interest-simulator-modal-amount-input-after-message-error","cellsConnections":{"in":{"interestSimulator_set_opened_modal_another_amount":{"bind":"open"},"interestSimulator_interest_simulator_set_total_amount":{"bind":"max"},"interestSimulator_set_configuation_modal":{"bind":"setProperties"},"interestSimulator_interest_simulator_set_total_amount_modal":{"bind":"max"},"interestSimulator_close_modal_opened":{"bind":"close"}},"out":{"interestSimulator_set_other_amount":{"bind":"cells-modal-select-amount-continue"}}}}},{"zone":"app__header","type":"UI","tag":"cells-molecule-header","properties":{"className":"header--light","titleName":"glomo-interest-simulator-title","back":true,"rightIcon":"coronita:close","cellsConnections":{"in":{},"out":{"interestSimulator_back_request_navigation_to_product":{"bind":"click-right-button"}}}}},{"zone":"app__main","type":"UI","tag":"glomo-interest-simulator-dm","properties":{"currency":"MXN","cellsConnections":{"in":{"global_storage_get_interest_simulator_tooltip_success":{"bind":"getCardDetailLocalStorage"},"global_storage_get_interest_simulator_tooltip_error":{"bind":"getCardDetailLocalStorage"},"reset_product_to_card":{"bind":"resetProduct"},"global_navitage_to_payment_simulation":{"bind":"setProperties"},"global_set_financial_overview_accounts":{"bind":"accountList"},"set_card_data_for_interest_simulator":{"bind":"setProduct"},"interestSimulator_interest_simulator_success_response_post":{"bind":"postSuccessResponse"},"interestSimulator_interest_simulator_error_response_post":{"bind":"postErrorResponse"},"interestSimulator_back_request_navigation_to_product":{"bind":"setExitSimulator"},"interestSimulator_interest_simulator_simulator_amount":{"bind":"setRequestPost"},"__bridge_cancelled_back_navigation":{"bind":"manageBackButton"},"global_exit_card_interest_simulator_confirm":{"bind":"manageBackButton"},"interestSimulator_request_another_amount_modal":{"bind":"setModalAnotherAmount"},"interestSimulator_set_other_amount":{"bind":"setOtherAmount"},"interestSimulator_request_more_info_modal":{"bind":"setMoreInfoModal"},"interestSimulator_request_pay_card":{"bind":"navigateToCardPayment"},"interestSimulator_retry_simulation_request":{"bind":"retryRequestPost"},"interestSimulator_finish_operative":{"bind":"manageBackButton"},"interestSimulator_navigate-to-credit-card-payment":{"bind":"reset"},"interestSimulator_tootip_clicked":{"bind":"disableDigitalCardInfoTooltip"},"interestSimulator_set_positive_balance_other_amount":{"bind":"setOtherAmount"}},"out":{"interestSimulator_set_product_id_to_request":{"bind":"set-card-id-to-request"},"global_get_from_storage":{"bind":"get-card-detail-from-local-storage"},"global_set_in_storage":{"bind":"set-tooltip-into-local-storage"},"interestSimulatorset-visisbility-tooltip":{"bind":"set-disable-show-tooltip"},"interestSimulator_set_api_version_request":{"bind":"set-api-version-to-request"},"interestSimulator_request_post_interest_simulator":{"bind":"request-post-interest-simulator"},"global_exit_interest_simulator_modal":{"bind":"show-exit-simulator-modal"},"global_more_info_interest_simulator_modal":{"bind":"show-more-info-simulator-modal"},"interestSimulator_set_positive_balance_flag":{"bind":"set-simulator-positive-balance"},"interestSimulator_interest_simulator_set_amounts":{"bind":"set-interest-simulator-data"},"interestSimulator_interest_simulator_set_total_amount":{"bind":"set-total-amount-accounts"},"interestSimulator_interest_simulator_set_total_amount_modal":{"bind":"set-total-amount-accounts-modal"},"open_control_veil":{"bind":"open-control-veil"},"close_control_veil":{"bind":"close-control-veil"},"interestSimulator_set_opened_modal_another_amount":{"bind":"open-modal-select-amount"},"interestSimulator_close_modal_opened":{"bind":"close-modal-opened"},"interestSimulator_reset_modal_exit":{"bind":"close-modal-select-amount"},"interestSimulator_reset_modal":{"bind":"close-modal-opened"},"interestSimulator_set_configuation_modal":{"bind":"set-modal-configuarion"},"interestSimulator_set_advice_configuration":{"bind":"set-interest-simulator-advice-configuration"},"interestSimulator_set_button_configuration":{"bind":"set-continue-configuration"},"interestSimulator_set_error_response_data":{"bind":"set-error-response-data"},"interestSimulator_set_error_configuration":{"bind":"set-error-configuration"},"interestSimulator_change_info_message":{"bind":"change-text-info-message"},"interestSimulator_disable_advice_with_error":{"bind":"set-disable-advice-error"},"interestSimulator_exit_operative":{"bind":"exit-interest-simulator-page","backStep":true},"global_card_credit_card_payment_simulated_amount":{"bind":"set-data-to-card-payment"},"interestSimulator_set_primary_button_label":{"bind":"primary-button-label-changed"},"interestSimulator_exit_not_have_accounts":{"bind":"exit-not-have-accounts-event","backStep":true},"interestSimulator_navigate-to-credit-card-payment":{"bind":"navigate-to-card-payment","link":{"page":"cardCreditCardPayment","skipHistory":true,"params":{"productId":"productId"}}},"interestSimulator_disable_button_error":{"bind":"set-error-configuration"}}}}},{"zone":"app__main","type":"UI","tag":"glomo-aggregation-interest-simulator","properties":{"className":"aggregation-simulator","localCurrency":"MXN","cellsConnections":{"in":{"interestSimulator_interest_simulator_set_amounts":{"bind":"_setAmount"},"interestSimulator_interest_simulator_set_total_amount":{"bind":"totalAccountAmounts"},"interestSimulator_set_positive_balance_flag":{"bind":"positiveBalance"},"global_exit_card_interest_simulator_confirm":{"bind":"resetValues"},"interestSimulator_set_error_response_data":{"bind":"_setAmount"},"interestSimulator_set_error_configuration":{"bind":"responseError"},"interestSimulator_navigate-to-credit-card-payment":{"bind":"resetValues"},"interestSimulator_change_info_message":{"bind":"positiveBalanceInfoMessage"},"interestSimulatorset-visisbility-tooltip":{"bind":"disableShowToolTip"}},"out":{"interestSimulator_interest_simulator_simulator_amount":{"bind":"simulator-amount-event"},"interestSimulator_set_positive_balance_other_amount":{"bind":"set-other-amount-positive-balance"},"interestSimulator_request_another_amount_modal":{"bind":"simulator-link-event"},"interestSimulator_retry_simulation_request":{"bind":"try-again-event"},"interestSimulator_finish_operative":{"bind":"max-entry-return-event"},"interestSimulator_tootip_clicked":{"bind":"interest-simulator-tooltip"},"interestSimulator_enable_button":{"bind":"enable-button-action"},"open_control_veil":{"bind":"open-control-veil"},"close_control_veil":{"bind":"close-control-veil"}}}}},{"zone":"app__main","type":"UI","tag":"cells-card-advice","properties":{"list":[],"className":"interest-simulator","cellsConnections":{"in":{"interestSimulator_set_advice_configuration":{"bind":"setProperties"},"interestSimulator_set_positive_balance_flag":{"bind":"hidden"},"interestSimulator_disable_advice_with_error":{"bind":"hidden"}},"out":{"interestSimulator_request_more_info_modal":{"bind":"card-advice-link-click"}}}}},{"zone":"app__main","type":"UI","tag":"cells-molecule-actions","properties":{"className":"molecule-simulator","primaryButtonLabel":"glomo-interest-simulator-continue-button","cellsConnections":{"in":{"interestSimulator_set_positive_balance_flag":{"bind":"primaryButtonDisabled"},"interestSimulator_set_button_configuration":{"bind":"primaryButtonDisabled"},"interestSimulator_set_primary_button_label":{"bind":"primaryButtonLabel"},"interestSimulator_disable_button_error":{"bind":"primaryButtonDisabled"},"interestSimulator_enable_button":{"bind":"primaryButtonDisabled"}},"out":{"interestSimulator_request_pay_card":{"bind":"cells-molecule-actions-primary-button-clicked"}}}}},{"zone":"app__transactional","type":"DM","tag":"cells-dm-global-apis-cards-bgadpmock","properties":{"host":"https://glomo.bancomermovil.com/SRVS_A02","native":true,"requiredToken":"tsec","cellsConnections":{"in":{"interestSimulator_set_product_id_to_request":{"bind":"cardId"},"interestSimulator_set_api_version_request":{"bind":"cardsApiVersion"},"interestSimulator_request_post_interest_simulator":{"bind":"postPaymentSimulation"}},"out":{"interestSimulator_interest_simulator_success_response_post":{"bind":"set-cards-payments-simulate"},"interestSimulator_interest_simulator_error_response_post":{"bind":"error-on-post-cards-payments-simulate"},"global_error_tsec_invalid":{"bind":"tsec-invalid","forward-to-native":false},"global_error_tsec_expired":{"bind":"tsec-expired","forward-to-native":true},"global_error_tsec_cancelled":{"bind":"tsec-cancelled","forward-to-native":false},"global_error_wrong_access_key":{"bind":"wrong-access-key","forward-to-native":false},"global_error_user_blocked":{"bind":"user-blocked","forward-to-native":false},"global_error_user_blocked_cause_retrials":{"bind":"user-blocked-cause-retrials","forward-to-native":false},"global_error_wrong_otp_sms":{"bind":"wrong-otp-sms","forward-to-native":false}}}}}]}