{"hash":"mx-operations","currentPage":{"url":"/operations","params":[]},"template":{"tag":"cells-template-coronita","properties":{"drawerWidth":"100%","className":"","extraHeaderClass":"bbva-dark-medium-blue","hasFooter":false,"disableScrollLock":true,"disableEdgeSwipe":true}},"components":[{"zone":"app__main","tag":"cells-handle-life-cycle","type":"UI","properties":{"pageName":"operations","private":true,"tokenName":"tsec","customInitEvents":{"swipe-menu-enabled":false},"cellsConnections":{"in":{"__bridge_app":{"bind":"navigation"},"__bridge_page_operations":{"bind":"init"},"operations_reset_page":{"bind":"reset"}},"out":{"app_error_access_token":{"bind":"access-token-error"},"operations_init_page":{"bind":"init-page"},"global_operations_reset":{"bind":"reset"},"global_enable_menu_swipe":{"bind":"swipe-menu-enabled","forward-to-native":true}}}}},{"zone":"app__header","type":"UI","tag":"cells-molecule-header","properties":{"className":"header--dark-medium","back":true,"leftIcon":"coronita:return-12","cellsConnections":{"in":{},"out":{"navigation_operations_to_continue":{"bind":"click-left-button","backStep":true}}}}},{"zone":"app__main","type":"UI","tag":"glomo-operations-list-group","properties":{"localCurrency":"MXN","gridColumns":3,"customClass":"flat","cellsConnections":{"in":{"operations_init_page":{"bind":"initialize"},"global_full_product_detail_operations_list":{"bind":"operationLists"},"global_operations_reset":{"bind":"reset"}},"out":{"navigation_product_detail_to_transfer":{"bind":"navigation-product-to-transfer","link":{"page":"transfer","params":{"productId":"productId","continue":"continue","cleanUntil":"operations"}}},"account_statements_id_chanel":{"bind":"navigate-operations-to-account-status","link":{"page":"accountStatementsPage","params":{"productId":"productId","productType":"productType"}}},"navigation_product_detail_to_bill_payment":{"bind":"navigation-product-to-bill-payments","link":{"page":"billPayments","params":{"productId":"productId","continue":"continue"}}},"navigation_account_detail_to_edit_alias":{"bind":"navigation-to-edit-account-alias","link":{"page":"comingSoon","params":{"productId":"productId","continue":"continue"}}},"show_activate_card":{"bind":"navigate-operations-to-card-activation","link":{"page":"pinRequest"}},"navigation_card_detail_to_edit_alias":{"bind":"navigation-to-edit-card-detail-alias","link":{"page":"cardEditAlias","params":{"productId":"productId","continue":"continue"}}},"navigation_deposit_detail_to_edit_alias":{"bind":"navigation-to-edit-deposit-alias","link":{"page":"comingSoon","params":{"productId":"productId","continue":"continue"}}},"navigation_loan_detail_to_edit_alias":{"bind":"navigation-to-edit-loan-alias","link":{"page":"comingSoon","params":{"productId":"productId","continue":"continue"}}},"navigation_fund_detail_to_edit_alias":{"bind":"navigation-to-edit-fund-alias","link":{"page":"comingSoon","params":{"productId":"productId","continue":"continue"}}},"navigation_account_detail_to_link_mobile":{"bind":"navigation-product-to-link-account","link":{"page":"comingSoon","params":{"productId":"productId","continue":"continue"}}},"navigation_account_detail_to_unlink_mobile":{"bind":"navigation-product-to-unlink-account","link":{"page":"comingSoon","params":{"productId":"productId","continue":"continue"}}},"navigation_product_detail_to_cardless_withdrawal":{"bind":"navigation-product-to-cardless-withdrawal","link":{"page":"cardlessWithdrawal","params":{"productId":"productId","continue":"continue"}}},"navigation_card_detail_to_credit_card_payment_account":{"bind":"navigate-operations-to-pay-card","link":{"page":"cardCreditCardPayment","params":{"productId":"productId","continue":"continue"}}},"navigation_account_detail_to_credit_card_payment_account":{"bind":"navigation-product-to-account-credit-card-payment","link":{"page":"accountCreditCardPayment","params":{"productId":"productId","continue":"continue"}}},"navigation_account_detail_to_mobile_top_up":{"bind":"navigation-product-to-mobile-top-up","link":{"page":"mobileTopUp","params":{"productId":"productId"}}},"navigation_product_to_recharge_cell_phone":{"bind":"navigation-product-to-recharge-cell-phone","link":{"page":"comingSoon","params":{"productId":"productId","continue":"continue"}}},"navigation_product_to_recharge_gift_recharge":{"bind":"navigation-product-to-gift_recharge","link":{"page":"comingSoon","params":{"productId":"productId","continue":"continue"}}},"navigation_product_to_mobile_phone_wallet_transfer":{"bind":"navigation-product-to-mobile-phone-wallet-transfer","link":{"page":"mobilePhoneWalletTransfer","params":{"productId":"productId","continue":"continue"}}},"navigation_product_to_recharge_internet_sales":{"bind":"navigation-product-to-internet-sales","link":{"page":"comingSoon","params":{"productId":"productId","continue":"continue"}}},"navigation_product_to_donations":{"bind":"navigation-product-to-donations","link":{"page":"comingSoon","params":{"productId":"productId","continue":"continue"}}},"navigation_product_to_my_payments":{"bind":"navigation-product-to-my-payments","link":{"page":"comingSoon","params":{"productId":"productId","continue":"continue"}}},"navigation_product_to_block_card_normal":{"bind":"navigation-product-to-block-card-normal","link":{"page":"cardBlockNormal","params":{"productId":"productId"}}},"navigation_product_to_simulate_installments":{"bind":"navigation-product-to-simulate-installments","link":{"page":"financeTransactionSimulation","params":{"productId":"productId"}}},"navigation_product_to_see_movements":{"bind":"navigation-product-to-see-movements","link":{"page":"cardInstallments","params":{"productId":"productId","cardName":"cardName","cardReducedNumber":"cardReducedNumber","continue":"continue"}}},"navigation_product_to_card_gift_recharge":{"bind":"navigation-product-to-card-gift-recharge","link":{"page":"prepaidCardTopUp","params":{"productId":"productId","continue":"continue"}}},"navigation_product_detail_to_monthly_statement":{"bind":"navigation-product-to-monthly-statement","link":{"page":"monthlyStatement","params":{"productId":"productId","continue":"continue"}}},"show_pin_request_page":{"bind":"navigate-operations-to-show-ccv","link":{"page":"pinRequest","params":{"productId":"productId","operativeAction":"operativeAction","continue":"continue"}}}},"params":{"productId":"productId","continue":"continue"}}}}]}