{"hash":"mxpdfViewer","currentPage":{"url":"/pdf-viewer","params":[]},"pages":{},"template":{"tag":"cells-template-coronita","properties":{"animationType":"verticalUp","hasFooter":false,"disableEdgeSwipe":true,"headerFixed":true,"extraHeaderClass":"dark-blue-bg","headerHeight":59,"cellsConnections":{"in":{},"out":{}},"analytics":{"action":"page-view","digitalData":{"page.pageInfo.pageSegment":"PDF Viewer","page.pageInfo.url":"/pdf-viewer","page.pageInfo.sysEnv":"web-movil","page.pageInfo.language":"ES","page.pageInfo.pageIntent":"Informacion","page.pageInfo.channel":"online","user.userState":"logado","user.country":"mx"}}}},"components":[{"zone":"app__header","type":"UI","tag":"cells-molecule-header","properties":{"className":"header--light-grey","leftIcon":"coronita:close","cellsConnections":{"in":{"PDF_PAGE_TITLE_CHANNEL":{"bind":"titleName"}},"out":{"navigation_pdf_viewer_back_request":{"bind":"click-left-button"}}}}},{"zone":"app__header","type":"UI","tag":"glomo-navigation-handler","properties":{"backAction":"header-left-button","cellsConnections":{"in":{"navigation_pdf_viewer_back_request":{"bind":"goBack"}},"out":{"navigation_pdf_viewer_to_previous_page":{"bind":"header-left-button","backStep":true}}}}},{"zone":"app__main","type":"UI","tag":"cells-pdf-viewer","properties":{"viewerPath":"../../bower_components/pdfjs/web/viewer.html?file=","cellsConnections":{"in":{"RECEIVE_BASE64_CHANNEL":{"bind":"src"}},"out":{}}}},{"zone":"app__main","type":"DM","tag":"glomo-pdf-viewer-dm","properties":{"cellsConnections":{"in":{"global_doc_channel":{"bind":"src"}},"out":{"RECEIVE_BASE64_CHANNEL":{"bind":"base-src-changed"},"PDF_PAGE_TITLE_CHANNEL":{"bind":"pdf-title-changed"}}}}}]}