{"hash":"reward-faq-detail","currentPage":{"url":"/reward-faq-detail","params":[]},"pages":{},"template":{"tag":"cells-template-coronita","properties":{"animationType":"verticalUp","className":"","drawerWidth":"100%","headerFixed":true,"disableScrollLock":true,"hasFooter":true,"footerHeight":96,"footerFixed":true,"cellsConnections":{"in":{"reward_open_faq_detail_page":{"bind":"resetLayerScroll"}},"out":{}}}},"components":[{"zone":"app__main","tag":"cells-handle-life-cycle","type":"UI","properties":{"pageName":"rewardFaqDetail","customInitEvents":{"swipe-menu-enabled":true},"cellsConnections":{"in":{"__bridge_app":{"bind":"navigation"},"__bridge_page_rewardFaqDetail":{"bind":"init"}},"out":{"coming_soon_reset_page":{"bind":"reset"},"coming_soon_init_page":{"bind":"init-page"},"global_enable_menu_swipe":{"bind":"swipe-menu-enabled","forward-to-native":true}}}}},{"zone":"app__header","type":"UI","tag":"cells-molecule-header","properties":{"className":"header--core reward--faq","style":"height: 2.93rem","hideLeftActions":true,"rightIcon":"coronita:close","rightIconSize":"22","titleName":"cells-reward-faq-detail-header-title","cellsConnections":{"in":{},"out":{"navigation_reward_faq_detail_to_reward":{"bind":"click-right-button","backStep":true}}}}},{"zone":"app__main","type":"UI","tag":"cells-icon-message","properties":{"iconSize":"16","icon":"coronita:help","className":"background-color-white padding-exterior-min","type":"info","message":"glomo-reward-faq-detail-title-one","cellsConnections":{"in":{},"out":{}}}},{"zone":"app__main","type":"UI","tag":"cells-lists","properties":{"className":"padding-exterior-min","list":["glomo-reward-faq-detail-description-one","glomo-reward-faq-detail-description-ten","glomo-reward-faq-detail-description-eleven","glomo-reward-faq-detail-description-twelve"],"cellsConnections":{"in":{},"out":{}}}},{"zone":"app__main","type":"UI","tag":"cells-icon-message","properties":{"className":"background-color-white padding-exterior-min","message":"glomo-reward-faq-detail-title-two","cellsConnections":{"in":{},"out":{}}}},{"zone":"app__main","type":"UI","tag":"cells-lists","properties":{"className":"padding-exterior-min","list":["glomo-reward-faq-detail-description-three","glomo-reward-faq-detail-description-four","glomo-reward-faq-detail-description-five","glomo-reward-faq-detail-description-six","glomo-reward-faq-detail-description-seven"],"cellsConnections":{"in":{},"out":{"global_reward_operative_show_info_external_browser":{"bind":"cells-lists-link-clicked"}}}}},{"zone":"app__main","type":"UI","tag":"cells-icon-message","properties":{"className":"background-color-white padding-exterior-min","message":"glomo-reward-faq-detail-title-three","cellsConnections":{"in":{},"out":{}}}},{"zone":"app__main","type":"UI","tag":"cells-lists","properties":{"className":"padding-exterior-max","list":["glomo-reward-faq-detail-description-eight","glomo-reward-faq-detail-description-nine"],"cellsConnections":{"in":{},"out":{"reward_faq_detail_open_native_link_pdf":{"bind":"cells-lists-link-clicked"}}}}},{"zone":"app__main","tag":"glomo-profit-points-detail-manager","type":"DM","properties":{"cellsConnections":{"in":{"global_reward_operative_show_info_external_browser":{"bind":"openExternalWebMidModal"},"global_reward_operative_do_navigation_external_browser":{"bind":"doNavigationExternalWeb"},"reward_faq_detail_open_native_link_pdf":{"bind":"openNativeLinkPdf"},"__bridge_cancelled_back_navigation":{"bind":"manageBackButton"}},"out":{"reward_back_to_previous_page":{"bind":"navigate-back-button","backStep":true},"global_hanlder_native_back_button":{"bind":"close-modal-back-button"},"global_profit_points_detail_mid_modal_external_web":{"bind":"open-profit-points-detail-mid-modal-navigate-external-web"},"mobile_manage_operation":{"bind":"open-native-link-pdf","forward-to-native":true}}}}},{"zone":"app__footer","tag":"cells-confirm-buttons","type":"UI","properties":{"className":"no-shadow","config":{"buttons":{"primary":{"text":"glomo-reward-faq-detail-understood","class":"primary","action":""}}},"cellsConnections":{"in":{},"out":{"navigation_reward_faq_detail_to_reward":{"bind":"cells-confirm-buttons-click-primary","backStep":true}}}}}]}