{"currentPage":{"url":"/sa"},"template":{"tag":"cells-template-zones","properties":{"disableEdgeSwipe":true,"headerFixed":false,"footerFixed":true,"cellsConnections":{"in":{},"out":{"sa_cells_template_zone_scroll":{"bind":"template-content-scroll"}}},"analytics":{"action":"huellaAvanzada","digitalData":{"page.pageInfo.pageName":"privada:personas:asistencia inteligente","page.pageInfo.level1":"asistencia inteligente","page.pageActivity.link.name":"texto","user.userState":"logado","page.pageInfo.language":"ES","page.pageInfo.area":"privada","page.pageInfo.pageIntent":"transaccion","page.pageInfo.channel":"online","pageInstanceID":"de","page.pageInfo.version":"","page.pageInfo.pageSegment":"personas","page.pageInfo.sysEnv":"app","user.segment.global":"001001","page.pageInfo.bussinessUnit":"BBVA Mexico","siteAppName":"App BBVA Mexico","previousPage":"publica:general:ayuda","previousPageType":"informacion","previousSiteSection L1":"ayuda","sessionInterval":"","user.gender":"femenino"}}}},"components":[{"zone":"app__header","type":"UI","tag":"sa-header","properties":{"cellsConnections":{"in":{"sa_ch_quickPills_data_ui":{"bind":"setSuggestionPills"},"sa_ch_activate_suggestion_button":{"bind":"setRightIcon"}},"out":{"BACKSTEP":{"bind":"left-button-pressed","backStep":true,"forward-to-native":true},"sa_ch_logout_request":{"bind":"sa-evt-amelia-logout"},"sa_ch_modal":{"bind":"open-modal"}}},"headerTitle":"Blue BBVA"}},{"zone":"app__main","type":"UI","tag":"sa-platform","properties":{"cellsConnections":{"in":{"__bridge_page_sa":{"bind":"clearPlatform"},"sa_ch_chat_request":{"bind":"showUsersResponse"},"sa_ch_chat_response_ui":{"bind":"showUsersResponse"},"sa_ch_globalProductsBalance_data_ui":{"bind":"showProductBalanceBreakdown"},"sa_ch_transactionList_data_ui":{"bind":"showTransactionList"},"sa_ch_billPayment_data_ui":{"bind":"showBillPayment"},"sa_ch_contacts_data_ui":{"bind":"showContactList"},"sa_ch_accounts_data_ui":{"bind":"showAccountList"},"sa_ch_successMessage_data_ui":{"bind":"showSuccessCard"},"sa_ch_services_data_ui":{"bind":"showServicesList"},"sa_ch_quickPills_data_ui":{"bind":"setSuggestionPills"},"sa_ch_feedback_data_ui":{"bind":"showFeedback"},"sa_ch_template_scroll":{"bind":"scrollElement"},"sa_ch_modal_hide_component":{"bind":"hideComponent"},"sa_ch_show_confirmation":{"bind":"confirmationBox"},"sa_ch_amelia_status":{"bind":"showError"}},"out":{"BACKSTEP":{"bind":"close-chat","backStep":true,"forward-to-native":true},"sa_ch_chat_request":{"bind":"message-changed"},"sa_ch_modal":{"bind":"open-modal"},"sa_ch_activate_suggestion_button":{"bind":"activate-suggestion-pills"},"sa_ch_keyboard_display":{"bind":"display-keyboard"},"sa_ch_keyboard_disable":{"bind":"disable-toolbar-keyboard"},"sa_ch_options_text":{"bind":"set-options-text"}}},"images":{"error":"images/sa_error.png","inlineSuccess":"images/sa_inline_success.png"}}},{"zone":"app__footer","type":"UI","tag":"sa-toolbar","properties":{"cellsConnections":{"in":{"sa_cells_template_zone_scroll":{"bind":"srollEvent"},"__bridge_page_sa":{"bind":"clearToolbar"},"sa_ch_chat_request":{"bind":"clearToolbar"},"sa_ch_mic_response_ui":{"bind":"showTranscript"},"sa_ch_buttons_ui":{"bind":"updateQuickSelectionButtons"},"sa_ch_quickPills_data_ui":{"bind":"setDrawerPills"},"sa_ch_mic_stop_ui":{"bind":"_handleChildEvent"},"sa_ch_template_scroll":{"bind":"scrollElement"},"sa_ch_keyboard_display":{"bind":"displayKeyboard"},"sa_ch_keyboard_disable":{"bind":"disableToolbarKeyboard"},"sa_ch_options_text":{"bind":"setOptionsText"}},"out":{"sa_ch_mic_cancel":{"bind":"sa-evt-mic-cancel","forward-to-native":true},"sa_ch_chat_request":{"bind":"message-changed","analytics":{"action":"interno","digitalData":{"page.pageInfo.pageName":"privada:personas:asistencia inteligente","page.pageInfo.level1":"asistencia inteligente","page.pageActivity.link.name":"enviar conversacion","user.userState":"logado","page.pageInfo.language":"ES","page.pageInfo.area":"privada","page.pageInfo.pageIntent":"transaccion","page.pageInfo.channel":"online","pageInstanceID":"de","page.pageInfo.version":"","page.pageInfo.pageSegment":"personas","page.pageInfo.sysEnv":"app","user.segment.global":"001001","page.pageInfo.bussinessUnit":"BBVA Mexico","siteAppName":"App BBVA Mexico","previousPage":"publica:general:ayuda","previousPageType":"informacion","previousSiteSection L1":"ayuda","sessionInterval":"","user.gender":"femenino"}}},"sa_ch_mic_request":{"bind":"sa-evt-mic-requested","analytics":{"action":"interno","digitalData":{"page.pageInfo.pageName":"privada:personas:asistencia inteligente","page.pageInfo.level1":"asistencia inteligente","page.pageActivity.link.name":"microfono","user.userState":"logado","page.pageInfo.language":"ES","page.pageInfo.area":"privada","page.pageInfo.pageIntent":"transaccion","page.pageInfo.channel":"online","pageInstanceID":"de","page.pageInfo.version":"","page.pageInfo.pageSegment":"personas","page.pageInfo.sysEnv":"app","user.segment.global":"001001","page.pageInfo.bussinessUnit":"BBVA Mexico","siteAppName":"App BBVA Mexico","previousPage":"publica:general:ayuda","previousPageType":"informacion","previousSiteSection L1":"ayuda","sessionInterval":"","user.gender":"femenino"}}},"sa_ch_modal":{"bind":"open-modal"},"sa_ch_show_confirmation":{"bind":"show-hide-confirmation-box"},"sa_ch_click_input":{"bind":"sa-keyboard-focus","analytics":{"action":"interno","digitalData":{"page.pageInfo.pageName":"privada:personas:asistencia inteligente","page.pageInfo.level1":"asistencia inteligente","page.pageActivity.link.name":"texto","user.userState":"logado","page.pageInfo.language":"ES","page.pageInfo.area":"privada","page.pageInfo.pageIntent":"transaccion","page.pageInfo.channel":"online","pageInstanceID":"de","page.pageInfo.version":"","page.pageInfo.pageSegment":"personas","page.pageInfo.sysEnv":"app","user.segment.global":"001001","page.pageInfo.bussinessUnit":"BBVA Mexico","siteAppName":"App BBVA Mexico","previousPage":"publica:general:ayuda","previousPageType":"informacion","previousSiteSection L1":"ayuda","sessionInterval":"","user.gender":"femenino"}}}}}}},{"zone":"app__overlay","type":"UI","tag":"sa-modal","properties":{"animationPath":"resources/sa_lottie_animations/cardless.json","cellsConnections":{"in":{"sa_ch_chat_request":{"bind":"_closeModal"},"sa_ch_modal":{"bind":"openModal"}},"out":{"sa_ch_chat_request":{"bind":"message-changed"},"global_download_channel":{"bind":"share-receipt-capture","forward-to-native":true},"sa_ch_modal_hide_component":{"bind":"hide-component"},"open_native_page_channel":{"bind":"show-map","forward-to-native":true}}}}},{"zone":"app__overlay","type":"UI","tag":"sa-call","properties":{"cellsConnections":{"in":{"sa_ch_phonenumber_response_data_ui":{"bind":"openCallModal"}},"out":{"clarifications_management_call_channel":{"bind":"sa-evt-call","forward-to-native":true}}}}},{"zone":"app__main","type":"DM","tag":"sa-main-dm","properties":{"ameliaLang":"es-MX","isWeb":true,"cellsConnections":{"in":{"global_tsec_channel":{"bind":"setTsec"},"global_web_response_success_channel":{"bind":"responseSuccess"},"global_web_response_failure_channel":{"bind":"responseFailure"},"global_web_request_failure":{"bind":"responseFailure"},"sa_ch_mic_glomo_response":{"bind":"micResponse"},"sa_ch_phonenumber_response":{"bind":"getPhonenumber"},"sa_ch_amelia_success":{"bind":"ameliaMessages"},"__bridge_page_sa":{"bind":"startApp"},"sa_ch_chat_request":{"bind":"chatMessage"},"sa_ch_mic_request":{"bind":"startMicrophone"},"sa_ch_logout_request":{"bind":"ameliaLogout"},"global_cache_channel":{"bind":"getCache"},"global_otp_request_channel":{"bind":"otpError"},"global_otp_response_channel":{"bind":"otpSuccess"}},"out":{"sa_ch_amelia_ask":{"bind":"sa-evt-request-data","forward-to-native":true},"sa_ch_amelia_setup":{"bind":"sa-evt-amelia-setup","forward-to-native":true},"sa_ch_mic_glomo_request":{"bind":"sa-evt-mic-request","forward-to-native":true},"sa_ch_phonenumber_request":{"bind":"sa-evt-phonenumber-request-data"},"sa_ch_chat_response_ui":{"bind":"sa-evt-chat-response-success-ui"},"sa_ch_mic_response_ui":{"bind":"sa-evt-mic-response-ui"},"sa_ch_phonenumber_response_data_ui":{"bind":"sa-evt-phonenumber-response-data-ui"},"sa_ch_buttons_ui":{"bind":"sa-evt-buttons-data-ui"},"sa_ch_globalProductsBalance_data_ui":{"bind":"sa-evt-globalProductsBalance-data-ui"},"sa_ch_transactionList_data_ui":{"bind":"sa-evt-transactionList-data-ui"},"sa_ch_billPayment_data_ui":{"bind":"sa-evt-billPayment-data-ui"},"global_web_request_channel":{"bind":"sa-evt-request-glomo-data","forward-to-native":true},"sa_ch_contacts_data_ui":{"bind":"sa-evt-contacts-data-ui"},"sa_ch_accounts_data_ui":{"bind":"sa-evt-accounts-data-ui"},"sa_ch_successMessage_data_ui":{"bind":"sa-evt-successMessage-data-ui"},"sa_ch_services_data_ui":{"bind":"sa-evt-services-data-ui"},"sa_ch_quickPills_data_ui":{"bind":"sa-evt-quickpills-data-ui"},"sa_ch_mic_stop_ui":{"bind":"sa-evt-mic-stop-ui","forward-to-native":true},"sa_ch_amelia_logout":{"bind":"sa-evt-amelia-logout","forward-to-native":true},"sa_ch_feedback_data_ui":{"bind":"sa-evt-feedback-data-ui"},"global_otp_request_channel":{"bind":"sa-evt-otp","forward-to-native":true},"sa_ch_amelia_status":{"bind":"sa-evt-amelia-status"},"sa_ch_amelia_data":{"bind":"sa-evt-amelia-data","forward-to-native":true}}},"saDebug":false}}]}