{"hash":"securityTipsGlossaryPage","currentPage":{"url":"/security-tips-glossary","params":[]},"pages":{},"template":{"tag":"cells-template-coronita","properties":{"disableScrollLock":true,"hasFooter":false,"disableEdgeSwipe":true,"headerFixed":true,"extraHeaderClass":"dark-blue-bg","className":"","cellsConnections":{"in":{"security_tips_glossary_init_page":{"bind":"recalculateHeader"}},"out":{}}}},"components":[{"zone":"app__overlay","tag":"cells-spinner-veil","properties":{"withMask":true,"size":72,"cellsConnections":{"in":{"open_control_veil":{"bind":"openVeil"},"close_control_veil":{"bind":"closeVeil"},"global_error_tsec_expired":{"bind":"closeVeil"},"OPEN_LOAN_PAYMENTS_VEIL":{"bind":"openVeil"},"CLOSE_LOAN_PAYMENTS_VEIL":{"bind":"closeVeil"},"GAS_RESPONSE_ACCOUNT_STATEMENTS_LIST_ACCOUNTS":{"bind":"closeVeil"},"GAS_RESPONSE_ACCOUNT_STATEMENTS_LIST_CARDS":{"bind":"closeVeil"},"GAS_ERROR_ACCOUNT_STATEMENTS_LIST_ACCOUNTS":{"bind":"closeVeil"},"GAS_ERROR_ACCOUNT_STATEMENTS_LIST_CARDS":{"bind":"closeVeil"},"GAS_RESPONSE_ACCOUNT_STATEMENTS_PDF_CARDS":{"bind":"closeVeil"},"GAS_ERROR_ACCOUNT_STATEMENTS_PDF_CARDS":{"bind":"closeVeil"},"GAS_RESPONSE_ACCOUNT_STATEMENTS_PDF_ACCOUNTS":{"bind":"closeVeil"},"GAS_ERROR_ACCOUNT_STATEMENTS_PDF_ACCOUNTS":{"bind":"closeVeil"},"RESPONSE_ERROR_ACCOUNT_STATEMENTS_PDF_ACCOUNTS":{"bind":"closeVeil"},"RESPONSE_ERROR_ACCOUNT_STATEMENTS_PDF_CARDS":{"bind":"closeVeil"},"CCL_OPEN_CONTROL_VEIL":{"bind":"openVeil"},"ICAP_OPEN_CONTROL_VEIL":{"bind":"openVeil"},"ASSISTANCE_SECTION_INIT_OPEN_SPINNER":{"bind":"openVeil"},"payrollAdvance_GET_OPEN_CONTROL_VEIL":{"bind":"openVeil"},"payrollAdvance_SIMULATE_OPEN_CONTROL_VEIL":{"bind":"openVeil"},"payrollAdvance_POST_OPEN_CONTROL_VEIL":{"bind":"openVeil"},"OTP_SCREEN_CANCEL_CHANNEL":{"bind":"closeVeil"},"CODI_OPEN_CONTROL_VEIL_KEYSOURCE":{"bind":"openVeil"},"CODI_OPEN_CONTROL_VEIL_DECRYPT":{"bind":"openVeil"},"CODI_OPEN_CONTROL_VEIL_VALID":{"bind":"openVeil"},"CCL_CLOSE_CONTROL_VEIL":{"bind":"closeVeil"},"CCL_DOCUMENT_CONTENT_ERROR":{"bind":"closeVeil"},"CCL_DOCUMENT_UNAUTHORIZED_ERROR":{"bind":"closeVeil"},"ICAP_CLOSE_CONTROL_VEIL":{"bind":"closeVeil"},"payrollAdvance_GET_CLOSE_CONTROL_VEIL":{"bind":"closeVeil"},"payrollAdvance_SIMULATE_CLOSE_CONTROL_VEIL":{"bind":"closeVeil"},"payrollAdvance_API_ERROR_CLOSE_CONTROL_VEIL":{"bind":"closeVeil"},"payrollAdvance_DOC_FETCH_FAILURE":{"bind":"closeVeil"},"PAPO_RECEIVE_PORTABILITY_OPEN_CONTROL_VEIL":{"bind":"openVeil"},"payrollPortability_CURRENT_PAYROLL_SEARCH_BUTTON_PRESSED":{"bind":"openVeil"},"PAPO_LISTEN_CURRENT_OPEN_CONTROL_VEIL":{"bind":"openVeil"},"PAPO_SET_ACOUNT_OPEN_CONTROL_VEIL":{"bind":"openVeil"},"PAPO_PORTABILITY_CREATION_OPEN_CONTROL_VEIL":{"bind":"openVeil"},"PAPO_SET_LIST_CLOSE_CONTROL_VEIL":{"bind":"closeVeil"},"payrollPortability_CURRENT_PAYROLL_DATA_HAS_ORDERED":{"bind":"closeVeil"},"PAPO_MANAGE_RECEIVERS_ERROR_CLOSE_CONTROL_VEIL":{"bind":"closeVeil"},"PAPO_OTP_SCREEN_CANCEL_CLOSE_CONTROL_VEIL":{"bind":"closeVeil"},"PAPO_CLEAN_SETTLED_CLOSE_CONTROL_VEIL":{"bind":"closeVeil"},"CALL_ME_BACK_REQUEST_INMEDIATE":{"bind":"openVeil"},"CALL_ME_BACK_REQUEST_SCHEDULE":{"bind":"openVeil"},"CALL_ME_BACK_RESPONSE_LIST":{"bind":"closeVeil"},"CALL_ME_BACK_CLOSE":{"bind":"closeVeil"},"POCKETS_LIST_REQUEST_DATA":{"bind":"openVeil"},"POCKETS_LIST_REQUEST_POCKET_UPDATE":{"bind":"openVeil"},"POCKETS_LIST_DATA_RECEIVED":{"bind":"closeVeil"},"POCKETS_LIST_POCKET_UPDATE_SUCCESS":{"bind":"closeVeil"},"POCKETS_LIST_GET_ERROR":{"bind":"closeVeil"},"POCKETS_LIST_POCKET_UPDATE_ERROR":{"bind":"closeVeil"},"POCKET_EDIT_PATCH_REQUEST":{"bind":"openVeil"},"pocketsCreate_success_channel":{"bind":"closeVeil"},"pin_request_OPEN_CONTROL_VEIN":{"bind":"openVeil"},"pin_request_HIDE_CONTROL_VEIN":{"bind":"closeVeil"},"POCKET_EDIT_PATCH_ERROR":{"bind":"closeVeil"},"POCKETS_LIST_ADD_MONEY_NAVIGATION":{"bind":"openVeil"},"POCKET_ADD_WITHDRAWAL_MONEY_SUCCESS":{"bind":"closeVeil"},"POCKETS_LIST_WITH_DRAWAL_MONEY_NAVIGATION":{"bind":"openVeil"},"POCKET_WITHDRAWAL_MONEY_SUCCESS":{"bind":"closeVeil"},"POCKETS_LIST_DELETE_NAVIGATION":{"bind":"openVeil"},"pocketsDelete_DATA_TO_UI":{"bind":"closeVeil"},"pocket_DATA_TO_UI":{"bind":"closeVeil"},"POCKET_DELETE_SUCCESS":{"bind":"closeVeil"},"POCKETS_MOVEMENT_LIST_NAVIGATION":{"bind":"openVeil"},"POCKET_MOVEMENT_SUCCESS":{"bind":"closeVeil"},"POCKET_POST_CREATE_SPINNER":{"bind":"openVeil"},"POCKET_POST_ADD_MONEY_SPINNER":{"bind":"openVeil"},"POCKET_POST_ADD_MONEY_HIDE_SPINNER":{"bind":"closeVeil"},"POCKET_POST_WITHDRAWAL_SPINNER":{"bind":"openVeil"},"POCKET_POST_DELETE_SPINNER":{"bind":"openVeil"},"pocketsDelete_POST_FAILURE":{"bind":"closeVeil"},"POCKET_POST_DELETE_ERROR":{"bind":"closeVeil"},"POCKET_ACCEPT_BUTTON_CLICKED":{"bind":"openVeil"},"pocket_CREATE_POST_FAILURE":{"bind":"closeVeil"},"pocket_WITHDRAWL_POST_FAILURE":{"bind":"closeVeil"},"pocket_ADD_MONEY_POST_FAILURE":{"bind":"closeVeil"},"pocket_UPDATE_POST_FAILURE":{"bind":"closeVeil"},"MORTGAGE_LOANPAYMENT_OPEN_VEIL":{"bind":"openVeil"},"MORTGAGE_LOANPAYMENT_CLOSE_VEIL":{"bind":"closeVeil"},"CAR_LOANPAYMENT_SHOW_SPINNER_FOOTER":{"bind":"openVeil"},"CAR_LOANPAYMENT_HIDE_SPINNER_INSTALLMENTS":{"bind":"closeVeil"},"UNPROGRAMMED_POCKET_EDIT_PAYLOAD_RECEIVED":{"bind":"closeVeil"},"RESPONSE_HEALTH_DATA":{"bind":"closeVeil"},"RESPONSE_HEALTH_DATA_ERROR":{"bind":"closeVeil"}}}}},{"zone":"app__main","tag":"cells-handle-life-cycle","type":"UI","properties":{"pageName":"securityTips","customInitEvents":{"swipe-menu-enabled":false},"cellsConnections":{"in":{"__bridge_app":{"bind":"navigation"},"__bridge_page_securityTipsGlossaryPage":{"bind":"init"}},"out":{"security_tips_glossary_reset_page":{"bind":"reset"},"security_tips_glossary_init_page":{"bind":"init-page"}}}}},{"zone":"app__header","type":"UI","tag":"glomo-navigation-handler","properties":{"backAction":"navigation-to-back","cellsConnections":{"in":{"security_tips_glossary_to_continue":{"bind":"navigate"},"security_tips_glossary_back_request":{"bind":"goBack"},"navigation_security_tips_glossary_to_page":{"bind":"navigateToPage"}},"out":{"navigation_security_tips_glossary_to_prev_page":{"bind":"navigation-to-back","backStep":true}}}}},{"zone":"app__header","type":"UI","tag":"bbva-header-main","render":"litElement","properties":{"iconLeft1":"coronita:return-12","text":"security-tips-header-glossary-page","cellsConnections":{"in":{},"out":{"security_tips_glossary_back_request":{"bind":"header-icon-left1-click"}}}}},{"zone":"app__header","type":"UI","tag":"bbva-form-predictive","render":"litElement","properties":{"className":"navy-on-header","search":true,"cellsConnections":{"in":{"security_tips_glossary_reset_search":{"bind":"value"},"security_tips_glossary_set_input_label":{"bind":"label"}},"out":{"security_tips_glossary_search_value_changed":{"bind":"bbva-form-predictive-value"},"security_tips_glossary_request_search":{"bind":"bbva-form-search-submit"}}}}},{"zone":"app__main","type":"UI","tag":"bbva-header-category","render":"litElement","properties":{"hidden":true,"cellsConnections":{"in":{"security_tips_glossary_show_results":{"bind":"hidden"},"security_tips_glossary_set_results_label":{"bind":"text"}},"out":{}}}},{"zone":"app__main","type":"UI","tag":"bbva-expandable-accordion-list","render":"litElement","properties":{"sorted":true,"isGrouped":true,"cellsConnections":{"in":{"security_tips_glossary_filter_items":{"bind":"list"},"security_tips_glossary_reset_page":{"bind":"_closeAccordions"}},"out":{}}}},{"zone":"app__main","type":"UI","tag":"bbva-panel-info","render":"litElement","properties":{"className":"alert-message","hidden":true,"image":"images/empty_state_day.svg","cellsConnections":{"in":{"security_tips_glossary_toggle_empty_message":{"bind":"hidden"},"security_tips_glossary_set_empty_label":{"bind":"text"}},"out":{}}}},{"zone":"app__main","type":"DM","tag":"bbva-manager-security-tips-glossary","render":"litElement","properties":{"cellsConnections":{"in":{"security_tips_glossary_init_page":{"bind":"init"},"security_tips_glossary_reset_page":{"bind":"reset"},"security_tips_set_glossary_items":{"bind":"setGlossary"},"security_tips_glossary_search_value_changed":{"bind":"clearSearch"},"security_tips_glossary_request_search":{"bind":"_submitSearch"}},"out":{"security_tips_glossary_filter_items":{"bind":"set-filtered-glossary"},"security_tips_glossary_show_results":{"bind":"toggle-results-label"},"security_tips_glossary_reset_search":{"bind":"reset-search-value"},"security_tips_glossary_set_results_label":{"bind":"set-results-label"},"security_tips_glossary_set_empty_label":{"bind":"set-empty-label"},"security_tips_glossary_set_input_label":{"bind":"set-input-search-label"},"security_tips_glossary_toggle_empty_message":{"bind":"set-empty-glossary-message"}}}}}]}