{
    "data": {
        "id": "138",
        "alias": "EFECTIVO MOV MOD1",
        "shortAlias": "EFECMOVIL",
        "operationType": {
            "id": "MOBILE_WALLET_RELOAD",
            "description": "RECARGA BIM"
        },
        "notification": {
            "notificationDay": 0,
            "isActive": false,
            "contactInformation": {
                "contactDetailId": "0"
            }
        },
        "contract": {
            "number": "00110130000105026738",
            "numberType": {
                "id": "CCC",
                "name": "CUSTOMER ACCOUNT CODE"
            },
            "productType": {
                "id": "ACCOUNT",
                "name": "ACCOUNT"
            }
        },
        "operationDetail": {
            "reloadType": "BIM",
            "mobile": "947408789"
        },
        "operationImport": {
            "currency": "PEN",
            "amount": 100
        },
        "availableChannels": [
            {
                "availableChannel": {
                    "id": "BMOV",
                    "name": "BANCA MOVIL"
                }
            },
            {
                "availableChannel": {
                    "id": "BNET",
                    "name": "BANCA POR INTERNET"
                }
            },
            {
                "availableChannel": {
                    "id": "BNET",
                    "name": "BANCA POR INTERNET"
                }
            }
        ]
    }
}