{
  "ARTICHOKE_PROD": {
    "data": {
      "apiVersion": {
        "accounts": "v1",
        "app-settings": "v0",
        "avaya": "v0",
        "business-documents": "v0",
        "cards": "v0",
        "cards-mgt": "v1",
        "customer-services": "v0",
        "deposits": "v0",
        "exchange-rates": "v0",
        "insurances": "v0",
        "investment-fund-products": "v0",
        "investment-funds": "v0",
        "insurances-catalogs": "v0",
        "insurances-questionnaires": "v0",
        "frequent-operations": "v0",
        "documents": "v0",
        "lifehealth-insurances": "v0",
        "loans": "v0",
        "products": "v0",
        "operations": "v0",
        "transactions": "v0",
        "security": "v0",
        "contacts-book": "v0",
        "customers": "v0",
        "employees": "v0",
        "receivers": "v0",
        "risks": "v0",
        "promotions": "v0",
        "stores": "v0",
        "api-aggregator": "v0",
        "personal-finances-management": "v0",
        "catalogs": "v0",
        "geographic-places": "v0",
        "pois": "v0",
        "payments": "v0",
        "transfers": "v0",
        "mobiles": "v0",
        "risks-profitabilities": "v0",
        "operation-registries": "V00",
        "devices": "v0",
        "notifications": "v0",
        "campaigns": "v1",
        "branches": "v0",
        "credentials-lifecycle": "V00",
        "loyalty": "v0",
        "pockets": "v1",
        "reloads": "v0",
        "claims": "v1",
        "documents-identification": "v0",
        "documents-verifications": "v1",
        "contracts": "v0",
        "insurances-contracts": "v0",
        "private-banking-portfolios": "v0",
        "transaction-claims": "v1",
        "banxico": "v0",
        "morpho": "v0",
        "financial-overview": "v0",
        "exchangeRates": "v0",
        "contingencyCampaigns": "V01",
        "consumerLoans": "V03",
        "INEOperations": "V02",
        "digital-appointments": "v0"
      }
    }
  },
  "DEV": {
    "data": {
      "apiVersion": {
        "accounts": "v1",
        "app-settings": "v0",
        "avaya": "v0",
        "business-documents": "v0",
        "cards": "v0",
        "cards-mgt": "v1",
        "customer-services": "v0",
        "deposits": "v1",
        "exchange-rates": "V00",
        "insurances": "v0",
        "investment-fund-products": "V00",
        "investment-funds": "v0",
        "insurances-catalogs": "v0",
        "insurances-questionnaires": "v0",
        "frequent-operations": "v0",
        "documents": "v0",
        "lifehealth-insurances": "v0",
        "loans": "v1",
        "products": "v0",
        "operations": "V00",
        "transactions": "v1",
        "security": "v1",
        "contacts-book": "v0",
        "customers": "v1",
        "employees": "V00",
        "receivers": "v0",
        "risks": "V00",
        "promotions": "V00",
        "stores": "V00",
        "api-aggregator": "V00",
        "personal-finances-management": "V00",
        "catalogs": "v0",
        "geographic-places": "v2",
        "geographicplaces": "v0",
        "pois": "v0",
        "payments": "v0",
        "transfers": "v0",
        "mobiles": "V00",
        "risks-profitabilities": "V00",
        "devices": "v0",
        "notifications": "v0",
        "operation-registries": "V00",
        "campaigns": "v1",
        "credentials-lifecycle": "V00",
        "branches": "v1",
        "loyalty": "v0",
        "pockets": "v1",
        "reloads": "v0",
        "claims": "v1",
        "documents-identification": "v0",
        "documents-verifications": "v1",
        "contracts": "v0",
        "insurances-contracts": "v0",
        "private-banking-portfolios": "v0",
        "transaction-claims": "v1",
        "banxico": "v0",
        "morpho": "v0",
        "financial-overview": "v0",
        "exchangeRates": "v0",
        "contingencyCampaigns": "V01",
        "consumerLoans": "V03",
        "INEOperations": "V02",
        "digital-appointments": "v0"
      }
    }
  },
  "TEST": {
    "data": {
      "apiVersion": {
        "accounts": "v1",
        "app-settings": "v0",
        "avaya": "v0",
        "business-documents": "v0",
        "cards": "v0",
        "cards-mgt": "v1",
        "customer-services": "v0",
        "deposits": "v1",
        "exchange-rates": "V00",
        "insurances": "v0",
        "investment-fund-products": "V00",
        "investment-funds": "v0",
        "insurances-catalogs": "v0",
        "insurances-questionnaires": "v0",
        "frequent-operations": "v0",
        "documents": "v0",
        "lifehealth-insurances": "v0",
        "loans": "v1",
        "products": "v0",
        "operations": "V00",
        "transactions": "v1",
        "security": "v1",
        "contacts-book": "v0",
        "customers": "v1",
        "employees": "V00",
        "receivers": "V00",
        "risks": "V00",
        "promotions": "V00",
        "stores": "V00",
        "api-aggregator": "V00",
        "personal-finances-management": "V00",
        "catalogs": "v0",
        "geographic-places": "v2",
        "geographicplaces": "v0",
        "pois": "v0",
        "payments": "v0",
        "transfers": "v0",
        "mobiles": "V00",
        "risks-profitabilities": "V00",
        "devices": "v0",
        "notifications": "v0",
        "operation-registries": "V00",
        "campaigns": "v1",
        "credentials-lifecycle": "V00",
        "branches": "v1",
        "loyalty": "v0",
        "pockets": "v1",
        "reloads": "v0",
        "claims": "v1",
        "documents-identification": "v0",
        "documents-verifications": "v1",
        "contracts": "v0",
        "insurances-contracts": "v0",
        "private-banking-portfolios": "v0",
        "transaction-claims": "v1",
        "banxico": "v0",
        "morpho": "v0",
        "financial-overview": "v0",
        "exchangeRates": "v0",
        "contingencyCampaigns": "V01",
        "consumerLoans": "V03",
        "INEOperations": "V02",
        "digital-appointments": "v0"
      }
    }
  },
  "PRE_PROD": {
    "data": {
      "apiVersion": {
        "accounts": "v1",
        "app-settings": "v0",
        "avaya": "v0",
        "business-documents": "v0",
        "cards": "v0",
        "cards-mgt": "v1",
        "customer-services": "v0",
        "deposits": "v1",
        "exchange-rates": "V00",
        "insurances": "v0",
        "investment-fund-products": "V00",
        "investment-funds": "v0",
        "insurances-catalogs": "v0",
        "insurances-questionnaires": "v0",
        "frequent-operations": "v0",
        "documents": "v0",
        "lifehealth-insurances": "v0",
        "loans": "v1",
        "products": "v0",
        "operations": "V00",
        "transactions": "v1",
        "security": "v1",
        "contacts-book": "v0",
        "customers": "v1",
        "employees": "V00",
        "receivers": "V00",
        "risks": "V00",
        "promotions": "V00",
        "stores": "V00",
        "api-aggregator": "V00",
        "personal-finances-management": "V00",
        "catalogs": "V00",
        "geographic-places": "v2",
        "geographicplaces": "v0",
        "pois": "v0",
        "payments": "v0",
        "transfers": "v0",
        "mobiles": "V00",
        "risks-profitabilities": "V00",
        "devices": "v0",
        "notifications": "v0",
        "operation-registries": "V00",
        "campaigns": "v1",
        "credentials-lifecycle": "V00",
        "branches": "v1",
        "loyalty": "v0",
        "pockets": "v1",
        "reloads": "v0",
        "claims": "v1",
        "documents-identification": "v0",
        "documents-verifications": "v1",
        "contracts": "v0",
        "insurances-contracts": "v0",
        "private-banking-portfolios": "v0",
        "transaction-claims": "v1",
        "banxico": "v0",
        "morpho": "v0",
        "financial-overview": "v0",
        "exchangeRates": "v0",
        "contingencyCampaigns": "V01",
        "consumerLoans": "V03",
        "INEOperations": "V02",
        "digital-appointments": "v0"
      }
    }
  },
  "PROD": {
    "data": {
      "apiVersion": {
        "accounts": "v1",
        "app-settings": "v0",
        "avaya": "v0",
        "business-documents": "v0",
        "cards": "v0",
        "cards-mgt": "v1",
        "customer-services": "v0",
        "deposits": "v1",
        "exchange-rates": "V00",
        "insurances": "v0",
        "investment-fund-products": "V00",
        "investment-funds": "v0",
        "insurances-catalogs": "v0",
        "insurances-questionnaires": "v0",
        "frequent-operations": "v0",
        "documents": "v0",
        "lifehealth-insurances": "v0",
        "loans": "v1",
        "products": "v0",
        "operations": "V00",
        "transactions": "v1",
        "security": "v1",
        "contacts-book": "v0",
        "customers": "v1",
        "employees": "V00",
        "receivers": "V00",
        "risks": "V00",
        "promotions": "V00",
        "stores": "V00",
        "api-aggregator": "V00",
        "personal-finances-management": "V00",
        "catalogs": "V00",
        "geographic-places": "v2",
        "geographicplaces": "v0",
        "pois": "v0",
        "payments": "v0",
        "transfers": "v0",
        "mobiles": "V00",
        "risks-profitabilities": "V00",
        "devices": "v0",
        "notifications": "v0",
        "operation-registries": "V00",
        "campaigns": "v1",
        "credentials-lifecycle": "V00",
        "branches": "v1",
        "loyalty": "v0",
        "pockets": "v1",
        "reloads": "v0",
        "claims": "v1",
        "documents-identification": "v0",
        "documents-verifications": "v1",
        "contracts": "v0",
        "insurances-contracts": "v0",
        "private-banking-portfolios": "v0",
        "transaction-claims": "v1",
        "banxico": "v0",
        "morpho": "v0",
        "financial-overview": "v0",
        "exchangeRates": "v0",
        "contingencyCampaigns": "V01",
        "consumerLoans": "V03",
        "INEOperations": "V02",
        "digital-appointments": "v0"
      }
    }
  }
}
