{
    "data":[
        {
            "image":
            {
                "name":"avatar_CAMPAIGN0PGR-OF",
                "id":"NKCQ02V6DV95E5ZK7JMVMG6M84XT7Q0354QNR03HHT3Q9YXDR4Z9A5VRAZJ7N0TS7GMRDZWRQM18P","url":"https://archivingbbva.axtel.mx:443/v2/documents/logo?key=avatar_CAMPAIGN0PGR-OF"
            },
            "product":
            {
                "id":"0PGR",
                "productType":
                {
                    "name":"DEPOSITS",
                    "id":"DEPOSITS"
                }
            },
            "amounts":[
                {
                    "amount":"2000.0",
                    "currency":"MXN"
                }
            ],
            "name":"INVERSION A PLAZOS",
            "description":"Con Pagaré, tu dinero seguro crece. Invierte hoy mismo. Comienza desde",
            "id":"DEPOSIT_CONTRACTING",
            "priority":0
        }
    ]
}
