{
    "data": [
        {
            "customerId": "xAWpPDOTwgWyNEH9dyZ2DQ",
            "firstName": "WOO",
            "lastName": "UNO MTP",
            "birthData": {
                "birthDate": "1992-11-16"
            },
            "nationalities": [
                {
                    "id": "MEX",
                    "name": "MEXICO"
                }
            ],
            "identityDocuments": [
                {
                    "documentType": {
                        "id": "MILITARY",
                        "name": "Cartilla Militar"
                    },
                    "expirationDate": "2025-11-07",
                    "documentNumber": "2321321322201"
                }
            ],
            "membershipDate": "2017-11-16",
            "personalTitle": {
                "id": "MR",
                "name": "Título personal de un hombre"
            },
            "maritalStatus": {
                "id": "SINGLE",
                "name": "SOLTERO/A"
            },
            "gender": {
                "id": "MALE",
                "description": "MASCULINO"
            },
            "bank": {
                "bankId": "40012",
                "name": "BBVA BANCOMER"
            },
            "residence": {
                "country": {
                    "id": "MEX",
                    "name": "MEXICO"
                }
            },
            "indicators": [
                {
                    "indicatorId": "ARCO",
                    "name": "Indica si el cliente que ejerce sus derechos ARCO, solicitan la suspensión del tratamiento de sus datos personales para todos los fines distintos de los necesarios para el cumplimiento de la relación jurídica",
                    "isActive": false
                },
                {
                    "indicatorId": "PAYROLL",
                    "name": " Indica si el cliente tiene una nómina",
                    "isActive": false
                },
                {
                    "indicatorId": "EMPLOYEE",
                    "name": "Indica si el cliente es empleado del banco",
                    "isActive": false
                },
                {
                    "indicatorId": "ACTIVE_BIOMETRIC_ENROLLMENT",
                    "name": "Indica si el cliente tiene activado enrolamiento biométrico",
                    "isActive": false
                },
                {
                    "indicatorId": "DIGITAL_FIRM",
                    "name": "Indica si el cliente tiene una firma digital",
                    "isActive": false
                },
                {
                    "indicatorId": "BIOMETRIC_ENROLLMENT",
                    "name": "Indicador si el cliente puede enrolar un biometrico",
                    "isActive": false
                },
                {
                    "indicatorId": "REMOTE_MANAGER",
                    "name": "Indica si el cliente contrata un servicio que consiste en tener a alguien fisico o de forma remota que le ayuda a realizar las operaciones requeridas",
                    "isActive": false
                },
                {
                    "indicatorId": "BANKER_ASSOCIATED",
                    "name": " Indica si el cliente tiene un banquero físico asociado disponible para realizar las operaciones bancarias requeridas",
                    "isActive": false
                }
            ],
            "newNotificationsNumber": 0,
            "classifications": [
                {
                    "classificationId": "F32",
                    "name": "PERSONAS FISICAS",
                    "segments": [
                        {
                            "id": "S1"
                        }
                    ]
                }
            ]
        }
    ]
}
