{
    "SERVICE_PAYMENT" : "billPay",
    "TRANSFER" : "transfers",
    "TRANSFER_FROM_CARD_TO_ACCOUNT" : "cashAdvance",
    "CASH_ADVANCE" : "cashAdvance",
    "TAX_PAYMENT" : "taxPay",
    "CREDIT_CARD_DEBT_PAYMENT" : "cardPay",
    "CREDIT_ACCOUNT_DEBT_PAYMENT" : "creditAccountPayment",
    "MOBILE_TOP_UP" : "mobileTopUp",
    "MOBILE_WALLET_TOP_UP" : "mobileWalletTopUp",
    "MOBILE_TRANSFER" : "cardlessWithdrawal",
    "CURRENCY_EXCHANGE" : "",
    "ASSOCIATE_MOBILE_PHONE_TO_ACCOUNT" : "associableMobile",
    "DISSOCIATE_MOBILE_PHONE_FROM_ACCOUNT": "associableMobile",
    "NGO_SUPPORT" : "",
    "CARD_TOP_UP" : "giftCardTopUp",
    "CANCEL_CARD" : "",
    "VIEW_SECURITY_DATA" : "",
    "CONTRIBUTE_TO_DEPOSIT" : "",
    "WITHDRAW_FROM_DEPOSIT" : "",
    "CANCEL_DEPOSIT" : "",
    "CONTRIBUTE_TO_FUND" : "",
    "CANCEL_FUND" : "",
    "WITHDRAW_FROM_FUND" : "",
    "CANCEL_LOAN" : "",
    "REDEEM_LOAN" : "",
    "PAY_LOAN_TERM" : "",
    "EDIT_SIMPLE_ACCOUNT_NUMBER" : "editSimpleAccount",
    "EDIT_ALIAS" : "editAlias",
    "CARD_BLOCK" : "permanentCardBlock",
    "CHANGE_ON_OFF_CARD_ACTIVATION" : "temporaryCardBlock",
    "OPPORTUNITIES" : "tabParaMi",
    "PAYROLL_PORTABILITY" : "payrollPortability",
    "ASK_MONEY_QR" : "qrAskMoneyAdvantage",
    "UPGRADE_DOSSIER": "accountUpgrade",
    "PAY_CREDIT_CONSUMER": "payCreditConsumer"
    
}
